session_id,ue_profile,label,event,pcap_path,rrc_path,timestamp,registration_ok,proxy_latency_ms
sw-std-0-run01-20260809T063534,sw-std,0,1,data/raw/0/capture_0_sw-std_sw-std-0-run01-20260809T063534_1.pcap,,2026-08-08T18:35:40.084283+00:00,True,0.578
sw-std-0-run01-20260809T063534,sw-std,0,2,data/raw/0/capture_0_sw-std_sw-std-0-run01-20260809T063534_2.pcap,,2026-08-08T18:35:43.169524+00:00,True,0.909
sw-std-0-run01-20260809T063534,sw-std,0,3,data/raw/0/capture_0_sw-std_sw-std-0-run01-20260809T063534_3.pcap,,2026-08-08T18:35:46.369622+00:00,True,0.574
sw-std-0-run01-20260809T063534,sw-std,0,4,data/raw/0/capture_0_sw-std_sw-std-0-run01-20260809T063534_4.pcap,,2026-08-08T18:35:49.561175+00:00,True,0.876
sw-std-0-run01-20260809T063534,sw-std,0,5,data/raw/0/capture_0_sw-std_sw-std-0-run01-20260809T063534_5.pcap,,2026-08-08T18:35:52.724748+00:00,True,0.893
sw-std-0-run01-20260809T063534,sw-std,0,6,data/raw/0/capture_0_sw-std_sw-std-0-run01-20260809T063534_6.pcap,,2026-08-08T18:35:55.914821+00:00,True,0.570
sw-std-0-run01-20260809T063534,sw-std,0,7,data/raw/0/capture_0_sw-std_sw-std-0-run01-20260809T063534_7.pcap,,2026-08-08T18:35:59.056822+00:00,True,1.248
sw-std-0-run01-20260809T063534,sw-std,0,8,data/raw/0/capture_0_sw-std_sw-std-0-run01-20260809T063534_8.pcap,,2026-08-08T18:36:02.167260+00:00,True,0.872
sw-std-0-run01-20260809T063534,sw-std,0,9,data/raw/0/capture_0_sw-std_sw-std-0-run01-20260809T063534_9.pcap,,2026-08-08T18:36:05.349668+00:00,True,0.624
sw-std-0-run01-20260809T063534,sw-std,0,10,data/raw/0/capture_0_sw-std_sw-std-0-run01-20260809T063534_10.pcap,,2026-08-08T18:36:08.332702+00:00,True,0.957
sw-std-0-run01-20260809T063534,sw-std,0,11,data/raw/0/capture_0_sw-std_sw-std-0-run01-20260809T063534_11.pcap,,2026-08-08T18:36:11.525389+00:00,True,0.894
sw-std-0-run01-20260809T063534,sw-std,0,12,data/raw/0/capture_0_sw-std_sw-std-0-run01-20260809T063534_12.pcap,,2026-08-08T18:36:14.481178+00:00,True,0.543
sw-std-0-run01-20260809T063534,sw-std,0,13,data/raw/0/capture_0_sw-std_sw-std-0-run01-20260809T063534_13.pcap,,2026-08-08T18:36:17.695360+00:00,True,0.945
sw-std-0-run01-20260809T063534,sw-std,0,14,data/raw/0/capture_0_sw-std_sw-std-0-run01-20260809T063534_14.pcap,,2026-08-08T18:36:20.622943+00:00,True,1.189
sw-std-0-run01-20260809T063534,sw-std,0,15,data/raw/0/capture_0_sw-std_sw-std-0-run01-20260809T063534_15.pcap,,2026-08-08T18:36:23.622813+00:00,True,0.939
sw-std-0-run01-20260809T063534,sw-std,0,16,data/raw/0/capture_0_sw-std_sw-std-0-run01-20260809T063534_16.pcap,,2026-08-08T18:36:26.624673+00:00,True,0.558
sw-std-0-run01-20260809T063534,sw-std,0,17,data/raw/0/capture_0_sw-std_sw-std-0-run01-20260809T063534_17.pcap,,2026-08-08T18:36:29.814047+00:00,True,0.907
sw-std-0-run01-20260809T063534,sw-std,0,18,data/raw/0/capture_0_sw-std_sw-std-0-run01-20260809T063534_18.pcap,,2026-08-08T18:36:33.015081+00:00,True,0.922
sw-std-0-run01-20260809T063534,sw-std,0,19,data/raw/0/capture_0_sw-std_sw-std-0-run01-20260809T063534_19.pcap,,2026-08-08T18:36:35.981099+00:00,True,0.574
sw-std-0-run01-20260809T063534,sw-std,0,20,data/raw/0/capture_0_sw-std_sw-std-0-run01-20260809T063534_20.pcap,,2026-08-08T18:36:39.182740+00:00,True,0.857
sw-std-0-run02-20260809T063534,sw-std,0,1,data/raw/0/capture_0_sw-std_sw-std-0-run02-20260809T063534_1.pcap,,2026-08-08T18:36:42.380258+00:00,True,0.975
sw-std-0-run02-20260809T063534,sw-std,0,2,data/raw/0/capture_0_sw-std_sw-std-0-run02-20260809T063534_2.pcap,,2026-08-08T18:36:45.574906+00:00,True,0.870
sw-std-0-run02-20260809T063534,sw-std,0,3,data/raw/0/capture_0_sw-std_sw-std-0-run02-20260809T063534_3.pcap,,2026-08-08T18:36:48.659037+00:00,True,0.541
sw-std-0-run02-20260809T063534,sw-std,0,4,data/raw/0/capture_0_sw-std_sw-std-0-run02-20260809T063534_4.pcap,,2026-08-08T18:36:51.766876+00:00,True,1.213
sw-std-0-run02-20260809T063534,sw-std,0,5,data/raw/0/capture_0_sw-std_sw-std-0-run02-20260809T063534_5.pcap,,2026-08-08T18:36:54.789384+00:00,True,0.930
sw-std-0-run02-20260809T063534,sw-std,0,6,data/raw/0/capture_0_sw-std_sw-std-0-run02-20260809T063534_6.pcap,,2026-08-08T18:36:57.995136+00:00,True,0.967
sw-std-0-run02-20260809T063534,sw-std,0,7,data/raw/0/capture_0_sw-std_sw-std-0-run02-20260809T063534_7.pcap,,2026-08-08T18:37:01.218563+00:00,True,1.048
sw-std-0-run02-20260809T063534,sw-std,0,8,data/raw/0/capture_0_sw-std_sw-std-0-run02-20260809T063534_8.pcap,,2026-08-08T18:37:04.191639+00:00,True,0.900
sw-std-0-run02-20260809T063534,sw-std,0,9,data/raw/0/capture_0_sw-std_sw-std-0-run02-20260809T063534_9.pcap,,2026-08-08T18:37:07.409319+00:00,True,0.740
sw-std-0-run02-20260809T063534,sw-std,0,10,data/raw/0/capture_0_sw-std_sw-std-0-run02-20260809T063534_10.pcap,,2026-08-08T18:37:10.584698+00:00,True,1.122
sw-std-0-run02-20260809T063534,sw-std,0,11,data/raw/0/capture_0_sw-std_sw-std-0-run02-20260809T063534_11.pcap,,2026-08-08T18:37:13.771039+00:00,True,0.933
sw-std-0-run02-20260809T063534,sw-std,0,12,data/raw/0/capture_0_sw-std_sw-std-0-run02-20260809T063534_12.pcap,,2026-08-08T18:37:16.969275+00:00,True,0.915
sw-std-0-run02-20260809T063534,sw-std,0,13,data/raw/0/capture_0_sw-std_sw-std-0-run02-20260809T063534_13.pcap,,2026-08-08T18:37:20.181227+00:00,True,0.863
sw-std-0-run02-20260809T063534,sw-std,0,14,data/raw/0/capture_0_sw-std_sw-std-0-run02-20260809T063534_14.pcap,,2026-08-08T18:37:23.310676+00:00,True,0.608
sw-std-0-run02-20260809T063534,sw-std,0,15,data/raw/0/capture_0_sw-std_sw-std-0-run02-20260809T063534_15.pcap,,2026-08-08T18:37:26.494907+00:00,True,1.203
sw-std-0-run02-20260809T063534,sw-std,0,16,data/raw/0/capture_0_sw-std_sw-std-0-run02-20260809T063534_16.pcap,,2026-08-08T18:37:29.677450+00:00,True,1.004
sw-std-0-run02-20260809T063534,sw-std,0,17,data/raw/0/capture_0_sw-std_sw-std-0-run02-20260809T063534_17.pcap,,2026-08-08T18:37:32.677664+00:00,True,0.888
sw-std-0-run02-20260809T063534,sw-std,0,18,data/raw/0/capture_0_sw-std_sw-std-0-run02-20260809T063534_18.pcap,,2026-08-08T18:37:35.826303+00:00,True,1.060
sw-std-0-run02-20260809T063534,sw-std,0,19,data/raw/0/capture_0_sw-std_sw-std-0-run02-20260809T063534_19.pcap,,2026-08-08T18:37:38.810459+00:00,True,0.871
sw-std-0-run02-20260809T063534,sw-std,0,20,data/raw/0/capture_0_sw-std_sw-std-0-run02-20260809T063534_20.pcap,,2026-08-08T18:37:41.773672+00:00,True,0.590
sw-std-0-run03-20260809T063534,sw-std,0,1,data/raw/0/capture_0_sw-std_sw-std-0-run03-20260809T063534_1.pcap,,2026-08-08T18:37:44.971859+00:00,True,0.920
sw-std-0-run03-20260809T063534,sw-std,0,2,data/raw/0/capture_0_sw-std_sw-std-0-run03-20260809T063534_2.pcap,,2026-08-08T18:37:48.165880+00:00,True,0.992
sw-std-0-run03-20260809T063534,sw-std,0,3,data/raw/0/capture_0_sw-std_sw-std-0-run03-20260809T063534_3.pcap,,2026-08-08T18:37:51.321793+00:00,True,0.829
sw-std-0-run03-20260809T063534,sw-std,0,4,data/raw/0/capture_0_sw-std_sw-std-0-run03-20260809T063534_4.pcap,,2026-08-08T18:37:54.523138+00:00,True,0.841
sw-std-0-run03-20260809T063534,sw-std,0,5,data/raw/0/capture_0_sw-std_sw-std-0-run03-20260809T063534_5.pcap,,2026-08-08T18:37:57.713307+00:00,True,0.888
sw-std-0-run03-20260809T063534,sw-std,0,6,data/raw/0/capture_0_sw-std_sw-std-0-run03-20260809T063534_6.pcap,,2026-08-08T18:38:00.618907+00:00,True,0.901
sw-std-0-run03-20260809T063534,sw-std,0,7,data/raw/0/capture_0_sw-std_sw-std-0-run03-20260809T063534_7.pcap,,2026-08-08T18:38:03.806614+00:00,True,0.994
sw-std-0-run03-20260809T063534,sw-std,0,8,data/raw/0/capture_0_sw-std_sw-std-0-run03-20260809T063534_8.pcap,,2026-08-08T18:38:06.995257+00:00,True,0.869
sw-std-0-run03-20260809T063534,sw-std,0,9,data/raw/0/capture_0_sw-std_sw-std-0-run03-20260809T063534_9.pcap,,2026-08-08T18:38:10.199009+00:00,True,0.565
sw-std-0-run03-20260809T063534,sw-std,0,10,data/raw/0/capture_0_sw-std_sw-std-0-run03-20260809T063534_10.pcap,,2026-08-08T18:38:13.398506+00:00,True,0.894
sw-std-0-run03-20260809T063534,sw-std,0,11,data/raw/0/capture_0_sw-std_sw-std-0-run03-20260809T063534_11.pcap,,2026-08-08T18:38:16.513509+00:00,True,0.558
sw-std-0-run03-20260809T063534,sw-std,0,12,data/raw/0/capture_0_sw-std_sw-std-0-run03-20260809T063534_12.pcap,,2026-08-08T18:38:19.714824+00:00,True,0.943
sw-std-0-run03-20260809T063534,sw-std,0,13,data/raw/0/capture_0_sw-std_sw-std-0-run03-20260809T063534_13.pcap,,2026-08-08T18:38:22.845507+00:00,True,0.641
sw-std-0-run03-20260809T063534,sw-std,0,14,data/raw/0/capture_0_sw-std_sw-std-0-run03-20260809T063534_14.pcap,,2026-08-08T18:38:26.011156+00:00,True,0.572
sw-std-0-run03-20260809T063534,sw-std,0,15,data/raw/0/capture_0_sw-std_sw-std-0-run03-20260809T063534_15.pcap,,2026-08-08T18:38:29.151262+00:00,True,0.555
sw-std-0-run03-20260809T063534,sw-std,0,16,data/raw/0/capture_0_sw-std_sw-std-0-run03-20260809T063534_16.pcap,,2026-08-08T18:38:32.353897+00:00,True,0.893
sw-std-0-run03-20260809T063534,sw-std,0,17,data/raw/0/capture_0_sw-std_sw-std-0-run03-20260809T063534_17.pcap,,2026-08-08T18:38:35.305156+00:00,True,0.926
sw-std-0-run03-20260809T063534,sw-std,0,18,data/raw/0/capture_0_sw-std_sw-std-0-run03-20260809T063534_18.pcap,,2026-08-08T18:38:38.462943+00:00,True,1.060
sw-std-0-run03-20260809T063534,sw-std,0,19,data/raw/0/capture_0_sw-std_sw-std-0-run03-20260809T063534_19.pcap,,2026-08-08T18:38:41.394768+00:00,True,0.562
sw-std-0-run03-20260809T063534,sw-std,0,20,data/raw/0/capture_0_sw-std_sw-std-0-run03-20260809T063534_20.pcap,,2026-08-08T18:38:44.396662+00:00,True,0.914
sw-std-0-run04-20260809T063534,sw-std,0,1,data/raw/0/capture_0_sw-std_sw-std-0-run04-20260809T063534_1.pcap,,2026-08-08T18:38:47.589742+00:00,True,0.904
sw-std-0-run04-20260809T063534,sw-std,0,2,data/raw/0/capture_0_sw-std_sw-std-0-run04-20260809T063534_2.pcap,,2026-08-08T18:38:50.766388+00:00,True,0.868
sw-std-0-run04-20260809T063534,sw-std,0,3,data/raw/0/capture_0_sw-std_sw-std-0-run04-20260809T063534_3.pcap,,2026-08-08T18:38:53.962005+00:00,True,0.836
sw-std-0-run04-20260809T063534,sw-std,0,4,data/raw/0/capture_0_sw-std_sw-std-0-run04-20260809T063534_4.pcap,,2026-08-08T18:38:57.121551+00:00,True,0.905
sw-std-0-run04-20260809T063534,sw-std,0,5,data/raw/0/capture_0_sw-std_sw-std-0-run04-20260809T063534_5.pcap,,2026-08-08T18:39:00.324874+00:00,True,0.917
sw-std-0-run04-20260809T063534,sw-std,0,6,data/raw/0/capture_0_sw-std_sw-std-0-run04-20260809T063534_6.pcap,,2026-08-08T18:39:03.519163+00:00,True,0.906
sw-std-0-run04-20260809T063534,sw-std,0,7,data/raw/0/capture_0_sw-std_sw-std-0-run04-20260809T063534_7.pcap,,2026-08-08T18:39:06.423301+00:00,True,0.864
sw-std-0-run04-20260809T063534,sw-std,0,8,data/raw/0/capture_0_sw-std_sw-std-0-run04-20260809T063534_8.pcap,,2026-08-08T18:39:09.623667+00:00,True,0.938
sw-std-0-run04-20260809T063534,sw-std,0,9,data/raw/0/capture_0_sw-std_sw-std-0-run04-20260809T063534_9.pcap,,2026-08-08T18:39:12.589279+00:00,True,0.925
sw-std-0-run04-20260809T063534,sw-std,0,10,data/raw/0/capture_0_sw-std_sw-std-0-run04-20260809T063534_10.pcap,,2026-08-08T18:39:15.780957+00:00,True,0.875
sw-std-0-run04-20260809T063534,sw-std,0,11,data/raw/0/capture_0_sw-std_sw-std-0-run04-20260809T063534_11.pcap,,2026-08-08T18:39:18.774040+00:00,True,0.924
sw-std-0-run04-20260809T063534,sw-std,0,12,data/raw/0/capture_0_sw-std_sw-std-0-run04-20260809T063534_12.pcap,,2026-08-08T18:39:21.886576+00:00,True,1.191
sw-std-0-run04-20260809T063534,sw-std,0,13,data/raw/0/capture_0_sw-std_sw-std-0-run04-20260809T063534_13.pcap,,2026-08-08T18:39:25.083638+00:00,True,0.555
sw-std-0-run04-20260809T063534,sw-std,0,14,data/raw/0/capture_0_sw-std_sw-std-0-run04-20260809T063534_14.pcap,,2026-08-08T18:39:28.229833+00:00,True,0.888
sw-std-0-run04-20260809T063534,sw-std,0,15,data/raw/0/capture_0_sw-std_sw-std-0-run04-20260809T063534_15.pcap,,2026-08-08T18:39:31.382609+00:00,True,0.919
sw-std-0-run04-20260809T063534,sw-std,0,16,data/raw/0/capture_0_sw-std_sw-std-0-run04-20260809T063534_16.pcap,,2026-08-08T18:39:34.525302+00:00,True,0.906
sw-std-0-run04-20260809T063534,sw-std,0,17,data/raw/0/capture_0_sw-std_sw-std-0-run04-20260809T063534_17.pcap,,2026-08-08T18:39:37.681482+00:00,True,0.828
sw-std-0-run04-20260809T063534,sw-std,0,18,data/raw/0/capture_0_sw-std_sw-std-0-run04-20260809T063534_18.pcap,,2026-08-08T18:39:40.849926+00:00,True,0.530
sw-std-0-run04-20260809T063534,sw-std,0,19,data/raw/0/capture_0_sw-std_sw-std-0-run04-20260809T063534_19.pcap,,2026-08-08T18:39:44.040932+00:00,True,0.884
sw-std-0-run04-20260809T063534,sw-std,0,20,data/raw/0/capture_0_sw-std_sw-std-0-run04-20260809T063534_20.pcap,,2026-08-08T18:39:47.167133+00:00,True,0.904
sw-std-0-run05-20260809T063534,sw-std,0,1,data/raw/0/capture_0_sw-std_sw-std-0-run05-20260809T063534_1.pcap,,2026-08-08T18:39:50.369248+00:00,True,0.931
sw-std-0-run05-20260809T063534,sw-std,0,2,data/raw/0/capture_0_sw-std_sw-std-0-run05-20260809T063534_2.pcap,,2026-08-08T18:39:53.559030+00:00,True,0.875
sw-std-0-run05-20260809T063534,sw-std,0,3,data/raw/0/capture_0_sw-std_sw-std-0-run05-20260809T063534_3.pcap,,2026-08-08T18:39:56.700803+00:00,True,0.902
sw-std-0-run05-20260809T063534,sw-std,0,4,data/raw/0/capture_0_sw-std_sw-std-0-run05-20260809T063534_4.pcap,,2026-08-08T18:39:59.897696+00:00,True,0.877
sw-std-0-run05-20260809T063534,sw-std,0,5,data/raw/0/capture_0_sw-std_sw-std-0-run05-20260809T063534_5.pcap,,2026-08-08T18:40:03.032297+00:00,True,0.550
sw-std-0-run05-20260809T063534,sw-std,0,6,data/raw/0/capture_0_sw-std_sw-std-0-run05-20260809T063534_6.pcap,,2026-08-08T18:40:06.182629+00:00,True,0.580
sw-std-0-run05-20260809T063534,sw-std,0,7,data/raw/0/capture_0_sw-std_sw-std-0-run05-20260809T063534_7.pcap,,2026-08-08T18:40:09.425587+00:00,True,0.839
sw-std-0-run05-20260809T063534,sw-std,0,8,data/raw/0/capture_0_sw-std_sw-std-0-run05-20260809T063534_8.pcap,,2026-08-08T18:40:12.552861+00:00,True,0.943
sw-std-0-run05-20260809T063534,sw-std,0,9,data/raw/0/capture_0_sw-std_sw-std-0-run05-20260809T063534_9.pcap,,2026-08-08T18:40:15.659293+00:00,True,0.885
sw-std-0-run05-20260809T063534,sw-std,0,10,data/raw/0/capture_0_sw-std_sw-std-0-run05-20260809T063534_10.pcap,,2026-08-08T18:40:18.603885+00:00,True,0.862
sw-std-0-run05-20260809T063534,sw-std,0,11,data/raw/0/capture_0_sw-std_sw-std-0-run05-20260809T063534_11.pcap,,2026-08-08T18:40:21.548037+00:00,True,0.942
sw-std-0-run05-20260809T063534,sw-std,0,12,data/raw/0/capture_0_sw-std_sw-std-0-run05-20260809T063534_12.pcap,,2026-08-08T18:40:24.486277+00:00,True,0.545
sw-std-0-run05-20260809T063534,sw-std,0,13,data/raw/0/capture_0_sw-std_sw-std-0-run05-20260809T063534_13.pcap,,2026-08-08T18:40:27.693341+00:00,True,0.618
sw-std-0-run05-20260809T063534,sw-std,0,14,data/raw/0/capture_0_sw-std_sw-std-0-run05-20260809T063534_14.pcap,,2026-08-08T18:40:30.880769+00:00,True,0.857
sw-std-0-run05-20260809T063534,sw-std,0,15,data/raw/0/capture_0_sw-std_sw-std-0-run05-20260809T063534_15.pcap,,2026-08-08T18:40:34.054189+00:00,True,1.302
sw-std-0-run05-20260809T063534,sw-std,0,16,data/raw/0/capture_0_sw-std_sw-std-0-run05-20260809T063534_16.pcap,,2026-08-08T18:40:37.207012+00:00,True,0.925
sw-std-0-run05-20260809T063534,sw-std,0,17,data/raw/0/capture_0_sw-std_sw-std-0-run05-20260809T063534_17.pcap,,2026-08-08T18:40:40.347431+00:00,True,0.852
sw-std-0-run05-20260809T063534,sw-std,0,18,data/raw/0/capture_0_sw-std_sw-std-0-run05-20260809T063534_18.pcap,,2026-08-08T18:40:43.505025+00:00,True,0.879
sw-std-0-run05-20260809T063534,sw-std,0,19,data/raw/0/capture_0_sw-std_sw-std-0-run05-20260809T063534_19.pcap,,2026-08-08T18:40:46.455072+00:00,True,0.895
sw-std-0-run05-20260809T063534,sw-std,0,20,data/raw/0/capture_0_sw-std_sw-std-0-run05-20260809T063534_20.pcap,,2026-08-08T18:40:49.378054+00:00,True,0.936
sw-std-1-run01-20260809T063534,sw-std,1,1,data/raw/1/capture_1_sw-std_sw-std-1-run01-20260809T063534_1.pcap,,2026-08-08T18:40:56.659030+00:00,True,0.948
sw-std-1-run01-20260809T063534,sw-std,1,2,data/raw/1/capture_1_sw-std_sw-std-1-run01-20260809T063534_2.pcap,,2026-08-08T18:40:59.827067+00:00,True,0.906
sw-std-1-run01-20260809T063534,sw-std,1,3,data/raw/1/capture_1_sw-std_sw-std-1-run01-20260809T063534_3.pcap,,2026-08-08T18:41:03.023352+00:00,True,0.899
sw-std-1-run01-20260809T063534,sw-std,1,4,data/raw/1/capture_1_sw-std_sw-std-1-run01-20260809T063534_4.pcap,,2026-08-08T18:41:06.006967+00:00,True,0.955
sw-std-1-run01-20260809T063534,sw-std,1,5,data/raw/1/capture_1_sw-std_sw-std-1-run01-20260809T063534_5.pcap,,2026-08-08T18:41:09.157521+00:00,True,0.925
sw-std-1-run01-20260809T063534,sw-std,1,6,data/raw/1/capture_1_sw-std_sw-std-1-run01-20260809T063534_6.pcap,,2026-08-08T18:41:12.283191+00:00,True,0.981
sw-std-1-run01-20260809T063534,sw-std,1,7,data/raw/1/capture_1_sw-std_sw-std-1-run01-20260809T063534_7.pcap,,2026-08-08T18:41:15.426972+00:00,True,0.906
sw-std-1-run01-20260809T063534,sw-std,1,8,data/raw/1/capture_1_sw-std_sw-std-1-run01-20260809T063534_8.pcap,,2026-08-08T18:41:18.562327+00:00,True,0.723
sw-std-1-run01-20260809T063534,sw-std,1,9,data/raw/1/capture_1_sw-std_sw-std-1-run01-20260809T063534_9.pcap,,2026-08-08T18:41:21.553963+00:00,True,0.574
sw-std-1-run01-20260809T063534,sw-std,1,10,data/raw/1/capture_1_sw-std_sw-std-1-run01-20260809T063534_10.pcap,,2026-08-08T18:41:24.494526+00:00,True,0.546
sw-std-1-run01-20260809T063534,sw-std,1,11,data/raw/1/capture_1_sw-std_sw-std-1-run01-20260809T063534_11.pcap,,2026-08-08T18:41:27.439006+00:00,True,1.244
sw-std-1-run01-20260809T063534,sw-std,1,12,data/raw/1/capture_1_sw-std_sw-std-1-run01-20260809T063534_12.pcap,,2026-08-08T18:41:30.631353+00:00,True,0.913
sw-std-1-run01-20260809T063534,sw-std,1,13,data/raw/1/capture_1_sw-std_sw-std-1-run01-20260809T063534_13.pcap,,2026-08-08T18:41:33.783142+00:00,True,0.893
sw-std-1-run01-20260809T063534,sw-std,1,14,data/raw/1/capture_1_sw-std_sw-std-1-run01-20260809T063534_14.pcap,,2026-08-08T18:41:36.698849+00:00,True,0.887
sw-std-1-run01-20260809T063534,sw-std,1,15,data/raw/1/capture_1_sw-std_sw-std-1-run01-20260809T063534_15.pcap,,2026-08-08T18:41:39.887197+00:00,True,0.920
sw-std-1-run01-20260809T063534,sw-std,1,16,data/raw/1/capture_1_sw-std_sw-std-1-run01-20260809T063534_16.pcap,,2026-08-08T18:41:43.094519+00:00,True,0.897
sw-std-1-run01-20260809T063534,sw-std,1,17,data/raw/1/capture_1_sw-std_sw-std-1-run01-20260809T063534_17.pcap,,2026-08-08T18:41:46.264899+00:00,True,0.576
sw-std-1-run01-20260809T063534,sw-std,1,18,data/raw/1/capture_1_sw-std_sw-std-1-run01-20260809T063534_18.pcap,,2026-08-08T18:41:49.394119+00:00,True,0.896
sw-std-1-run01-20260809T063534,sw-std,1,19,data/raw/1/capture_1_sw-std_sw-std-1-run01-20260809T063534_19.pcap,,2026-08-08T18:41:52.543582+00:00,True,0.894
sw-std-1-run01-20260809T063534,sw-std,1,20,data/raw/1/capture_1_sw-std_sw-std-1-run01-20260809T063534_20.pcap,,2026-08-08T18:41:55.698085+00:00,True,0.589
sw-std-1-run02-20260809T063534,sw-std,1,1,data/raw/1/capture_1_sw-std_sw-std-1-run02-20260809T063534_1.pcap,,2026-08-08T18:41:58.889708+00:00,True,0.890
sw-std-1-run02-20260809T063534,sw-std,1,2,data/raw/1/capture_1_sw-std_sw-std-1-run02-20260809T063534_2.pcap,,2026-08-08T18:42:02.004553+00:00,True,1.633
sw-std-1-run02-20260809T063534,sw-std,1,3,data/raw/1/capture_1_sw-std_sw-std-1-run02-20260809T063534_3.pcap,,2026-08-08T18:42:05.194882+00:00,True,0.873
sw-std-1-run02-20260809T063534,sw-std,1,4,data/raw/1/capture_1_sw-std_sw-std-1-run02-20260809T063534_4.pcap,,2026-08-08T18:42:08.364457+00:00,True,0.986
sw-std-1-run02-20260809T063534,sw-std,1,5,data/raw/1/capture_1_sw-std_sw-std-1-run02-20260809T063534_5.pcap,,2026-08-08T18:42:11.334937+00:00,True,0.973
sw-std-1-run02-20260809T063534,sw-std,1,6,data/raw/1/capture_1_sw-std_sw-std-1-run02-20260809T063534_6.pcap,,2026-08-08T18:42:14.490138+00:00,True,1.326
sw-std-1-run02-20260809T063534,sw-std,1,7,data/raw/1/capture_1_sw-std_sw-std-1-run02-20260809T063534_7.pcap,,2026-08-08T18:42:17.650117+00:00,True,0.948
sw-std-1-run02-20260809T063534,sw-std,1,8,data/raw/1/capture_1_sw-std_sw-std-1-run02-20260809T063534_8.pcap,,2026-08-08T18:42:20.799255+00:00,True,1.226
sw-std-1-run02-20260809T063534,sw-std,1,9,data/raw/1/capture_1_sw-std_sw-std-1-run02-20260809T063534_9.pcap,,2026-08-08T18:42:23.797384+00:00,True,0.546
sw-std-1-run02-20260809T063534,sw-std,1,10,data/raw/1/capture_1_sw-std_sw-std-1-run02-20260809T063534_10.pcap,,2026-08-08T18:42:26.953468+00:00,True,0.912
sw-std-1-run02-20260809T063534,sw-std,1,11,data/raw/1/capture_1_sw-std_sw-std-1-run02-20260809T063534_11.pcap,,2026-08-08T18:42:30.104502+00:00,True,0.930
sw-std-1-run02-20260809T063534,sw-std,1,12,data/raw/1/capture_1_sw-std_sw-std-1-run02-20260809T063534_12.pcap,,2026-08-08T18:42:33.182677+00:00,True,0.567
sw-std-1-run02-20260809T063534,sw-std,1,13,data/raw/1/capture_1_sw-std_sw-std-1-run02-20260809T063534_13.pcap,,2026-08-08T18:42:36.180770+00:00,True,0.913
sw-std-1-run02-20260809T063534,sw-std,1,14,data/raw/1/capture_1_sw-std_sw-std-1-run02-20260809T063534_14.pcap,,2026-08-08T18:42:39.130205+00:00,True,0.538
sw-std-1-run02-20260809T063534,sw-std,1,15,data/raw/1/capture_1_sw-std_sw-std-1-run02-20260809T063534_15.pcap,,2026-08-08T18:42:42.249785+00:00,True,1.027
sw-std-1-run02-20260809T063534,sw-std,1,16,data/raw/1/capture_1_sw-std_sw-std-1-run02-20260809T063534_16.pcap,,2026-08-08T18:42:45.449117+00:00,True,0.938
sw-std-1-run02-20260809T063534,sw-std,1,17,data/raw/1/capture_1_sw-std_sw-std-1-run02-20260809T063534_17.pcap,,2026-08-08T18:42:48.638176+00:00,True,0.909
sw-std-1-run02-20260809T063534,sw-std,1,18,data/raw/1/capture_1_sw-std_sw-std-1-run02-20260809T063534_18.pcap,,2026-08-08T18:42:51.770782+00:00,True,0.676
sw-std-1-run02-20260809T063534,sw-std,1,19,data/raw/1/capture_1_sw-std_sw-std-1-run02-20260809T063534_19.pcap,,2026-08-08T18:42:54.970296+00:00,True,0.972
sw-std-1-run02-20260809T063534,sw-std,1,20,data/raw/1/capture_1_sw-std_sw-std-1-run02-20260809T063534_20.pcap,,2026-08-08T18:42:58.134644+00:00,True,0.602
sw-std-1-run03-20260809T063534,sw-std,1,1,data/raw/1/capture_1_sw-std_sw-std-1-run03-20260809T063534_1.pcap,,2026-08-08T18:43:01.297790+00:00,True,0.928
sw-std-1-run03-20260809T063534,sw-std,1,2,data/raw/1/capture_1_sw-std_sw-std-1-run03-20260809T063534_2.pcap,,2026-08-08T18:43:04.486762+00:00,True,0.874
sw-std-1-run03-20260809T063534,sw-std,1,3,data/raw/1/capture_1_sw-std_sw-std-1-run03-20260809T063534_3.pcap,,2026-08-08T18:43:07.598971+00:00,True,0.898
sw-std-1-run03-20260809T063534,sw-std,1,4,data/raw/1/capture_1_sw-std_sw-std-1-run03-20260809T063534_4.pcap,,2026-08-08T18:43:10.753556+00:00,True,0.859
sw-std-1-run03-20260809T063534,sw-std,1,5,data/raw/1/capture_1_sw-std_sw-std-1-run03-20260809T063534_5.pcap,,2026-08-08T18:43:13.754526+00:00,True,0.888
sw-std-1-run03-20260809T063534,sw-std,1,6,data/raw/1/capture_1_sw-std_sw-std-1-run03-20260809T063534_6.pcap,,2026-08-08T18:43:16.910618+00:00,True,0.582
sw-std-1-run03-20260809T063534,sw-std,1,7,data/raw/1/capture_1_sw-std_sw-std-1-run03-20260809T063534_7.pcap,,2026-08-08T18:43:19.875194+00:00,True,1.027
sw-std-1-run03-20260809T063534,sw-std,1,8,data/raw/1/capture_1_sw-std_sw-std-1-run03-20260809T063534_8.pcap,,2026-08-08T18:43:22.990887+00:00,True,0.935
sw-std-1-run03-20260809T063534,sw-std,1,9,data/raw/1/capture_1_sw-std_sw-std-1-run03-20260809T063534_9.pcap,,2026-08-08T18:43:26.189845+00:00,True,0.542
sw-std-1-run03-20260809T063534,sw-std,1,10,data/raw/1/capture_1_sw-std_sw-std-1-run03-20260809T063534_10.pcap,,2026-08-08T18:43:29.296981+00:00,True,0.944
sw-std-1-run03-20260809T063534,sw-std,1,11,data/raw/1/capture_1_sw-std_sw-std-1-run03-20260809T063534_11.pcap,,2026-08-08T18:43:32.301318+00:00,True,1.092
sw-std-1-run03-20260809T063534,sw-std,1,12,data/raw/1/capture_1_sw-std_sw-std-1-run03-20260809T063534_12.pcap,,2026-08-08T18:43:35.242852+00:00,True,0.589
sw-std-1-run03-20260809T063534,sw-std,1,13,data/raw/1/capture_1_sw-std_sw-std-1-run03-20260809T063534_13.pcap,,2026-08-08T18:43:38.162754+00:00,True,0.894
sw-std-1-run03-20260809T063534,sw-std,1,14,data/raw/1/capture_1_sw-std_sw-std-1-run03-20260809T063534_14.pcap,,2026-08-08T18:43:41.279527+00:00,True,0.577
sw-std-1-run03-20260809T063534,sw-std,1,15,data/raw/1/capture_1_sw-std_sw-std-1-run03-20260809T063534_15.pcap,,2026-08-08T18:43:44.482735+00:00,True,0.553
sw-std-1-run03-20260809T063534,sw-std,1,16,data/raw/1/capture_1_sw-std_sw-std-1-run03-20260809T063534_16.pcap,,2026-08-08T18:43:47.608232+00:00,True,0.927
sw-std-1-run03-20260809T063534,sw-std,1,17,data/raw/1/capture_1_sw-std_sw-std-1-run03-20260809T063534_17.pcap,,2026-08-08T18:43:50.619157+00:00,True,0.892
sw-std-1-run03-20260809T063534,sw-std,1,18,data/raw/1/capture_1_sw-std_sw-std-1-run03-20260809T063534_18.pcap,,2026-08-08T18:43:53.814918+00:00,True,0.914
sw-std-1-run03-20260809T063534,sw-std,1,19,data/raw/1/capture_1_sw-std_sw-std-1-run03-20260809T063534_19.pcap,,2026-08-08T18:43:56.953982+00:00,True,0.920
sw-std-1-run03-20260809T063534,sw-std,1,20,data/raw/1/capture_1_sw-std_sw-std-1-run03-20260809T063534_20.pcap,,2026-08-08T18:44:00.157524+00:00,True,0.606
sw-std-1-run04-20260809T063534,sw-std,1,1,data/raw/1/capture_1_sw-std_sw-std-1-run04-20260809T063534_1.pcap,,2026-08-08T18:44:03.123475+00:00,True,0.911
sw-std-1-run04-20260809T063534,sw-std,1,2,data/raw/1/capture_1_sw-std_sw-std-1-run04-20260809T063534_2.pcap,,2026-08-08T18:44:06.110777+00:00,True,0.905
sw-std-1-run04-20260809T063534,sw-std,1,3,data/raw/1/capture_1_sw-std_sw-std-1-run04-20260809T063534_3.pcap,,2026-08-08T18:44:09.311022+00:00,True,0.557
sw-std-1-run04-20260809T063534,sw-std,1,4,data/raw/1/capture_1_sw-std_sw-std-1-run04-20260809T063534_4.pcap,,2026-08-08T18:44:12.500232+00:00,True,1.089
sw-std-1-run04-20260809T063534,sw-std,1,5,data/raw/1/capture_1_sw-std_sw-std-1-run04-20260809T063534_5.pcap,,2026-08-08T18:44:15.642663+00:00,True,0.914
sw-std-1-run04-20260809T063534,sw-std,1,6,data/raw/1/capture_1_sw-std_sw-std-1-run04-20260809T063534_6.pcap,,2026-08-08T18:44:18.851076+00:00,True,0.885
sw-std-1-run04-20260809T063534,sw-std,1,7,data/raw/1/capture_1_sw-std_sw-std-1-run04-20260809T063534_7.pcap,,2026-08-08T18:44:21.999093+00:00,True,0.560
sw-std-1-run04-20260809T063534,sw-std,1,8,data/raw/1/capture_1_sw-std_sw-std-1-run04-20260809T063534_8.pcap,,2026-08-08T18:44:25.189588+00:00,True,0.880
sw-std-1-run04-20260809T063534,sw-std,1,9,data/raw/1/capture_1_sw-std_sw-std-1-run04-20260809T063534_9.pcap,,2026-08-08T18:44:28.126819+00:00,True,0.930
sw-std-1-run04-20260809T063534,sw-std,1,10,data/raw/1/capture_1_sw-std_sw-std-1-run04-20260809T063534_10.pcap,,2026-08-08T18:44:31.326840+00:00,True,0.941
sw-std-1-run04-20260809T063534,sw-std,1,11,data/raw/1/capture_1_sw-std_sw-std-1-run04-20260809T063534_11.pcap,,2026-08-08T18:44:34.326602+00:00,True,0.565
sw-std-1-run04-20260809T063534,sw-std,1,12,data/raw/1/capture_1_sw-std_sw-std-1-run04-20260809T063534_12.pcap,,2026-08-08T18:44:37.321589+00:00,True,0.530
sw-std-1-run04-20260809T063534,sw-std,1,13,data/raw/1/capture_1_sw-std_sw-std-1-run04-20260809T063534_13.pcap,,2026-08-08T18:44:40.474762+00:00,True,0.990
sw-std-1-run04-20260809T063534,sw-std,1,14,data/raw/1/capture_1_sw-std_sw-std-1-run04-20260809T063534_14.pcap,,2026-08-08T18:44:43.510764+00:00,True,0.931
sw-std-1-run04-20260809T063534,sw-std,1,15,data/raw/1/capture_1_sw-std_sw-std-1-run04-20260809T063534_15.pcap,,2026-08-08T18:44:46.694823+00:00,True,0.927
sw-std-1-run04-20260809T063534,sw-std,1,16,data/raw/1/capture_1_sw-std_sw-std-1-run04-20260809T063534_16.pcap,,2026-08-08T18:44:49.907678+00:00,True,0.929
sw-std-1-run04-20260809T063534,sw-std,1,17,data/raw/1/capture_1_sw-std_sw-std-1-run04-20260809T063534_17.pcap,,2026-08-08T18:44:53.111258+00:00,True,0.988
sw-std-1-run04-20260809T063534,sw-std,1,18,data/raw/1/capture_1_sw-std_sw-std-1-run04-20260809T063534_18.pcap,,2026-08-08T18:44:56.306240+00:00,True,0.580
sw-std-1-run04-20260809T063534,sw-std,1,19,data/raw/1/capture_1_sw-std_sw-std-1-run04-20260809T063534_19.pcap,,2026-08-08T18:44:59.494842+00:00,True,0.935
sw-std-1-run04-20260809T063534,sw-std,1,20,data/raw/1/capture_1_sw-std_sw-std-1-run04-20260809T063534_20.pcap,,2026-08-08T18:45:02.635236+00:00,True,0.883
sw-std-1-run05-20260809T063534,sw-std,1,1,data/raw/1/capture_1_sw-std_sw-std-1-run05-20260809T063534_1.pcap,,2026-08-08T18:45:05.721754+00:00,True,0.899
sw-std-1-run05-20260809T063534,sw-std,1,2,data/raw/1/capture_1_sw-std_sw-std-1-run05-20260809T063534_2.pcap,,2026-08-08T18:45:08.875241+00:00,True,0.615
sw-std-1-run05-20260809T063534,sw-std,1,3,data/raw/1/capture_1_sw-std_sw-std-1-run05-20260809T063534_3.pcap,,2026-08-08T18:45:12.067227+00:00,True,0.886
sw-std-1-run05-20260809T063534,sw-std,1,4,data/raw/1/capture_1_sw-std_sw-std-1-run05-20260809T063534_4.pcap,,2026-08-08T18:45:15.182851+00:00,True,0.581
sw-std-1-run05-20260809T063534,sw-std,1,5,data/raw/1/capture_1_sw-std_sw-std-1-run05-20260809T063534_5.pcap,,2026-08-08T18:45:18.061584+00:00,True,0.869
sw-std-1-run05-20260809T063534,sw-std,1,6,data/raw/1/capture_1_sw-std_sw-std-1-run05-20260809T063534_6.pcap,,2026-08-08T18:45:21.025936+00:00,True,0.888
sw-std-1-run05-20260809T063534,sw-std,1,7,data/raw/1/capture_1_sw-std_sw-std-1-run05-20260809T063534_7.pcap,,2026-08-08T18:45:24.021802+00:00,True,0.567
sw-std-1-run05-20260809T063534,sw-std,1,8,data/raw/1/capture_1_sw-std_sw-std-1-run05-20260809T063534_8.pcap,,2026-08-08T18:45:27.178624+00:00,True,0.926
sw-std-1-run05-20260809T063534,sw-std,1,9,data/raw/1/capture_1_sw-std_sw-std-1-run05-20260809T063534_9.pcap,,2026-08-08T18:45:30.294968+00:00,True,0.927
sw-std-1-run05-20260809T063534,sw-std,1,10,data/raw/1/capture_1_sw-std_sw-std-1-run05-20260809T063534_10.pcap,,2026-08-08T18:45:33.411067+00:00,True,1.027
sw-std-1-run05-20260809T063534,sw-std,1,11,data/raw/1/capture_1_sw-std_sw-std-1-run05-20260809T063534_11.pcap,,2026-08-08T18:45:36.620929+00:00,True,0.919
sw-std-1-run05-20260809T063534,sw-std,1,12,data/raw/1/capture_1_sw-std_sw-std-1-run05-20260809T063534_12.pcap,,2026-08-08T18:45:39.617546+00:00,True,0.904
sw-std-1-run05-20260809T063534,sw-std,1,13,data/raw/1/capture_1_sw-std_sw-std-1-run05-20260809T063534_13.pcap,,2026-08-08T18:45:42.730902+00:00,True,0.992
sw-std-1-run05-20260809T063534,sw-std,1,14,data/raw/1/capture_1_sw-std_sw-std-1-run05-20260809T063534_14.pcap,,2026-08-08T18:45:45.715148+00:00,True,0.580
sw-std-1-run05-20260809T063534,sw-std,1,15,data/raw/1/capture_1_sw-std_sw-std-1-run05-20260809T063534_15.pcap,,2026-08-08T18:45:48.682980+00:00,True,0.622
sw-std-1-run05-20260809T063534,sw-std,1,16,data/raw/1/capture_1_sw-std_sw-std-1-run05-20260809T063534_16.pcap,,2026-08-08T18:45:51.854126+00:00,True,0.908
sw-std-1-run05-20260809T063534,sw-std,1,17,data/raw/1/capture_1_sw-std_sw-std-1-run05-20260809T063534_17.pcap,,2026-08-08T18:45:55.058735+00:00,True,0.952
sw-std-1-run05-20260809T063534,sw-std,1,18,data/raw/1/capture_1_sw-std_sw-std-1-run05-20260809T063534_18.pcap,,2026-08-08T18:45:58.048448+00:00,True,0.563
sw-std-1-run05-20260809T063534,sw-std,1,19,data/raw/1/capture_1_sw-std_sw-std-1-run05-20260809T063534_19.pcap,,2026-08-08T18:46:01.187504+00:00,True,0.548
sw-std-1-run05-20260809T063534,sw-std,1,20,data/raw/1/capture_1_sw-std_sw-std-1-run05-20260809T063534_20.pcap,,2026-08-08T18:46:04.175187+00:00,True,0.859
sw-std-2-run01-20260809T063534,sw-std,2,1,data/raw/2/capture_2_sw-std_sw-std-2-run01-20260809T063534_1.pcap,,2026-08-08T18:46:11.258473+00:00,True,0.966
sw-std-2-run01-20260809T063534,sw-std,2,2,data/raw/2/capture_2_sw-std_sw-std-2-run01-20260809T063534_2.pcap,,2026-08-08T18:46:14.206515+00:00,True,1.113
sw-std-2-run01-20260809T063534,sw-std,2,3,data/raw/2/capture_2_sw-std_sw-std-2-run01-20260809T063534_3.pcap,,2026-08-08T18:46:17.169177+00:00,True,0.590
sw-std-2-run01-20260809T063534,sw-std,2,4,data/raw/2/capture_2_sw-std_sw-std-2-run01-20260809T063534_4.pcap,,2026-08-08T18:46:20.330155+00:00,True,0.971
sw-std-2-run01-20260809T063534,sw-std,2,5,data/raw/2/capture_2_sw-std_sw-std-2-run01-20260809T063534_5.pcap,,2026-08-08T18:46:23.542152+00:00,True,0.554
sw-std-2-run01-20260809T063534,sw-std,2,6,data/raw/2/capture_2_sw-std_sw-std-2-run01-20260809T063534_6.pcap,,2026-08-08T18:46:26.739120+00:00,True,0.921
sw-std-2-run01-20260809T063534,sw-std,2,7,data/raw/2/capture_2_sw-std_sw-std-2-run01-20260809T063534_7.pcap,,2026-08-08T18:46:29.903093+00:00,True,0.917
sw-std-2-run01-20260809T063534,sw-std,2,8,data/raw/2/capture_2_sw-std_sw-std-2-run01-20260809T063534_8.pcap,,2026-08-08T18:46:33.058048+00:00,True,0.908
sw-std-2-run01-20260809T063534,sw-std,2,9,data/raw/2/capture_2_sw-std_sw-std-2-run01-20260809T063534_9.pcap,,2026-08-08T18:46:36.050086+00:00,True,0.892
sw-std-2-run01-20260809T063534,sw-std,2,10,data/raw/2/capture_2_sw-std_sw-std-2-run01-20260809T063534_10.pcap,,2026-08-08T18:46:39.255137+00:00,True,0.942
sw-std-2-run01-20260809T063534,sw-std,2,11,data/raw/2/capture_2_sw-std_sw-std-2-run01-20260809T063534_11.pcap,,2026-08-08T18:46:42.233809+00:00,True,0.548
sw-std-2-run01-20260809T063534,sw-std,2,12,data/raw/2/capture_2_sw-std_sw-std-2-run01-20260809T063534_12.pcap,,2026-08-08T18:46:45.465909+00:00,True,0.557
sw-std-2-run01-20260809T063534,sw-std,2,13,data/raw/2/capture_2_sw-std_sw-std-2-run01-20260809T063534_13.pcap,,2026-08-08T18:46:48.623289+00:00,True,0.603
sw-std-2-run01-20260809T063534,sw-std,2,14,data/raw/2/capture_2_sw-std_sw-std-2-run01-20260809T063534_14.pcap,,2026-08-08T18:46:51.814968+00:00,True,0.549
sw-std-2-run01-20260809T063534,sw-std,2,15,data/raw/2/capture_2_sw-std_sw-std-2-run01-20260809T063534_15.pcap,,2026-08-08T18:46:54.937470+00:00,True,0.875
sw-std-2-run01-20260809T063534,sw-std,2,16,data/raw/2/capture_2_sw-std_sw-std-2-run01-20260809T063534_16.pcap,,2026-08-08T18:46:58.110890+00:00,True,0.927
sw-std-2-run01-20260809T063534,sw-std,2,17,data/raw/2/capture_2_sw-std_sw-std-2-run01-20260809T063534_17.pcap,,2026-08-08T18:47:01.054349+00:00,True,0.582
sw-std-2-run01-20260809T063534,sw-std,2,18,data/raw/2/capture_2_sw-std_sw-std-2-run01-20260809T063534_18.pcap,,2026-08-08T18:47:04.175868+00:00,True,0.955
sw-std-2-run01-20260809T063534,sw-std,2,19,data/raw/2/capture_2_sw-std_sw-std-2-run01-20260809T063534_19.pcap,,2026-08-08T18:47:07.385278+00:00,True,0.543
sw-std-2-run01-20260809T063534,sw-std,2,20,data/raw/2/capture_2_sw-std_sw-std-2-run01-20260809T063534_20.pcap,,2026-08-08T18:47:10.582093+00:00,True,0.599
sw-std-2-run02-20260809T063534,sw-std,2,1,data/raw/2/capture_2_sw-std_sw-std-2-run02-20260809T063534_1.pcap,,2026-08-08T18:47:13.493655+00:00,True,0.562
sw-std-2-run02-20260809T063534,sw-std,2,2,data/raw/2/capture_2_sw-std_sw-std-2-run02-20260809T063534_2.pcap,,2026-08-08T18:47:16.646251+00:00,True,0.596
sw-std-2-run02-20260809T063534,sw-std,2,3,data/raw/2/capture_2_sw-std_sw-std-2-run02-20260809T063534_3.pcap,,2026-08-08T18:47:19.817412+00:00,True,0.910
sw-std-2-run02-20260809T063534,sw-std,2,4,data/raw/2/capture_2_sw-std_sw-std-2-run02-20260809T063534_4.pcap,,2026-08-08T18:47:23.018208+00:00,True,0.914
sw-std-2-run02-20260809T063534,sw-std,2,5,data/raw/2/capture_2_sw-std_sw-std-2-run02-20260809T063534_5.pcap,,2026-08-08T18:47:26.223775+00:00,True,0.556
sw-std-2-run02-20260809T063534,sw-std,2,6,data/raw/2/capture_2_sw-std_sw-std-2-run02-20260809T063534_6.pcap,,2026-08-08T18:47:29.394558+00:00,True,0.573
sw-std-2-run02-20260809T063534,sw-std,2,7,data/raw/2/capture_2_sw-std_sw-std-2-run02-20260809T063534_7.pcap,,2026-08-08T18:47:32.557271+00:00,True,0.907
sw-std-2-run02-20260809T063534,sw-std,2,8,data/raw/2/capture_2_sw-std_sw-std-2-run02-20260809T063534_8.pcap,,2026-08-08T18:47:35.691003+00:00,True,0.576
sw-std-2-run02-20260809T063534,sw-std,2,9,data/raw/2/capture_2_sw-std_sw-std-2-run02-20260809T063534_9.pcap,,2026-08-08T18:47:38.809720+00:00,True,0.937
sw-std-2-run02-20260809T063534,sw-std,2,10,data/raw/2/capture_2_sw-std_sw-std-2-run02-20260809T063534_10.pcap,,2026-08-08T18:47:41.917569+00:00,True,0.556
sw-std-2-run02-20260809T063534,sw-std,2,11,data/raw/2/capture_2_sw-std_sw-std-2-run02-20260809T063534_11.pcap,,2026-08-08T18:47:45.121885+00:00,True,1.018
sw-std-2-run02-20260809T063534,sw-std,2,12,data/raw/2/capture_2_sw-std_sw-std-2-run02-20260809T063534_12.pcap,,2026-08-08T18:47:48.319269+00:00,True,0.893
sw-std-2-run02-20260809T063534,sw-std,2,13,data/raw/2/capture_2_sw-std_sw-std-2-run02-20260809T063534_13.pcap,,2026-08-08T18:47:51.327710+00:00,True,0.890
sw-std-2-run02-20260809T063534,sw-std,2,14,data/raw/2/capture_2_sw-std_sw-std-2-run02-20260809T063534_14.pcap,,2026-08-08T18:47:54.439578+00:00,True,0.924
sw-std-2-run02-20260809T063534,sw-std,2,15,data/raw/2/capture_2_sw-std_sw-std-2-run02-20260809T063534_15.pcap,,2026-08-08T18:47:57.582484+00:00,True,0.579
sw-std-2-run02-20260809T063534,sw-std,2,16,data/raw/2/capture_2_sw-std_sw-std-2-run02-20260809T063534_16.pcap,,2026-08-08T18:48:00.751094+00:00,True,0.586
sw-std-2-run02-20260809T063534,sw-std,2,17,data/raw/2/capture_2_sw-std_sw-std-2-run02-20260809T063534_17.pcap,,2026-08-08T18:48:03.884262+00:00,True,0.880
sw-std-2-run02-20260809T063534,sw-std,2,18,data/raw/2/capture_2_sw-std_sw-std-2-run02-20260809T063534_18.pcap,,2026-08-08T18:48:06.797932+00:00,True,1.204
sw-std-2-run02-20260809T063534,sw-std,2,19,data/raw/2/capture_2_sw-std_sw-std-2-run02-20260809T063534_19.pcap,,2026-08-08T18:48:09.977581+00:00,True,0.884
sw-std-2-run02-20260809T063534,sw-std,2,20,data/raw/2/capture_2_sw-std_sw-std-2-run02-20260809T063534_20.pcap,,2026-08-08T18:48:13.098548+00:00,True,0.645
sw-std-2-run03-20260809T063534,sw-std,2,1,data/raw/2/capture_2_sw-std_sw-std-2-run03-20260809T063534_1.pcap,,2026-08-08T18:48:16.036528+00:00,True,1.033
sw-std-2-run03-20260809T063534,sw-std,2,2,data/raw/2/capture_2_sw-std_sw-std-2-run03-20260809T063534_2.pcap,,2026-08-08T18:48:18.974625+00:00,True,0.577
sw-std-2-run03-20260809T063534,sw-std,2,3,data/raw/2/capture_2_sw-std_sw-std-2-run03-20260809T063534_3.pcap,,2026-08-08T18:48:22.232868+00:00,True,0.974
sw-std-2-run03-20260809T063534,sw-std,2,4,data/raw/2/capture_2_sw-std_sw-std-2-run03-20260809T063534_4.pcap,,2026-08-08T18:48:25.395156+00:00,True,0.914
sw-std-2-run03-20260809T063534,sw-std,2,5,data/raw/2/capture_2_sw-std_sw-std-2-run03-20260809T063534_5.pcap,,2026-08-08T18:48:28.592904+00:00,True,0.947
sw-std-2-run03-20260809T063534,sw-std,2,6,data/raw/2/capture_2_sw-std_sw-std-2-run03-20260809T063534_6.pcap,,2026-08-08T18:48:31.740351+00:00,True,0.969
sw-std-2-run03-20260809T063534,sw-std,2,7,data/raw/2/capture_2_sw-std_sw-std-2-run03-20260809T063534_7.pcap,,2026-08-08T18:48:34.945944+00:00,True,0.911
sw-std-2-run03-20260809T063534,sw-std,2,8,data/raw/2/capture_2_sw-std_sw-std-2-run03-20260809T063534_8.pcap,,2026-08-08T18:48:38.109242+00:00,True,0.553
sw-std-2-run03-20260809T063534,sw-std,2,9,data/raw/2/capture_2_sw-std_sw-std-2-run03-20260809T063534_9.pcap,,2026-08-08T18:48:41.265516+00:00,True,0.611
sw-std-2-run03-20260809T063534,sw-std,2,10,data/raw/2/capture_2_sw-std_sw-std-2-run03-20260809T063534_10.pcap,,2026-08-08T18:48:44.422108+00:00,True,0.910
sw-std-2-run03-20260809T063534,sw-std,2,11,data/raw/2/capture_2_sw-std_sw-std-2-run03-20260809T063534_11.pcap,,2026-08-08T18:48:47.347663+00:00,True,0.562
sw-std-2-run03-20260809T063534,sw-std,2,12,data/raw/2/capture_2_sw-std_sw-std-2-run03-20260809T063534_12.pcap,,2026-08-08T18:48:50.354787+00:00,True,1.373
sw-std-2-run03-20260809T063534,sw-std,2,13,data/raw/2/capture_2_sw-std_sw-std-2-run03-20260809T063534_13.pcap,,2026-08-08T18:48:53.525947+00:00,True,0.971
sw-std-2-run03-20260809T063534,sw-std,2,14,data/raw/2/capture_2_sw-std_sw-std-2-run03-20260809T063534_14.pcap,,2026-08-08T18:48:56.696135+00:00,True,0.566
sw-std-2-run03-20260809T063534,sw-std,2,15,data/raw/2/capture_2_sw-std_sw-std-2-run03-20260809T063534_15.pcap,,2026-08-08T18:48:59.898720+00:00,True,0.955
sw-std-2-run03-20260809T063534,sw-std,2,16,data/raw/2/capture_2_sw-std_sw-std-2-run03-20260809T063534_16.pcap,,2026-08-08T18:49:03.022250+00:00,True,0.902
sw-std-2-run03-20260809T063534,sw-std,2,17,data/raw/2/capture_2_sw-std_sw-std-2-run03-20260809T063534_17.pcap,,2026-08-08T18:49:06.215955+00:00,True,0.934
sw-std-2-run03-20260809T063534,sw-std,2,18,data/raw/2/capture_2_sw-std_sw-std-2-run03-20260809T063534_18.pcap,,2026-08-08T18:49:09.167145+00:00,True,0.957
sw-std-2-run03-20260809T063534,sw-std,2,19,data/raw/2/capture_2_sw-std_sw-std-2-run03-20260809T063534_19.pcap,,2026-08-08T18:49:12.374271+00:00,True,0.928
sw-std-2-run03-20260809T063534,sw-std,2,20,data/raw/2/capture_2_sw-std_sw-std-2-run03-20260809T063534_20.pcap,,2026-08-08T18:49:15.314629+00:00,True,0.562
sw-std-2-run04-20260809T063534,sw-std,2,1,data/raw/2/capture_2_sw-std_sw-std-2-run04-20260809T063534_1.pcap,,2026-08-08T18:49:18.510690+00:00,True,0.961
sw-std-2-run04-20260809T063534,sw-std,2,2,data/raw/2/capture_2_sw-std_sw-std-2-run04-20260809T063534_2.pcap,,2026-08-08T18:49:21.674856+00:00,True,0.911
sw-std-2-run04-20260809T063534,sw-std,2,3,data/raw/2/capture_2_sw-std_sw-std-2-run04-20260809T063534_3.pcap,,2026-08-08T18:49:24.883093+00:00,True,0.548
sw-std-2-run04-20260809T063534,sw-std,2,4,data/raw/2/capture_2_sw-std_sw-std-2-run04-20260809T063534_4.pcap,,2026-08-08T18:49:28.083263+00:00,True,0.634
sw-std-2-run04-20260809T063534,sw-std,2,5,data/raw/2/capture_2_sw-std_sw-std-2-run04-20260809T063534_5.pcap,,2026-08-08T18:49:31.079066+00:00,True,0.994
sw-std-2-run04-20260809T063534,sw-std,2,6,data/raw/2/capture_2_sw-std_sw-std-2-run04-20260809T063534_6.pcap,,2026-08-08T18:49:34.287683+00:00,True,0.866
sw-std-2-run04-20260809T063534,sw-std,2,7,data/raw/2/capture_2_sw-std_sw-std-2-run04-20260809T063534_7.pcap,,2026-08-08T18:49:37.486785+00:00,True,0.923
sw-std-2-run04-20260809T063534,sw-std,2,8,data/raw/2/capture_2_sw-std_sw-std-2-run04-20260809T063534_8.pcap,,2026-08-08T18:49:40.407072+00:00,True,0.901
sw-std-2-run04-20260809T063534,sw-std,2,9,data/raw/2/capture_2_sw-std_sw-std-2-run04-20260809T063534_9.pcap,,2026-08-08T18:49:43.554486+00:00,True,0.880
sw-std-2-run04-20260809T063534,sw-std,2,10,data/raw/2/capture_2_sw-std_sw-std-2-run04-20260809T063534_10.pcap,,2026-08-08T18:49:46.685797+00:00,True,0.547
sw-std-2-run04-20260809T063534,sw-std,2,11,data/raw/2/capture_2_sw-std_sw-std-2-run04-20260809T063534_11.pcap,,2026-08-08T18:49:49.899077+00:00,True,0.961
sw-std-2-run04-20260809T063534,sw-std,2,12,data/raw/2/capture_2_sw-std_sw-std-2-run04-20260809T063534_12.pcap,,2026-08-08T18:49:53.068460+00:00,True,0.952
sw-std-2-run04-20260809T063534,sw-std,2,13,data/raw/2/capture_2_sw-std_sw-std-2-run04-20260809T063534_13.pcap,,2026-08-08T18:49:56.286152+00:00,True,0.925
sw-std-2-run04-20260809T063534,sw-std,2,14,data/raw/2/capture_2_sw-std_sw-std-2-run04-20260809T063534_14.pcap,,2026-08-08T18:49:59.455801+00:00,True,0.991
sw-std-2-run04-20260809T063534,sw-std,2,15,data/raw/2/capture_2_sw-std_sw-std-2-run04-20260809T063534_15.pcap,,2026-08-08T18:50:02.633601+00:00,True,0.926
sw-std-2-run04-20260809T063534,sw-std,2,16,data/raw/2/capture_2_sw-std_sw-std-2-run04-20260809T063534_16.pcap,,2026-08-08T18:50:05.552122+00:00,True,0.622
sw-std-2-run04-20260809T063534,sw-std,2,17,data/raw/2/capture_2_sw-std_sw-std-2-run04-20260809T063534_17.pcap,,2026-08-08T18:50:08.670431+00:00,True,0.915
sw-std-2-run04-20260809T063534,sw-std,2,18,data/raw/2/capture_2_sw-std_sw-std-2-run04-20260809T063534_18.pcap,,2026-08-08T18:50:11.863664+00:00,True,0.937
sw-std-2-run04-20260809T063534,sw-std,2,19,data/raw/2/capture_2_sw-std_sw-std-2-run04-20260809T063534_19.pcap,,2026-08-08T18:50:15.003748+00:00,True,1.108
sw-std-2-run04-20260809T063534,sw-std,2,20,data/raw/2/capture_2_sw-std_sw-std-2-run04-20260809T063534_20.pcap,,2026-08-08T18:50:18.217177+00:00,True,0.939
sw-std-2-run05-20260809T063534,sw-std,2,1,data/raw/2/capture_2_sw-std_sw-std-2-run05-20260809T063534_1.pcap,,2026-08-08T18:50:21.420547+00:00,True,0.929
sw-std-2-run05-20260809T063534,sw-std,2,2,data/raw/2/capture_2_sw-std_sw-std-2-run05-20260809T063534_2.pcap,,2026-08-08T18:50:24.430297+00:00,True,0.874
sw-std-2-run05-20260809T063534,sw-std,2,3,data/raw/2/capture_2_sw-std_sw-std-2-run05-20260809T063534_3.pcap,,2026-08-08T18:50:27.436900+00:00,True,0.552
sw-std-2-run05-20260809T063534,sw-std,2,4,data/raw/2/capture_2_sw-std_sw-std-2-run05-20260809T063534_4.pcap,,2026-08-08T18:50:30.616324+00:00,True,0.601
sw-std-2-run05-20260809T063534,sw-std,2,5,data/raw/2/capture_2_sw-std_sw-std-2-run05-20260809T063534_5.pcap,,2026-08-08T18:50:33.810555+00:00,True,0.890
sw-std-2-run05-20260809T063534,sw-std,2,6,data/raw/2/capture_2_sw-std_sw-std-2-run05-20260809T063534_6.pcap,,2026-08-08T18:50:37.006760+00:00,True,0.929
sw-std-2-run05-20260809T063534,sw-std,2,7,data/raw/2/capture_2_sw-std_sw-std-2-run05-20260809T063534_7.pcap,,2026-08-08T18:50:40.005803+00:00,True,0.931
sw-std-2-run05-20260809T063534,sw-std,2,8,data/raw/2/capture_2_sw-std_sw-std-2-run05-20260809T063534_8.pcap,,2026-08-08T18:50:43.170800+00:00,True,0.973
sw-std-2-run05-20260809T063534,sw-std,2,9,data/raw/2/capture_2_sw-std_sw-std-2-run05-20260809T063534_9.pcap,,2026-08-08T18:50:46.367155+00:00,True,0.904
sw-std-2-run05-20260809T063534,sw-std,2,10,data/raw/2/capture_2_sw-std_sw-std-2-run05-20260809T063534_10.pcap,,2026-08-08T18:50:49.306853+00:00,True,0.940
sw-std-2-run05-20260809T063534,sw-std,2,11,data/raw/2/capture_2_sw-std_sw-std-2-run05-20260809T063534_11.pcap,,2026-08-08T18:50:52.523962+00:00,True,0.908
sw-std-2-run05-20260809T063534,sw-std,2,12,data/raw/2/capture_2_sw-std_sw-std-2-run05-20260809T063534_12.pcap,,2026-08-08T18:50:55.519112+00:00,True,0.552
sw-std-2-run05-20260809T063534,sw-std,2,13,data/raw/2/capture_2_sw-std_sw-std-2-run05-20260809T063534_13.pcap,,2026-08-08T18:50:58.670911+00:00,True,0.964
sw-std-2-run05-20260809T063534,sw-std,2,14,data/raw/2/capture_2_sw-std_sw-std-2-run05-20260809T063534_14.pcap,,2026-08-08T18:51:01.813820+00:00,True,0.899
sw-std-2-run05-20260809T063534,sw-std,2,15,data/raw/2/capture_2_sw-std_sw-std-2-run05-20260809T063534_15.pcap,,2026-08-08T18:51:05.020615+00:00,True,0.913
sw-std-2-run05-20260809T063534,sw-std,2,16,data/raw/2/capture_2_sw-std_sw-std-2-run05-20260809T063534_16.pcap,,2026-08-08T18:51:08.018560+00:00,True,1.225
sw-std-2-run05-20260809T063534,sw-std,2,17,data/raw/2/capture_2_sw-std_sw-std-2-run05-20260809T063534_17.pcap,,2026-08-08T18:51:11.220598+00:00,True,0.555
sw-std-2-run05-20260809T063534,sw-std,2,18,data/raw/2/capture_2_sw-std_sw-std-2-run05-20260809T063534_18.pcap,,2026-08-08T18:51:14.407353+00:00,True,0.881
sw-std-2-run05-20260809T063534,sw-std,2,19,data/raw/2/capture_2_sw-std_sw-std-2-run05-20260809T063534_19.pcap,,2026-08-08T18:51:17.359149+00:00,True,0.933
sw-std-2-run05-20260809T063534,sw-std,2,20,data/raw/2/capture_2_sw-std_sw-std-2-run05-20260809T063534_20.pcap,,2026-08-08T18:51:20.545055+00:00,True,0.923
sw-std-3-run01-20260809T063534,sw-std,3,1,data/raw/3/capture_3_sw-std_sw-std-3-run01-20260809T063534_1.pcap,,2026-08-08T18:51:27.798786+00:00,True,0.916
sw-std-3-run01-20260809T063534,sw-std,3,2,data/raw/3/capture_3_sw-std_sw-std-3-run01-20260809T063534_2.pcap,,2026-08-08T18:51:30.747077+00:00,True,1.036
sw-std-3-run01-20260809T063534,sw-std,3,3,data/raw/3/capture_3_sw-std_sw-std-3-run01-20260809T063534_3.pcap,,2026-08-08T18:51:33.951187+00:00,True,0.951
sw-std-3-run01-20260809T063534,sw-std,3,4,data/raw/3/capture_3_sw-std_sw-std-3-run01-20260809T063534_4.pcap,,2026-08-08T18:51:37.118704+00:00,True,0.552
sw-std-3-run01-20260809T063534,sw-std,3,5,data/raw/3/capture_3_sw-std_sw-std-3-run01-20260809T063534_5.pcap,,2026-08-08T18:51:40.261350+00:00,True,0.973
sw-std-3-run01-20260809T063534,sw-std,3,6,data/raw/3/capture_3_sw-std_sw-std-3-run01-20260809T063534_6.pcap,,2026-08-08T18:51:43.205395+00:00,True,0.579
sw-std-3-run01-20260809T063534,sw-std,3,7,data/raw/3/capture_3_sw-std_sw-std-3-run01-20260809T063534_7.pcap,,2026-08-08T18:51:46.410451+00:00,True,0.918
sw-std-3-run01-20260809T063534,sw-std,3,8,data/raw/3/capture_3_sw-std_sw-std-3-run01-20260809T063534_8.pcap,,2026-08-08T18:51:49.378174+00:00,True,0.931
sw-std-3-run01-20260809T063534,sw-std,3,9,data/raw/3/capture_3_sw-std_sw-std-3-run01-20260809T063534_9.pcap,,2026-08-08T18:51:52.606468+00:00,True,0.930
sw-std-3-run01-20260809T063534,sw-std,3,10,data/raw/3/capture_3_sw-std_sw-std-3-run01-20260809T063534_10.pcap,,2026-08-08T18:51:55.707706+00:00,True,1.005
sw-std-3-run01-20260809T063534,sw-std,3,11,data/raw/3/capture_3_sw-std_sw-std-3-run01-20260809T063534_11.pcap,,2026-08-08T18:51:58.870338+00:00,True,0.927
sw-std-3-run01-20260809T063534,sw-std,3,12,data/raw/3/capture_3_sw-std_sw-std-3-run01-20260809T063534_12.pcap,,2026-08-08T18:52:01.982739+00:00,True,0.902
sw-std-3-run01-20260809T063534,sw-std,3,13,data/raw/3/capture_3_sw-std_sw-std-3-run01-20260809T063534_13.pcap,,2026-08-08T18:52:04.947412+00:00,True,0.584
sw-std-3-run01-20260809T063534,sw-std,3,14,data/raw/3/capture_3_sw-std_sw-std-3-run01-20260809T063534_14.pcap,,2026-08-08T18:52:08.105908+00:00,True,0.542
sw-std-3-run01-20260809T063534,sw-std,3,15,data/raw/3/capture_3_sw-std_sw-std-3-run01-20260809T063534_15.pcap,,2026-08-08T18:52:11.025087+00:00,True,0.925
sw-std-3-run01-20260809T063534,sw-std,3,16,data/raw/3/capture_3_sw-std_sw-std-3-run01-20260809T063534_16.pcap,,2026-08-08T18:52:14.140376+00:00,True,0.890
sw-std-3-run01-20260809T063534,sw-std,3,17,data/raw/3/capture_3_sw-std_sw-std-3-run01-20260809T063534_17.pcap,,2026-08-08T18:52:17.086606+00:00,True,0.925
sw-std-3-run01-20260809T063534,sw-std,3,18,data/raw/3/capture_3_sw-std_sw-std-3-run01-20260809T063534_18.pcap,,2026-08-08T18:52:20.243108+00:00,True,0.923
sw-std-3-run01-20260809T063534,sw-std,3,19,data/raw/3/capture_3_sw-std_sw-std-3-run01-20260809T063534_19.pcap,,2026-08-08T18:52:23.458741+00:00,True,0.560
sw-std-3-run01-20260809T063534,sw-std,3,20,data/raw/3/capture_3_sw-std_sw-std-3-run01-20260809T063534_20.pcap,,2026-08-08T18:52:26.652967+00:00,True,0.895
sw-std-3-run02-20260809T063534,sw-std,3,1,data/raw/3/capture_3_sw-std_sw-std-3-run02-20260809T063534_1.pcap,,2026-08-08T18:52:29.807193+00:00,True,0.894
sw-std-3-run02-20260809T063534,sw-std,3,2,data/raw/3/capture_3_sw-std_sw-std-3-run02-20260809T063534_2.pcap,,2026-08-08T18:52:32.932638+00:00,True,1.757
sw-std-3-run02-20260809T063534,sw-std,3,3,data/raw/3/capture_3_sw-std_sw-std-3-run02-20260809T063534_3.pcap,,2026-08-08T18:52:36.095340+00:00,True,0.897
sw-std-3-run02-20260809T063534,sw-std,3,4,data/raw/3/capture_3_sw-std_sw-std-3-run02-20260809T063534_4.pcap,,2026-08-08T18:52:39.297837+00:00,True,0.559
sw-std-3-run02-20260809T063534,sw-std,3,5,data/raw/3/capture_3_sw-std_sw-std-3-run02-20260809T063534_5.pcap,,2026-08-08T18:52:42.250671+00:00,True,0.918
sw-std-3-run02-20260809T063534,sw-std,3,6,data/raw/3/capture_3_sw-std_sw-std-3-run02-20260809T063534_6.pcap,,2026-08-08T18:52:45.442939+00:00,True,0.993
sw-std-3-run02-20260809T063534,sw-std,3,7,data/raw/3/capture_3_sw-std_sw-std-3-run02-20260809T063534_7.pcap,,2026-08-08T18:52:48.590695+00:00,True,0.902
sw-std-3-run02-20260809T063534,sw-std,3,8,data/raw/3/capture_3_sw-std_sw-std-3-run02-20260809T063534_8.pcap,,2026-08-08T18:52:51.738993+00:00,True,0.584
sw-std-3-run02-20260809T063534,sw-std,3,9,data/raw/3/capture_3_sw-std_sw-std-3-run02-20260809T063534_9.pcap,,2026-08-08T18:52:54.912234+00:00,True,0.898
sw-std-3-run02-20260809T063534,sw-std,3,10,data/raw/3/capture_3_sw-std_sw-std-3-run02-20260809T063534_10.pcap,,2026-08-08T18:52:57.878295+00:00,True,0.944
sw-std-3-run02-20260809T063534,sw-std,3,11,data/raw/3/capture_3_sw-std_sw-std-3-run02-20260809T063534_11.pcap,,2026-08-08T18:53:01.079026+00:00,True,1.210
sw-std-3-run02-20260809T063534,sw-std,3,12,data/raw/3/capture_3_sw-std_sw-std-3-run02-20260809T063534_12.pcap,,2026-08-08T18:53:04.256925+00:00,True,0.571
sw-std-3-run02-20260809T063534,sw-std,3,13,data/raw/3/capture_3_sw-std_sw-std-3-run02-20260809T063534_13.pcap,,2026-08-08T18:53:07.458569+00:00,True,0.910
sw-std-3-run02-20260809T063534,sw-std,3,14,data/raw/3/capture_3_sw-std_sw-std-3-run02-20260809T063534_14.pcap,,2026-08-08T18:53:10.465620+00:00,True,0.727
sw-std-3-run02-20260809T063534,sw-std,3,15,data/raw/3/capture_3_sw-std_sw-std-3-run02-20260809T063534_15.pcap,,2026-08-08T18:53:13.623001+00:00,True,0.910
sw-std-3-run02-20260809T063534,sw-std,3,16,data/raw/3/capture_3_sw-std_sw-std-3-run02-20260809T063534_16.pcap,,2026-08-08T18:53:16.770732+00:00,True,0.888
sw-std-3-run02-20260809T063534,sw-std,3,17,data/raw/3/capture_3_sw-std_sw-std-3-run02-20260809T063534_17.pcap,,2026-08-08T18:53:19.933939+00:00,True,0.942
sw-std-3-run02-20260809T063534,sw-std,3,18,data/raw/3/capture_3_sw-std_sw-std-3-run02-20260809T063534_18.pcap,,2026-08-08T18:53:23.100760+00:00,True,0.571
sw-std-3-run02-20260809T063534,sw-std,3,19,data/raw/3/capture_3_sw-std_sw-std-3-run02-20260809T063534_19.pcap,,2026-08-08T18:53:26.269570+00:00,True,0.912
sw-std-3-run02-20260809T063534,sw-std,3,20,data/raw/3/capture_3_sw-std_sw-std-3-run02-20260809T063534_20.pcap,,2026-08-08T18:53:29.463467+00:00,True,0.959
sw-std-3-run03-20260809T063534,sw-std,3,1,data/raw/3/capture_3_sw-std_sw-std-3-run03-20260809T063534_1.pcap,,2026-08-08T18:53:32.667350+00:00,True,0.556
sw-std-3-run03-20260809T063534,sw-std,3,2,data/raw/3/capture_3_sw-std_sw-std-3-run03-20260809T063534_2.pcap,,2026-08-08T18:53:35.860387+00:00,True,0.566
sw-std-3-run03-20260809T063534,sw-std,3,3,data/raw/3/capture_3_sw-std_sw-std-3-run03-20260809T063534_3.pcap,,2026-08-08T18:53:39.047213+00:00,True,0.894
sw-std-3-run03-20260809T063534,sw-std,3,4,data/raw/3/capture_3_sw-std_sw-std-3-run03-20260809T063534_4.pcap,,2026-08-08T18:53:42.005914+00:00,True,0.915
sw-std-3-run03-20260809T063534,sw-std,3,5,data/raw/3/capture_3_sw-std_sw-std-3-run03-20260809T063534_5.pcap,,2026-08-08T18:53:45.221466+00:00,True,0.606
sw-std-3-run03-20260809T063534,sw-std,3,6,data/raw/3/capture_3_sw-std_sw-std-3-run03-20260809T063534_6.pcap,,2026-08-08T18:53:48.376557+00:00,True,0.954
sw-std-3-run03-20260809T063534,sw-std,3,7,data/raw/3/capture_3_sw-std_sw-std-3-run03-20260809T063534_7.pcap,,2026-08-08T18:53:51.300976+00:00,True,0.921
sw-std-3-run03-20260809T063534,sw-std,3,8,data/raw/3/capture_3_sw-std_sw-std-3-run03-20260809T063534_8.pcap,,2026-08-08T18:53:54.506427+00:00,True,1.189
sw-std-3-run03-20260809T063534,sw-std,3,9,data/raw/3/capture_3_sw-std_sw-std-3-run03-20260809T063534_9.pcap,,2026-08-08T18:53:57.716450+00:00,True,0.905
sw-std-3-run03-20260809T063534,sw-std,3,10,data/raw/3/capture_3_sw-std_sw-std-3-run03-20260809T063534_10.pcap,,2026-08-08T18:54:00.713844+00:00,True,0.558
sw-std-3-run03-20260809T063534,sw-std,3,11,data/raw/3/capture_3_sw-std_sw-std-3-run03-20260809T063534_11.pcap,,2026-08-08T18:54:03.871968+00:00,True,0.929
sw-std-3-run03-20260809T063534,sw-std,3,12,data/raw/3/capture_3_sw-std_sw-std-3-run03-20260809T063534_12.pcap,,2026-08-08T18:54:07.048023+00:00,True,0.546
sw-std-3-run03-20260809T063534,sw-std,3,13,data/raw/3/capture_3_sw-std_sw-std-3-run03-20260809T063534_13.pcap,,2026-08-08T18:54:10.262695+00:00,True,0.908
sw-std-3-run03-20260809T063534,sw-std,3,14,data/raw/3/capture_3_sw-std_sw-std-3-run03-20260809T063534_14.pcap,,2026-08-08T18:54:13.184751+00:00,True,0.920
sw-std-3-run03-20260809T063534,sw-std,3,15,data/raw/3/capture_3_sw-std_sw-std-3-run03-20260809T063534_15.pcap,,2026-08-08T18:54:16.343183+00:00,True,0.918
sw-std-3-run03-20260809T063534,sw-std,3,16,data/raw/3/capture_3_sw-std_sw-std-3-run03-20260809T063534_16.pcap,,2026-08-08T18:54:19.546454+00:00,True,0.714
sw-std-3-run03-20260809T063534,sw-std,3,17,data/raw/3/capture_3_sw-std_sw-std-3-run03-20260809T063534_17.pcap,,2026-08-08T18:54:22.698501+00:00,True,0.600
sw-std-3-run03-20260809T063534,sw-std,3,18,data/raw/3/capture_3_sw-std_sw-std-3-run03-20260809T063534_18.pcap,,2026-08-08T18:54:25.862345+00:00,True,0.934
sw-std-3-run03-20260809T063534,sw-std,3,19,data/raw/3/capture_3_sw-std_sw-std-3-run03-20260809T063534_19.pcap,,2026-08-08T18:54:29.064536+00:00,True,0.562
sw-std-3-run03-20260809T063534,sw-std,3,20,data/raw/3/capture_3_sw-std_sw-std-3-run03-20260809T063534_20.pcap,,2026-08-08T18:54:34.639619+00:00,True,0.555
sw-std-3-run04-20260809T063534,sw-std,3,1,data/raw/3/capture_3_sw-std_sw-std-3-run04-20260809T063534_1.pcap,,2026-08-08T18:54:37.808729+00:00,True,0.925
sw-std-3-run04-20260809T063534,sw-std,3,2,data/raw/3/capture_3_sw-std_sw-std-3-run04-20260809T063534_2.pcap,,2026-08-08T18:54:41.022753+00:00,True,0.918
sw-std-3-run04-20260809T063534,sw-std,3,3,data/raw/3/capture_3_sw-std_sw-std-3-run04-20260809T063534_3.pcap,,2026-08-08T18:54:44.178072+00:00,True,0.938
sw-std-3-run04-20260809T063534,sw-std,3,4,data/raw/3/capture_3_sw-std_sw-std-3-run04-20260809T063534_4.pcap,,2026-08-08T18:54:47.327456+00:00,True,0.901
sw-std-3-run04-20260809T063534,sw-std,3,5,data/raw/3/capture_3_sw-std_sw-std-3-run04-20260809T063534_5.pcap,,2026-08-08T18:54:50.243107+00:00,True,0.870
sw-std-3-run04-20260809T063534,sw-std,3,6,data/raw/3/capture_3_sw-std_sw-std-3-run04-20260809T063534_6.pcap,,2026-08-08T18:54:53.442998+00:00,True,0.865
sw-std-3-run04-20260809T063534,sw-std,3,7,data/raw/3/capture_3_sw-std_sw-std-3-run04-20260809T063534_7.pcap,,2026-08-08T18:54:56.617539+00:00,True,0.544
sw-std-3-run04-20260809T063534,sw-std,3,8,data/raw/3/capture_3_sw-std_sw-std-3-run04-20260809T063534_8.pcap,,2026-08-08T18:54:59.762604+00:00,True,0.589
sw-std-3-run04-20260809T063534,sw-std,3,9,data/raw/3/capture_3_sw-std_sw-std-3-run04-20260809T063534_9.pcap,,2026-08-08T18:55:02.926940+00:00,True,0.910
sw-std-3-run04-20260809T063534,sw-std,3,10,data/raw/3/capture_3_sw-std_sw-std-3-run04-20260809T063534_10.pcap,,2026-08-08T18:55:06.046296+00:00,True,0.918
sw-std-3-run04-20260809T063534,sw-std,3,11,data/raw/3/capture_3_sw-std_sw-std-3-run04-20260809T063534_11.pcap,,2026-08-08T18:55:09.162434+00:00,True,0.981
sw-std-3-run04-20260809T063534,sw-std,3,12,data/raw/3/capture_3_sw-std_sw-std-3-run04-20260809T063534_12.pcap,,2026-08-08T18:55:12.358635+00:00,True,0.914
sw-std-3-run04-20260809T063534,sw-std,3,13,data/raw/3/capture_3_sw-std_sw-std-3-run04-20260809T063534_13.pcap,,2026-08-08T18:55:15.482683+00:00,True,0.907
sw-std-3-run04-20260809T063534,sw-std,3,14,data/raw/3/capture_3_sw-std_sw-std-3-run04-20260809T063534_14.pcap,,2026-08-08T18:55:18.482554+00:00,True,0.928
sw-std-3-run04-20260809T063534,sw-std,3,15,data/raw/3/capture_3_sw-std_sw-std-3-run04-20260809T063534_15.pcap,,2026-08-08T18:55:21.478206+00:00,True,0.913
sw-std-3-run04-20260809T063534,sw-std,3,16,data/raw/3/capture_3_sw-std_sw-std-3-run04-20260809T063534_16.pcap,,2026-08-08T18:55:24.666431+00:00,True,0.908
sw-std-3-run04-20260809T063534,sw-std,3,17,data/raw/3/capture_3_sw-std_sw-std-3-run04-20260809T063534_17.pcap,,2026-08-08T18:55:27.881657+00:00,True,0.877
sw-std-3-run04-20260809T063534,sw-std,3,18,data/raw/3/capture_3_sw-std_sw-std-3-run04-20260809T063534_18.pcap,,2026-08-08T18:55:31.010948+00:00,True,0.879
sw-std-3-run04-20260809T063534,sw-std,3,19,data/raw/3/capture_3_sw-std_sw-std-3-run04-20260809T063534_19.pcap,,2026-08-08T18:55:34.003409+00:00,True,1.215
sw-std-3-run04-20260809T063534,sw-std,3,20,data/raw/3/capture_3_sw-std_sw-std-3-run04-20260809T063534_20.pcap,,2026-08-08T18:55:37.165864+00:00,True,0.552
sw-std-3-run05-20260809T063534,sw-std,3,1,data/raw/3/capture_3_sw-std_sw-std-3-run05-20260809T063534_1.pcap,,2026-08-08T18:55:40.116757+00:00,True,0.908
sw-std-3-run05-20260809T063534,sw-std,3,2,data/raw/3/capture_3_sw-std_sw-std-3-run05-20260809T063534_2.pcap,,2026-08-08T18:55:43.104940+00:00,True,0.622
sw-std-3-run05-20260809T063534,sw-std,3,3,data/raw/3/capture_3_sw-std_sw-std-3-run05-20260809T063534_3.pcap,,2026-08-08T18:55:46.134880+00:00,True,0.932
sw-std-3-run05-20260809T063534,sw-std,3,4,data/raw/3/capture_3_sw-std_sw-std-3-run05-20260809T063534_4.pcap,,2026-08-08T18:55:49.347110+00:00,True,0.585
sw-std-3-run05-20260809T063534,sw-std,3,5,data/raw/3/capture_3_sw-std_sw-std-3-run05-20260809T063534_5.pcap,,2026-08-08T18:55:52.577959+00:00,True,1.007
sw-std-3-run05-20260809T063534,sw-std,3,6,data/raw/3/capture_3_sw-std_sw-std-3-run05-20260809T063534_6.pcap,,2026-08-08T18:55:55.586167+00:00,True,0.855
sw-std-3-run05-20260809T063534,sw-std,3,7,data/raw/3/capture_3_sw-std_sw-std-3-run05-20260809T063534_7.pcap,,2026-08-08T18:55:58.561345+00:00,True,0.890
sw-std-3-run05-20260809T063534,sw-std,3,8,data/raw/3/capture_3_sw-std_sw-std-3-run05-20260809T063534_8.pcap,,2026-08-08T18:56:01.692583+00:00,True,0.885
sw-std-3-run05-20260809T063534,sw-std,3,9,data/raw/3/capture_3_sw-std_sw-std-3-run05-20260809T063534_9.pcap,,2026-08-08T18:56:04.880150+00:00,True,0.941
sw-std-3-run05-20260809T063534,sw-std,3,10,data/raw/3/capture_3_sw-std_sw-std-3-run05-20260809T063534_10.pcap,,2026-08-08T18:56:08.098800+00:00,True,1.120
sw-std-3-run05-20260809T063534,sw-std,3,11,data/raw/3/capture_3_sw-std_sw-std-3-run05-20260809T063534_11.pcap,,2026-08-08T18:56:11.186850+00:00,True,0.903
sw-std-3-run05-20260809T063534,sw-std,3,12,data/raw/3/capture_3_sw-std_sw-std-3-run05-20260809T063534_12.pcap,,2026-08-08T18:56:14.326845+00:00,True,0.855
sw-std-3-run05-20260809T063534,sw-std,3,13,data/raw/3/capture_3_sw-std_sw-std-3-run05-20260809T063534_13.pcap,,2026-08-08T18:56:17.318224+00:00,True,0.895
sw-std-3-run05-20260809T063534,sw-std,3,14,data/raw/3/capture_3_sw-std_sw-std-3-run05-20260809T063534_14.pcap,,2026-08-08T18:56:20.474352+00:00,True,0.914
sw-std-3-run05-20260809T063534,sw-std,3,15,data/raw/3/capture_3_sw-std_sw-std-3-run05-20260809T063534_15.pcap,,2026-08-08T18:56:23.626861+00:00,True,0.959
sw-std-3-run05-20260809T063534,sw-std,3,16,data/raw/3/capture_3_sw-std_sw-std-3-run05-20260809T063534_16.pcap,,2026-08-08T18:56:26.851871+00:00,True,0.920
sw-std-3-run05-20260809T063534,sw-std,3,17,data/raw/3/capture_3_sw-std_sw-std-3-run05-20260809T063534_17.pcap,,2026-08-08T18:56:30.070181+00:00,True,0.889
sw-std-3-run05-20260809T063534,sw-std,3,18,data/raw/3/capture_3_sw-std_sw-std-3-run05-20260809T063534_18.pcap,,2026-08-08T18:56:33.241204+00:00,True,0.979
sw-std-3-run05-20260809T063534,sw-std,3,19,data/raw/3/capture_3_sw-std_sw-std-3-run05-20260809T063534_19.pcap,,2026-08-08T18:56:36.457961+00:00,True,0.573
sw-std-3-run05-20260809T063534,sw-std,3,20,data/raw/3/capture_3_sw-std_sw-std-3-run05-20260809T063534_20.pcap,,2026-08-08T18:56:39.659045+00:00,True,0.950
sw-std-4-run01-20260809T063534,sw-std,4,1,data/raw/4/capture_4_sw-std_sw-std-4-run01-20260809T063534_1.pcap,,2026-08-08T18:56:46.978058+00:00,True,1.003
sw-std-4-run01-20260809T063534,sw-std,4,2,data/raw/4/capture_4_sw-std_sw-std-4-run01-20260809T063534_2.pcap,,2026-08-08T18:56:50.185876+00:00,True,0.931
sw-std-4-run01-20260809T063534,sw-std,4,3,data/raw/4/capture_4_sw-std_sw-std-4-run01-20260809T063534_3.pcap,,2026-08-08T18:56:53.335090+00:00,True,0.948
sw-std-4-run01-20260809T063534,sw-std,4,4,data/raw/4/capture_4_sw-std_sw-std-4-run01-20260809T063534_4.pcap,,2026-08-08T18:56:56.546145+00:00,True,0.867
sw-std-4-run01-20260809T063534,sw-std,4,5,data/raw/4/capture_4_sw-std_sw-std-4-run01-20260809T063534_5.pcap,,2026-08-08T18:56:59.670810+00:00,True,0.982
sw-std-4-run01-20260809T063534,sw-std,4,6,data/raw/4/capture_4_sw-std_sw-std-4-run01-20260809T063534_6.pcap,,2026-08-08T18:57:02.823298+00:00,True,0.856
sw-std-4-run01-20260809T063534,sw-std,4,7,data/raw/4/capture_4_sw-std_sw-std-4-run01-20260809T063534_7.pcap,,2026-08-08T18:57:06.027648+00:00,True,0.965
sw-std-4-run01-20260809T063534,sw-std,4,8,data/raw/4/capture_4_sw-std_sw-std-4-run01-20260809T063534_8.pcap,,2026-08-08T18:57:09.197705+00:00,True,0.917
sw-std-4-run01-20260809T063534,sw-std,4,9,data/raw/4/capture_4_sw-std_sw-std-4-run01-20260809T063534_9.pcap,,2026-08-08T18:57:12.400965+00:00,True,0.940
sw-std-4-run01-20260809T063534,sw-std,4,10,data/raw/4/capture_4_sw-std_sw-std-4-run01-20260809T063534_10.pcap,,2026-08-08T18:57:15.364309+00:00,True,0.538
sw-std-4-run01-20260809T063534,sw-std,4,11,data/raw/4/capture_4_sw-std_sw-std-4-run01-20260809T063534_11.pcap,,2026-08-08T18:57:18.579888+00:00,True,0.861
sw-std-4-run01-20260809T063534,sw-std,4,12,data/raw/4/capture_4_sw-std_sw-std-4-run01-20260809T063534_12.pcap,,2026-08-08T18:57:21.702164+00:00,True,0.885
sw-std-4-run01-20260809T063534,sw-std,4,13,data/raw/4/capture_4_sw-std_sw-std-4-run01-20260809T063534_13.pcap,,2026-08-08T18:57:24.853270+00:00,True,0.863
sw-std-4-run01-20260809T063534,sw-std,4,14,data/raw/4/capture_4_sw-std_sw-std-4-run01-20260809T063534_14.pcap,,2026-08-08T18:57:28.015941+00:00,True,0.956
sw-std-4-run01-20260809T063534,sw-std,4,15,data/raw/4/capture_4_sw-std_sw-std-4-run01-20260809T063534_15.pcap,,2026-08-08T18:57:31.230794+00:00,True,0.923
sw-std-4-run01-20260809T063534,sw-std,4,16,data/raw/4/capture_4_sw-std_sw-std-4-run01-20260809T063534_16.pcap,,2026-08-08T18:57:34.430801+00:00,True,0.944
sw-std-4-run01-20260809T063534,sw-std,4,17,data/raw/4/capture_4_sw-std_sw-std-4-run01-20260809T063534_17.pcap,,2026-08-08T18:57:37.663323+00:00,True,0.931
sw-std-4-run01-20260809T063534,sw-std,4,18,data/raw/4/capture_4_sw-std_sw-std-4-run01-20260809T063534_18.pcap,,2026-08-08T18:57:40.797916+00:00,True,0.999
sw-std-4-run01-20260809T063534,sw-std,4,19,data/raw/4/capture_4_sw-std_sw-std-4-run01-20260809T063534_19.pcap,,2026-08-08T18:57:44.023016+00:00,True,0.934
sw-std-4-run01-20260809T063534,sw-std,4,20,data/raw/4/capture_4_sw-std_sw-std-4-run01-20260809T063534_20.pcap,,2026-08-08T18:57:47.299977+00:00,True,0.934
sw-std-4-run02-20260809T063534,sw-std,4,1,data/raw/4/capture_4_sw-std_sw-std-4-run02-20260809T063534_1.pcap,,2026-08-08T18:57:50.454348+00:00,True,0.897
sw-std-4-run02-20260809T063534,sw-std,4,2,data/raw/4/capture_4_sw-std_sw-std-4-run02-20260809T063534_2.pcap,,2026-08-08T18:57:53.624387+00:00,True,0.933
sw-std-4-run02-20260809T063534,sw-std,4,3,data/raw/4/capture_4_sw-std_sw-std-4-run02-20260809T063534_3.pcap,,2026-08-08T18:57:56.820659+00:00,True,0.968
sw-std-4-run02-20260809T063534,sw-std,4,4,data/raw/4/capture_4_sw-std_sw-std-4-run02-20260809T063534_4.pcap,,2026-08-08T18:57:59.980965+00:00,True,0.541
sw-std-4-run02-20260809T063534,sw-std,4,5,data/raw/4/capture_4_sw-std_sw-std-4-run02-20260809T063534_5.pcap,,2026-08-08T18:58:03.009952+00:00,True,0.939
sw-std-4-run02-20260809T063534,sw-std,4,6,data/raw/4/capture_4_sw-std_sw-std-4-run02-20260809T063534_6.pcap,,2026-08-08T18:58:06.240739+00:00,True,0.890
sw-std-4-run02-20260809T063534,sw-std,4,7,data/raw/4/capture_4_sw-std_sw-std-4-run02-20260809T063534_7.pcap,,2026-08-08T18:58:09.254519+00:00,True,0.606
sw-std-4-run02-20260809T063534,sw-std,4,8,data/raw/4/capture_4_sw-std_sw-std-4-run02-20260809T063534_8.pcap,,2026-08-08T18:58:12.398008+00:00,True,0.988
sw-std-4-run02-20260809T063534,sw-std,4,9,data/raw/4/capture_4_sw-std_sw-std-4-run02-20260809T063534_9.pcap,,2026-08-08T18:58:15.397565+00:00,True,0.905
sw-std-4-run02-20260809T063534,sw-std,4,10,data/raw/4/capture_4_sw-std_sw-std-4-run02-20260809T063534_10.pcap,,2026-08-08T18:58:18.567078+00:00,True,0.861
sw-std-4-run02-20260809T063534,sw-std,4,11,data/raw/4/capture_4_sw-std_sw-std-4-run02-20260809T063534_11.pcap,,2026-08-08T18:58:21.485836+00:00,True,0.556
sw-std-4-run02-20260809T063534,sw-std,4,12,data/raw/4/capture_4_sw-std_sw-std-4-run02-20260809T063534_12.pcap,,2026-08-08T18:58:24.697517+00:00,True,0.849
sw-std-4-run02-20260809T063534,sw-std,4,13,data/raw/4/capture_4_sw-std_sw-std-4-run02-20260809T063534_13.pcap,,2026-08-08T18:58:27.900036+00:00,True,0.975
sw-std-4-run02-20260809T063534,sw-std,4,14,data/raw/4/capture_4_sw-std_sw-std-4-run02-20260809T063534_14.pcap,,2026-08-08T18:58:30.901814+00:00,True,0.585
sw-std-4-run02-20260809T063534,sw-std,4,15,data/raw/4/capture_4_sw-std_sw-std-4-run02-20260809T063534_15.pcap,,2026-08-08T18:58:33.870250+00:00,True,0.581
sw-std-4-run02-20260809T063534,sw-std,4,16,data/raw/4/capture_4_sw-std_sw-std-4-run02-20260809T063534_16.pcap,,2026-08-08T18:58:37.071697+00:00,True,0.890
sw-std-4-run02-20260809T063534,sw-std,4,17,data/raw/4/capture_4_sw-std_sw-std-4-run02-20260809T063534_17.pcap,,2026-08-08T18:58:40.169667+00:00,True,0.568
sw-std-4-run02-20260809T063534,sw-std,4,18,data/raw/4/capture_4_sw-std_sw-std-4-run02-20260809T063534_18.pcap,,2026-08-08T18:58:43.342523+00:00,True,0.553
sw-std-4-run02-20260809T063534,sw-std,4,19,data/raw/4/capture_4_sw-std_sw-std-4-run02-20260809T063534_19.pcap,,2026-08-08T18:58:46.554543+00:00,True,0.910
sw-std-4-run02-20260809T063534,sw-std,4,20,data/raw/4/capture_4_sw-std_sw-std-4-run02-20260809T063534_20.pcap,,2026-08-08T18:58:49.773023+00:00,True,0.555
sw-std-4-run03-20260809T063534,sw-std,4,1,data/raw/4/capture_4_sw-std_sw-std-4-run03-20260809T063534_1.pcap,,2026-08-08T18:58:52.974859+00:00,True,0.977
sw-std-4-run03-20260809T063534,sw-std,4,2,data/raw/4/capture_4_sw-std_sw-std-4-run03-20260809T063534_2.pcap,,2026-08-08T18:58:56.187399+00:00,True,0.889
sw-std-4-run03-20260809T063534,sw-std,4,3,data/raw/4/capture_4_sw-std_sw-std-4-run03-20260809T063534_3.pcap,,2026-08-08T18:58:59.325172+00:00,True,0.570
sw-std-4-run03-20260809T063534,sw-std,4,4,data/raw/4/capture_4_sw-std_sw-std-4-run03-20260809T063534_4.pcap,,2026-08-08T18:59:02.490561+00:00,True,0.569
sw-std-4-run03-20260809T063534,sw-std,4,5,data/raw/4/capture_4_sw-std_sw-std-4-run03-20260809T063534_5.pcap,,2026-08-08T18:59:05.708199+00:00,True,0.898
sw-std-4-run03-20260809T063534,sw-std,4,6,data/raw/4/capture_4_sw-std_sw-std-4-run03-20260809T063534_6.pcap,,2026-08-08T18:59:08.906752+00:00,True,0.566
sw-std-4-run03-20260809T063534,sw-std,4,7,data/raw/4/capture_4_sw-std_sw-std-4-run03-20260809T063534_7.pcap,,2026-08-08T18:59:12.027483+00:00,True,1.034
sw-std-4-run03-20260809T063534,sw-std,4,8,data/raw/4/capture_4_sw-std_sw-std-4-run03-20260809T063534_8.pcap,,2026-08-08T18:59:15.236404+00:00,True,0.593
sw-std-4-run03-20260809T063534,sw-std,4,9,data/raw/4/capture_4_sw-std_sw-std-4-run03-20260809T063534_9.pcap,,2026-08-08T18:59:18.439210+00:00,True,0.888
sw-std-4-run03-20260809T063534,sw-std,4,10,data/raw/4/capture_4_sw-std_sw-std-4-run03-20260809T063534_10.pcap,,2026-08-08T18:59:21.444064+00:00,True,0.922
sw-std-4-run03-20260809T063534,sw-std,4,11,data/raw/4/capture_4_sw-std_sw-std-4-run03-20260809T063534_11.pcap,,2026-08-08T18:59:24.670252+00:00,True,0.945
sw-std-4-run03-20260809T063534,sw-std,4,12,data/raw/4/capture_4_sw-std_sw-std-4-run03-20260809T063534_12.pcap,,2026-08-08T18:59:27.789408+00:00,True,0.946
sw-std-4-run03-20260809T063534,sw-std,4,13,data/raw/4/capture_4_sw-std_sw-std-4-run03-20260809T063534_13.pcap,,2026-08-08T18:59:30.962074+00:00,True,1.140
sw-std-4-run03-20260809T063534,sw-std,4,14,data/raw/4/capture_4_sw-std_sw-std-4-run03-20260809T063534_14.pcap,,2026-08-08T18:59:34.146777+00:00,True,0.860
sw-std-4-run03-20260809T063534,sw-std,4,15,data/raw/4/capture_4_sw-std_sw-std-4-run03-20260809T063534_15.pcap,,2026-08-08T18:59:37.283531+00:00,True,0.589
sw-std-4-run03-20260809T063534,sw-std,4,16,data/raw/4/capture_4_sw-std_sw-std-4-run03-20260809T063534_16.pcap,,2026-08-08T18:59:40.492366+00:00,True,0.974
sw-std-4-run03-20260809T063534,sw-std,4,17,data/raw/4/capture_4_sw-std_sw-std-4-run03-20260809T063534_17.pcap,,2026-08-08T18:59:43.707070+00:00,True,0.894
sw-std-4-run03-20260809T063534,sw-std,4,18,data/raw/4/capture_4_sw-std_sw-std-4-run03-20260809T063534_18.pcap,,2026-08-08T18:59:46.671135+00:00,True,0.877
sw-std-4-run03-20260809T063534,sw-std,4,19,data/raw/4/capture_4_sw-std_sw-std-4-run03-20260809T063534_19.pcap,,2026-08-08T18:59:49.833379+00:00,True,0.868
sw-std-4-run03-20260809T063534,sw-std,4,20,data/raw/4/capture_4_sw-std_sw-std-4-run03-20260809T063534_20.pcap,,2026-08-08T18:59:52.988809+00:00,True,0.940
sw-std-4-run04-20260809T063534,sw-std,4,1,data/raw/4/capture_4_sw-std_sw-std-4-run04-20260809T063534_1.pcap,,2026-08-08T18:59:56.190637+00:00,True,0.907
sw-std-4-run04-20260809T063534,sw-std,4,2,data/raw/4/capture_4_sw-std_sw-std-4-run04-20260809T063534_2.pcap,,2026-08-08T18:59:59.190684+00:00,True,0.856
sw-std-4-run04-20260809T063534,sw-std,4,3,data/raw/4/capture_4_sw-std_sw-std-4-run04-20260809T063534_3.pcap,,2026-08-08T19:00:02.403423+00:00,True,0.603
sw-std-4-run04-20260809T063534,sw-std,4,4,data/raw/4/capture_4_sw-std_sw-std-4-run04-20260809T063534_4.pcap,,2026-08-08T19:00:05.627136+00:00,True,0.887
sw-std-4-run04-20260809T063534,sw-std,4,5,data/raw/4/capture_4_sw-std_sw-std-4-run04-20260809T063534_5.pcap,,2026-08-08T19:00:08.831335+00:00,True,0.931
sw-std-4-run04-20260809T063534,sw-std,4,6,data/raw/4/capture_4_sw-std_sw-std-4-run04-20260809T063534_6.pcap,,2026-08-08T19:00:11.795074+00:00,True,0.901
sw-std-4-run04-20260809T063534,sw-std,4,7,data/raw/4/capture_4_sw-std_sw-std-4-run04-20260809T063534_7.pcap,,2026-08-08T19:00:14.981988+00:00,True,0.939
sw-std-4-run04-20260809T063534,sw-std,4,8,data/raw/4/capture_4_sw-std_sw-std-4-run04-20260809T063534_8.pcap,,2026-08-08T19:00:17.909998+00:00,True,0.577
sw-std-4-run04-20260809T063534,sw-std,4,9,data/raw/4/capture_4_sw-std_sw-std-4-run04-20260809T063534_9.pcap,,2026-08-08T19:00:21.070336+00:00,True,0.940
sw-std-4-run04-20260809T063534,sw-std,4,10,data/raw/4/capture_4_sw-std_sw-std-4-run04-20260809T063534_10.pcap,,2026-08-08T19:00:24.026472+00:00,True,0.977
sw-std-4-run04-20260809T063534,sw-std,4,11,data/raw/4/capture_4_sw-std_sw-std-4-run04-20260809T063534_11.pcap,,2026-08-08T19:00:27.204526+00:00,True,0.950
sw-std-4-run04-20260809T063534,sw-std,4,12,data/raw/4/capture_4_sw-std_sw-std-4-run04-20260809T063534_12.pcap,,2026-08-08T19:00:30.179268+00:00,True,0.587
sw-std-4-run04-20260809T063534,sw-std,4,13,data/raw/4/capture_4_sw-std_sw-std-4-run04-20260809T063534_13.pcap,,2026-08-08T19:00:33.391322+00:00,True,0.571
sw-std-4-run04-20260809T063534,sw-std,4,14,data/raw/4/capture_4_sw-std_sw-std-4-run04-20260809T063534_14.pcap,,2026-08-08T19:00:36.404280+00:00,True,0.944
sw-std-4-run04-20260809T063534,sw-std,4,15,data/raw/4/capture_4_sw-std_sw-std-4-run04-20260809T063534_15.pcap,,2026-08-08T19:00:39.635287+00:00,True,0.879
sw-std-4-run04-20260809T063534,sw-std,4,16,data/raw/4/capture_4_sw-std_sw-std-4-run04-20260809T063534_16.pcap,,2026-08-08T19:00:42.757971+00:00,True,0.535
sw-std-4-run04-20260809T063534,sw-std,4,17,data/raw/4/capture_4_sw-std_sw-std-4-run04-20260809T063534_17.pcap,,2026-08-08T19:00:45.913753+00:00,True,0.553
sw-std-4-run04-20260809T063534,sw-std,4,18,data/raw/4/capture_4_sw-std_sw-std-4-run04-20260809T063534_18.pcap,,2026-08-08T19:00:49.119523+00:00,True,0.536
sw-std-4-run04-20260809T063534,sw-std,4,19,data/raw/4/capture_4_sw-std_sw-std-4-run04-20260809T063534_19.pcap,,2026-08-08T19:00:52.352777+00:00,True,0.924
sw-std-4-run04-20260809T063534,sw-std,4,20,data/raw/4/capture_4_sw-std_sw-std-4-run04-20260809T063534_20.pcap,,2026-08-08T19:00:55.502529+00:00,True,0.898
sw-std-4-run05-20260809T063534,sw-std,4,1,data/raw/4/capture_4_sw-std_sw-std-4-run05-20260809T063534_1.pcap,,2026-08-08T19:00:58.702630+00:00,True,0.821
sw-std-4-run05-20260809T063534,sw-std,4,2,data/raw/4/capture_4_sw-std_sw-std-4-run05-20260809T063534_2.pcap,,2026-08-08T19:01:01.702790+00:00,True,0.906
sw-std-4-run05-20260809T063534,sw-std,4,3,data/raw/4/capture_4_sw-std_sw-std-4-run05-20260809T063534_3.pcap,,2026-08-08T19:01:04.914146+00:00,True,0.910
sw-std-4-run05-20260809T063534,sw-std,4,4,data/raw/4/capture_4_sw-std_sw-std-4-run05-20260809T063534_4.pcap,,2026-08-08T19:01:08.044109+00:00,True,0.936
sw-std-4-run05-20260809T063534,sw-std,4,5,data/raw/4/capture_4_sw-std_sw-std-4-run05-20260809T063534_5.pcap,,2026-08-08T19:01:11.255160+00:00,True,0.869
sw-std-4-run05-20260809T063534,sw-std,4,6,data/raw/4/capture_4_sw-std_sw-std-4-run05-20260809T063534_6.pcap,,2026-08-08T19:01:14.282983+00:00,True,0.907
sw-std-4-run05-20260809T063534,sw-std,4,7,data/raw/4/capture_4_sw-std_sw-std-4-run05-20260809T063534_7.pcap,,2026-08-08T19:01:17.406673+00:00,True,0.940
sw-std-4-run05-20260809T063534,sw-std,4,8,data/raw/4/capture_4_sw-std_sw-std-4-run05-20260809T063534_8.pcap,,2026-08-08T19:01:20.646481+00:00,True,0.965
sw-std-4-run05-20260809T063534,sw-std,4,9,data/raw/4/capture_4_sw-std_sw-std-4-run05-20260809T063534_9.pcap,,2026-08-08T19:01:23.816608+00:00,True,0.872
sw-std-4-run05-20260809T063534,sw-std,4,10,data/raw/4/capture_4_sw-std_sw-std-4-run05-20260809T063534_10.pcap,,2026-08-08T19:01:26.974085+00:00,True,0.960
sw-std-4-run05-20260809T063534,sw-std,4,11,data/raw/4/capture_4_sw-std_sw-std-4-run05-20260809T063534_11.pcap,,2026-08-08T19:01:30.180234+00:00,True,0.807
sw-std-4-run05-20260809T063534,sw-std,4,12,data/raw/4/capture_4_sw-std_sw-std-4-run05-20260809T063534_12.pcap,,2026-08-08T19:01:33.350473+00:00,True,0.576
sw-std-4-run05-20260809T063534,sw-std,4,13,data/raw/4/capture_4_sw-std_sw-std-4-run05-20260809T063534_13.pcap,,2026-08-08T19:01:36.546439+00:00,True,1.014
sw-std-4-run05-20260809T063534,sw-std,4,14,data/raw/4/capture_4_sw-std_sw-std-4-run05-20260809T063534_14.pcap,,2026-08-08T19:01:39.560319+00:00,True,0.877
sw-std-4-run05-20260809T063534,sw-std,4,15,data/raw/4/capture_4_sw-std_sw-std-4-run05-20260809T063534_15.pcap,,2026-08-08T19:01:42.719257+00:00,True,0.960
sw-std-4-run05-20260809T063534,sw-std,4,16,data/raw/4/capture_4_sw-std_sw-std-4-run05-20260809T063534_16.pcap,,2026-08-08T19:01:45.677015+00:00,True,1.007
sw-std-4-run05-20260809T063534,sw-std,4,17,data/raw/4/capture_4_sw-std_sw-std-4-run05-20260809T063534_17.pcap,,2026-08-08T19:01:48.843112+00:00,True,0.905
sw-std-4-run05-20260809T063534,sw-std,4,18,data/raw/4/capture_4_sw-std_sw-std-4-run05-20260809T063534_18.pcap,,2026-08-08T19:01:52.010825+00:00,True,0.558
sw-std-4-run05-20260809T063534,sw-std,4,19,data/raw/4/capture_4_sw-std_sw-std-4-run05-20260809T063534_19.pcap,,2026-08-08T19:01:55.182468+00:00,True,0.605
sw-std-4-run05-20260809T063534,sw-std,4,20,data/raw/4/capture_4_sw-std_sw-std-4-run05-20260809T063534_20.pcap,,2026-08-08T19:01:58.174516+00:00,True,0.857
sw-std-5-run01-20260809T063534,sw-std,5,1,data/raw/5/capture_5_sw-std_sw-std-5-run01-20260809T063534_1.pcap,,2026-08-08T19:02:05.608197+00:00,True,0.918
sw-std-5-run01-20260809T063534,sw-std,5,2,data/raw/5/capture_5_sw-std_sw-std-5-run01-20260809T063534_2.pcap,,2026-08-08T19:02:08.763500+00:00,True,0.558
sw-std-5-run01-20260809T063534,sw-std,5,3,data/raw/5/capture_5_sw-std_sw-std-5-run01-20260809T063534_3.pcap,,2026-08-08T19:02:11.882606+00:00,True,1.403
sw-std-5-run01-20260809T063534,sw-std,5,4,data/raw/5/capture_5_sw-std_sw-std-5-run01-20260809T063534_4.pcap,,2026-08-08T19:02:15.017798+00:00,True,0.548
sw-std-5-run01-20260809T063534,sw-std,5,5,data/raw/5/capture_5_sw-std_sw-std-5-run01-20260809T063534_5.pcap,,2026-08-08T19:02:18.022139+00:00,True,0.605
sw-std-5-run01-20260809T063534,sw-std,5,6,data/raw/5/capture_5_sw-std_sw-std-5-run01-20260809T063534_6.pcap,,2026-08-08T19:02:21.025764+00:00,True,1.016
sw-std-5-run01-20260809T063534,sw-std,5,7,data/raw/5/capture_5_sw-std_sw-std-5-run01-20260809T063534_7.pcap,,2026-08-08T19:02:24.188668+00:00,True,0.577
sw-std-5-run01-20260809T063534,sw-std,5,8,data/raw/5/capture_5_sw-std_sw-std-5-run01-20260809T063534_8.pcap,,2026-08-08T19:02:27.430599+00:00,True,0.925
sw-std-5-run01-20260809T063534,sw-std,5,9,data/raw/5/capture_5_sw-std_sw-std-5-run01-20260809T063534_9.pcap,,2026-08-08T19:02:30.639111+00:00,True,0.890
sw-std-5-run01-20260809T063534,sw-std,5,10,data/raw/5/capture_5_sw-std_sw-std-5-run01-20260809T063534_10.pcap,,2026-08-08T19:02:33.766746+00:00,True,0.886
sw-std-5-run01-20260809T063534,sw-std,5,11,data/raw/5/capture_5_sw-std_sw-std-5-run01-20260809T063534_11.pcap,,2026-08-08T19:02:36.717919+00:00,True,0.939
sw-std-5-run01-20260809T063534,sw-std,5,12,data/raw/5/capture_5_sw-std_sw-std-5-run01-20260809T063534_12.pcap,,2026-08-08T19:02:39.877048+00:00,True,0.944
sw-std-5-run01-20260809T063534,sw-std,5,13,data/raw/5/capture_5_sw-std_sw-std-5-run01-20260809T063534_13.pcap,,2026-08-08T19:02:43.092390+00:00,True,0.951
sw-std-5-run01-20260809T063534,sw-std,5,14,data/raw/5/capture_5_sw-std_sw-std-5-run01-20260809T063534_14.pcap,,2026-08-08T19:02:46.276157+00:00,True,0.870
sw-std-5-run01-20260809T063534,sw-std,5,15,data/raw/5/capture_5_sw-std_sw-std-5-run01-20260809T063534_15.pcap,,2026-08-08T19:02:49.488315+00:00,True,0.928
sw-std-5-run01-20260809T063534,sw-std,5,16,data/raw/5/capture_5_sw-std_sw-std-5-run01-20260809T063534_16.pcap,,2026-08-08T19:02:52.712414+00:00,True,0.946
sw-std-5-run01-20260809T063534,sw-std,5,17,data/raw/5/capture_5_sw-std_sw-std-5-run01-20260809T063534_17.pcap,,2026-08-08T19:02:55.920705+00:00,True,1.286
sw-std-5-run01-20260809T063534,sw-std,5,18,data/raw/5/capture_5_sw-std_sw-std-5-run01-20260809T063534_18.pcap,,2026-08-08T19:02:59.110770+00:00,True,0.570
sw-std-5-run01-20260809T063534,sw-std,5,19,data/raw/5/capture_5_sw-std_sw-std-5-run01-20260809T063534_19.pcap,,2026-08-08T19:03:02.323234+00:00,True,0.590
sw-std-5-run01-20260809T063534,sw-std,5,20,data/raw/5/capture_5_sw-std_sw-std-5-run01-20260809T063534_20.pcap,,2026-08-08T19:03:05.557798+00:00,True,0.962
sw-std-5-run02-20260809T063534,sw-std,5,1,data/raw/5/capture_5_sw-std_sw-std-5-run02-20260809T063534_1.pcap,,2026-08-08T19:03:08.680790+00:00,True,0.970
sw-std-5-run02-20260809T063534,sw-std,5,2,data/raw/5/capture_5_sw-std_sw-std-5-run02-20260809T063534_2.pcap,,2026-08-08T19:03:11.876282+00:00,True,0.925
sw-std-5-run02-20260809T063534,sw-std,5,3,data/raw/5/capture_5_sw-std_sw-std-5-run02-20260809T063534_3.pcap,,2026-08-08T19:03:15.086431+00:00,True,0.721
sw-std-5-run02-20260809T063534,sw-std,5,4,data/raw/5/capture_5_sw-std_sw-std-5-run02-20260809T063534_4.pcap,,2026-08-08T19:03:18.325753+00:00,True,0.576
sw-std-5-run02-20260809T063534,sw-std,5,5,data/raw/5/capture_5_sw-std_sw-std-5-run02-20260809T063534_5.pcap,,2026-08-08T19:03:21.541334+00:00,True,0.906
sw-std-5-run02-20260809T063534,sw-std,5,6,data/raw/5/capture_5_sw-std_sw-std-5-run02-20260809T063534_6.pcap,,2026-08-08T19:03:24.667175+00:00,True,0.932
sw-std-5-run02-20260809T063534,sw-std,5,7,data/raw/5/capture_5_sw-std_sw-std-5-run02-20260809T063534_7.pcap,,2026-08-08T19:03:27.885925+00:00,True,0.650
sw-std-5-run02-20260809T063534,sw-std,5,8,data/raw/5/capture_5_sw-std_sw-std-5-run02-20260809T063534_8.pcap,,2026-08-08T19:03:31.082831+00:00,True,1.098
sw-std-5-run02-20260809T063534,sw-std,5,9,data/raw/5/capture_5_sw-std_sw-std-5-run02-20260809T063534_9.pcap,,2026-08-08T19:03:34.294918+00:00,True,0.550
sw-std-5-run02-20260809T063534,sw-std,5,10,data/raw/5/capture_5_sw-std_sw-std-5-run02-20260809T063534_10.pcap,,2026-08-08T19:03:37.497898+00:00,True,0.920
sw-std-5-run02-20260809T063534,sw-std,5,11,data/raw/5/capture_5_sw-std_sw-std-5-run02-20260809T063534_11.pcap,,2026-08-08T19:03:40.409124+00:00,True,1.257
sw-std-5-run02-20260809T063534,sw-std,5,12,data/raw/5/capture_5_sw-std_sw-std-5-run02-20260809T063534_12.pcap,,2026-08-08T19:03:43.575819+00:00,True,0.533
sw-std-5-run02-20260809T063534,sw-std,5,13,data/raw/5/capture_5_sw-std_sw-std-5-run02-20260809T063534_13.pcap,,2026-08-08T19:03:46.849287+00:00,True,0.551
sw-std-5-run02-20260809T063534,sw-std,5,14,data/raw/5/capture_5_sw-std_sw-std-5-run02-20260809T063534_14.pcap,,2026-08-08T19:03:49.841746+00:00,True,0.591
sw-std-5-run02-20260809T063534,sw-std,5,15,data/raw/5/capture_5_sw-std_sw-std-5-run02-20260809T063534_15.pcap,,2026-08-08T19:03:52.864799+00:00,True,0.563
sw-std-5-run02-20260809T063534,sw-std,5,16,data/raw/5/capture_5_sw-std_sw-std-5-run02-20260809T063534_16.pcap,,2026-08-08T19:03:56.033651+00:00,True,0.927
sw-std-5-run02-20260809T063534,sw-std,5,17,data/raw/5/capture_5_sw-std_sw-std-5-run02-20260809T063534_17.pcap,,2026-08-08T19:03:59.241558+00:00,True,1.101
sw-std-5-run02-20260809T063534,sw-std,5,18,data/raw/5/capture_5_sw-std_sw-std-5-run02-20260809T063534_18.pcap,,2026-08-08T19:04:02.458044+00:00,True,0.885
sw-std-5-run02-20260809T063534,sw-std,5,19,data/raw/5/capture_5_sw-std_sw-std-5-run02-20260809T063534_19.pcap,,2026-08-08T19:04:05.460507+00:00,True,0.980
sw-std-5-run02-20260809T063534,sw-std,5,20,data/raw/5/capture_5_sw-std_sw-std-5-run02-20260809T063534_20.pcap,,2026-08-08T19:04:08.674913+00:00,True,0.902
sw-std-5-run03-20260809T063534,sw-std,5,1,data/raw/5/capture_5_sw-std_sw-std-5-run03-20260809T063534_1.pcap,,2026-08-08T19:04:11.854015+00:00,True,0.925
sw-std-5-run03-20260809T063534,sw-std,5,2,data/raw/5/capture_5_sw-std_sw-std-5-run03-20260809T063534_2.pcap,,2026-08-08T19:04:15.003371+00:00,True,0.910
sw-std-5-run03-20260809T063534,sw-std,5,3,data/raw/5/capture_5_sw-std_sw-std-5-run03-20260809T063534_3.pcap,,2026-08-08T19:04:18.126586+00:00,True,0.953
sw-std-5-run03-20260809T063534,sw-std,5,4,data/raw/5/capture_5_sw-std_sw-std-5-run03-20260809T063534_4.pcap,,2026-08-08T19:04:21.318974+00:00,True,0.915
sw-std-5-run03-20260809T063534,sw-std,5,5,data/raw/5/capture_5_sw-std_sw-std-5-run03-20260809T063534_5.pcap,,2026-08-08T19:04:24.473558+00:00,True,0.877
sw-std-5-run03-20260809T063534,sw-std,5,6,data/raw/5/capture_5_sw-std_sw-std-5-run03-20260809T063534_6.pcap,,2026-08-08T19:04:27.702948+00:00,True,0.581
sw-std-5-run03-20260809T063534,sw-std,5,7,data/raw/5/capture_5_sw-std_sw-std-5-run03-20260809T063534_7.pcap,,2026-08-08T19:04:30.706818+00:00,True,0.574
sw-std-5-run03-20260809T063534,sw-std,5,8,data/raw/5/capture_5_sw-std_sw-std-5-run03-20260809T063534_8.pcap,,2026-08-08T19:04:33.879270+00:00,True,0.573
sw-std-5-run03-20260809T063534,sw-std,5,9,data/raw/5/capture_5_sw-std_sw-std-5-run03-20260809T063534_9.pcap,,2026-08-08T19:04:37.094997+00:00,True,0.897
sw-std-5-run03-20260809T063534,sw-std,5,10,data/raw/5/capture_5_sw-std_sw-std-5-run03-20260809T063534_10.pcap,,2026-08-08T19:04:40.313213+00:00,True,0.935
sw-std-5-run03-20260809T063534,sw-std,5,11,data/raw/5/capture_5_sw-std_sw-std-5-run03-20260809T063534_11.pcap,,2026-08-08T19:04:43.235189+00:00,True,0.561
sw-std-5-run03-20260809T063534,sw-std,5,12,data/raw/5/capture_5_sw-std_sw-std-5-run03-20260809T063534_12.pcap,,2026-08-08T19:04:46.398854+00:00,True,0.885
sw-std-5-run03-20260809T063534,sw-std,5,13,data/raw/5/capture_5_sw-std_sw-std-5-run03-20260809T063534_13.pcap,,2026-08-08T19:04:49.612874+00:00,True,1.092
sw-std-5-run03-20260809T063534,sw-std,5,14,data/raw/5/capture_5_sw-std_sw-std-5-run03-20260809T063534_14.pcap,,2026-08-08T19:04:52.822675+00:00,True,0.916
sw-std-5-run03-20260809T063534,sw-std,5,15,data/raw/5/capture_5_sw-std_sw-std-5-run03-20260809T063534_15.pcap,,2026-08-08T19:04:55.828475+00:00,True,0.956
sw-std-5-run03-20260809T063534,sw-std,5,16,data/raw/5/capture_5_sw-std_sw-std-5-run03-20260809T063534_16.pcap,,2026-08-08T19:04:59.035126+00:00,True,0.918
sw-std-5-run03-20260809T063534,sw-std,5,17,data/raw/5/capture_5_sw-std_sw-std-5-run03-20260809T063534_17.pcap,,2026-08-08T19:05:02.257926+00:00,True,0.889
sw-std-5-run03-20260809T063534,sw-std,5,18,data/raw/5/capture_5_sw-std_sw-std-5-run03-20260809T063534_18.pcap,,2026-08-08T19:05:05.470549+00:00,True,0.885
sw-std-5-run03-20260809T063534,sw-std,5,19,data/raw/5/capture_5_sw-std_sw-std-5-run03-20260809T063534_19.pcap,,2026-08-08T19:05:08.430602+00:00,True,1.170
sw-std-5-run03-20260809T063534,sw-std,5,20,data/raw/5/capture_5_sw-std_sw-std-5-run03-20260809T063534_20.pcap,,2026-08-08T19:05:11.595793+00:00,True,0.558
sw-std-5-run04-20260809T063534,sw-std,5,1,data/raw/5/capture_5_sw-std_sw-std-5-run04-20260809T063534_1.pcap,,2026-08-08T19:05:14.758430+00:00,True,0.607
sw-std-5-run04-20260809T063534,sw-std,5,2,data/raw/5/capture_5_sw-std_sw-std-5-run04-20260809T063534_2.pcap,,2026-08-08T19:05:17.730337+00:00,True,0.945
sw-std-5-run04-20260809T063534,sw-std,5,3,data/raw/5/capture_5_sw-std_sw-std-5-run04-20260809T063534_3.pcap,,2026-08-08T19:05:20.938841+00:00,True,0.920
sw-std-5-run04-20260809T063534,sw-std,5,4,data/raw/5/capture_5_sw-std_sw-std-5-run04-20260809T063534_4.pcap,,2026-08-08T19:05:23.908623+00:00,True,0.585
sw-std-5-run04-20260809T063534,sw-std,5,5,data/raw/5/capture_5_sw-std_sw-std-5-run04-20260809T063534_5.pcap,,2026-08-08T19:05:26.834195+00:00,True,0.583
sw-std-5-run04-20260809T063534,sw-std,5,6,data/raw/5/capture_5_sw-std_sw-std-5-run04-20260809T063534_6.pcap,,2026-08-08T19:05:30.042602+00:00,True,0.599
sw-std-5-run04-20260809T063534,sw-std,5,7,data/raw/5/capture_5_sw-std_sw-std-5-run04-20260809T063534_7.pcap,,2026-08-08T19:05:33.253818+00:00,True,0.890
sw-std-5-run04-20260809T063534,sw-std,5,8,data/raw/5/capture_5_sw-std_sw-std-5-run04-20260809T063534_8.pcap,,2026-08-08T19:05:36.405163+00:00,True,1.076
sw-std-5-run04-20260809T063534,sw-std,5,9,data/raw/5/capture_5_sw-std_sw-std-5-run04-20260809T063534_9.pcap,,2026-08-08T19:05:39.580802+00:00,True,0.890
sw-std-5-run04-20260809T063534,sw-std,5,10,data/raw/5/capture_5_sw-std_sw-std-5-run04-20260809T063534_10.pcap,,2026-08-08T19:05:42.753769+00:00,True,0.608
sw-std-5-run04-20260809T063534,sw-std,5,11,data/raw/5/capture_5_sw-std_sw-std-5-run04-20260809T063534_11.pcap,,2026-08-08T19:05:45.926832+00:00,True,0.951
sw-std-5-run04-20260809T063534,sw-std,5,12,data/raw/5/capture_5_sw-std_sw-std-5-run04-20260809T063534_12.pcap,,2026-08-08T19:05:49.018772+00:00,True,0.942
sw-std-5-run04-20260809T063534,sw-std,5,13,data/raw/5/capture_5_sw-std_sw-std-5-run04-20260809T063534_13.pcap,,2026-08-08T19:05:52.165236+00:00,True,0.562
sw-std-5-run04-20260809T063534,sw-std,5,14,data/raw/5/capture_5_sw-std_sw-std-5-run04-20260809T063534_14.pcap,,2026-08-08T19:05:55.310287+00:00,True,0.598
sw-std-5-run04-20260809T063534,sw-std,5,15,data/raw/5/capture_5_sw-std_sw-std-5-run04-20260809T063534_15.pcap,,2026-08-08T19:05:58.474593+00:00,True,0.956
sw-std-5-run04-20260809T063534,sw-std,5,16,data/raw/5/capture_5_sw-std_sw-std-5-run04-20260809T063534_16.pcap,,2026-08-08T19:06:01.435484+00:00,True,0.920
sw-std-5-run04-20260809T063534,sw-std,5,17,data/raw/5/capture_5_sw-std_sw-std-5-run04-20260809T063534_17.pcap,,2026-08-08T19:06:04.574621+00:00,True,0.922
sw-std-5-run04-20260809T063534,sw-std,5,18,data/raw/5/capture_5_sw-std_sw-std-5-run04-20260809T063534_18.pcap,,2026-08-08T19:06:07.787443+00:00,True,0.940
sw-std-5-run04-20260809T063534,sw-std,5,19,data/raw/5/capture_5_sw-std_sw-std-5-run04-20260809T063534_19.pcap,,2026-08-08T19:06:11.010043+00:00,True,0.922
sw-std-5-run04-20260809T063534,sw-std,5,20,data/raw/5/capture_5_sw-std_sw-std-5-run04-20260809T063534_20.pcap,,2026-08-08T19:06:14.190895+00:00,True,0.912
sw-std-5-run05-20260809T063534,sw-std,5,1,data/raw/5/capture_5_sw-std_sw-std-5-run05-20260809T063534_1.pcap,,2026-08-08T19:06:17.366868+00:00,True,0.937
sw-std-5-run05-20260809T063534,sw-std,5,2,data/raw/5/capture_5_sw-std_sw-std-5-run05-20260809T063534_2.pcap,,2026-08-08T19:06:20.489715+00:00,True,0.908
sw-std-5-run05-20260809T063534,sw-std,5,3,data/raw/5/capture_5_sw-std_sw-std-5-run05-20260809T063534_3.pcap,,2026-08-08T19:06:23.490274+00:00,True,0.918
sw-std-5-run05-20260809T063534,sw-std,5,4,data/raw/5/capture_5_sw-std_sw-std-5-run05-20260809T063534_4.pcap,,2026-08-08T19:06:26.669346+00:00,True,0.966
sw-std-5-run05-20260809T063534,sw-std,5,5,data/raw/5/capture_5_sw-std_sw-std-5-run05-20260809T063534_5.pcap,,2026-08-08T19:06:29.846517+00:00,True,0.883
sw-std-5-run05-20260809T063534,sw-std,5,6,data/raw/5/capture_5_sw-std_sw-std-5-run05-20260809T063534_6.pcap,,2026-08-08T19:06:33.048359+00:00,True,1.098
sw-std-5-run05-20260809T063534,sw-std,5,7,data/raw/5/capture_5_sw-std_sw-std-5-run05-20260809T063534_7.pcap,,2026-08-08T19:06:36.018069+00:00,True,0.539
sw-std-5-run05-20260809T063534,sw-std,5,8,data/raw/5/capture_5_sw-std_sw-std-5-run05-20260809T063534_8.pcap,,2026-08-08T19:06:39.223011+00:00,True,1.093
sw-std-5-run05-20260809T063534,sw-std,5,9,data/raw/5/capture_5_sw-std_sw-std-5-run05-20260809T063534_9.pcap,,2026-08-08T19:06:42.221745+00:00,True,0.889
sw-std-5-run05-20260809T063534,sw-std,5,10,data/raw/5/capture_5_sw-std_sw-std-5-run05-20260809T063534_10.pcap,,2026-08-08T19:06:45.395329+00:00,True,1.249
sw-std-5-run05-20260809T063534,sw-std,5,11,data/raw/5/capture_5_sw-std_sw-std-5-run05-20260809T063534_11.pcap,,2026-08-08T19:06:48.523580+00:00,True,0.926
sw-std-5-run05-20260809T063534,sw-std,5,12,data/raw/5/capture_5_sw-std_sw-std-5-run05-20260809T063534_12.pcap,,2026-08-08T19:06:51.677902+00:00,True,0.963
sw-std-5-run05-20260809T063534,sw-std,5,13,data/raw/5/capture_5_sw-std_sw-std-5-run05-20260809T063534_13.pcap,,2026-08-08T19:06:54.837003+00:00,True,0.946
sw-std-5-run05-20260809T063534,sw-std,5,14,data/raw/5/capture_5_sw-std_sw-std-5-run05-20260809T063534_14.pcap,,2026-08-08T19:06:58.025867+00:00,True,0.882
sw-std-5-run05-20260809T063534,sw-std,5,15,data/raw/5/capture_5_sw-std_sw-std-5-run05-20260809T063534_15.pcap,,2026-08-08T19:07:01.157998+00:00,True,0.877
sw-std-5-run05-20260809T063534,sw-std,5,16,data/raw/5/capture_5_sw-std_sw-std-5-run05-20260809T063534_16.pcap,,2026-08-08T19:07:04.327551+00:00,True,0.972
sw-std-5-run05-20260809T063534,sw-std,5,17,data/raw/5/capture_5_sw-std_sw-std-5-run05-20260809T063534_17.pcap,,2026-08-08T19:07:07.538605+00:00,True,0.940
sw-std-5-run05-20260809T063534,sw-std,5,18,data/raw/5/capture_5_sw-std_sw-std-5-run05-20260809T063534_18.pcap,,2026-08-08T19:07:10.751433+00:00,True,0.539
sw-std-5-run05-20260809T063534,sw-std,5,19,data/raw/5/capture_5_sw-std_sw-std-5-run05-20260809T063534_19.pcap,,2026-08-08T19:07:13.923344+00:00,True,1.018
sw-std-5-run05-20260809T063534,sw-std,5,20,data/raw/5/capture_5_sw-std_sw-std-5-run05-20260809T063534_20.pcap,,2026-08-08T19:07:17.109065+00:00,True,1.196
sw-std-6-run01-20260809T063534,sw-std,6,1,data/raw/6/capture_6_sw-std_sw-std-6-run01-20260809T063534_1.pcap,,2026-08-08T19:07:24.403849+00:00,True,0.949
sw-std-6-run01-20260809T063534,sw-std,6,2,data/raw/6/capture_6_sw-std_sw-std-6-run01-20260809T063534_2.pcap,,2026-08-08T19:07:27.636792+00:00,True,0.899
sw-std-6-run01-20260809T063534,sw-std,6,3,data/raw/6/capture_6_sw-std_sw-std-6-run01-20260809T063534_3.pcap,,2026-08-08T19:07:30.851443+00:00,True,0.594
sw-std-6-run01-20260809T063534,sw-std,6,4,data/raw/6/capture_6_sw-std_sw-std-6-run01-20260809T063534_4.pcap,,2026-08-08T19:07:33.914808+00:00,True,0.940
sw-std-6-run01-20260809T063534,sw-std,6,5,data/raw/6/capture_6_sw-std_sw-std-6-run01-20260809T063534_5.pcap,,2026-08-08T19:07:37.134570+00:00,True,0.566
sw-std-6-run01-20260809T063534,sw-std,6,6,data/raw/6/capture_6_sw-std_sw-std-6-run01-20260809T063534_6.pcap,,2026-08-08T19:07:40.346034+00:00,True,0.927
sw-std-6-run01-20260809T063534,sw-std,6,7,data/raw/6/capture_6_sw-std_sw-std-6-run01-20260809T063534_7.pcap,,2026-08-08T19:07:43.559119+00:00,True,0.904
sw-std-6-run01-20260809T063534,sw-std,6,8,data/raw/6/capture_6_sw-std_sw-std-6-run01-20260809T063534_8.pcap,,2026-08-08T19:07:46.770690+00:00,True,0.884
sw-std-6-run01-20260809T063534,sw-std,6,9,data/raw/6/capture_6_sw-std_sw-std-6-run01-20260809T063534_9.pcap,,2026-08-08T19:07:49.938302+00:00,True,0.906
sw-std-6-run01-20260809T063534,sw-std,6,10,data/raw/6/capture_6_sw-std_sw-std-6-run01-20260809T063534_10.pcap,,2026-08-08T19:07:53.108641+00:00,True,0.885
sw-std-6-run01-20260809T063534,sw-std,6,11,data/raw/6/capture_6_sw-std_sw-std-6-run01-20260809T063534_11.pcap,,2026-08-08T19:07:56.318552+00:00,True,0.571
sw-std-6-run01-20260809T063534,sw-std,6,12,data/raw/6/capture_6_sw-std_sw-std-6-run01-20260809T063534_12.pcap,,2026-08-08T19:07:59.526418+00:00,True,0.900
sw-std-6-run01-20260809T063534,sw-std,6,13,data/raw/6/capture_6_sw-std_sw-std-6-run01-20260809T063534_13.pcap,,2026-08-08T19:08:02.452563+00:00,True,0.585
sw-std-6-run01-20260809T063534,sw-std,6,14,data/raw/6/capture_6_sw-std_sw-std-6-run01-20260809T063534_14.pcap,,2026-08-08T19:08:05.602431+00:00,True,1.229
sw-std-6-run01-20260809T063534,sw-std,6,15,data/raw/6/capture_6_sw-std_sw-std-6-run01-20260809T063534_15.pcap,,2026-08-08T19:08:08.769905+00:00,True,1.077
sw-std-6-run01-20260809T063534,sw-std,6,16,data/raw/6/capture_6_sw-std_sw-std-6-run01-20260809T063534_16.pcap,,2026-08-08T19:08:11.988102+00:00,True,0.921
sw-std-6-run01-20260809T063534,sw-std,6,17,data/raw/6/capture_6_sw-std_sw-std-6-run01-20260809T063534_17.pcap,,2026-08-08T19:08:15.204840+00:00,True,0.546
sw-std-6-run01-20260809T063534,sw-std,6,18,data/raw/6/capture_6_sw-std_sw-std-6-run01-20260809T063534_18.pcap,,2026-08-08T19:08:18.445233+00:00,True,0.821
sw-std-6-run01-20260809T063534,sw-std,6,19,data/raw/6/capture_6_sw-std_sw-std-6-run01-20260809T063534_19.pcap,,2026-08-08T19:08:21.641527+00:00,True,0.963
sw-std-6-run01-20260809T063534,sw-std,6,20,data/raw/6/capture_6_sw-std_sw-std-6-run01-20260809T063534_20.pcap,,2026-08-08T19:08:24.821765+00:00,True,1.034
sw-std-6-run02-20260809T063534,sw-std,6,1,data/raw/6/capture_6_sw-std_sw-std-6-run02-20260809T063534_1.pcap,,2026-08-08T19:08:27.960820+00:00,True,0.884
sw-std-6-run02-20260809T063534,sw-std,6,2,data/raw/6/capture_6_sw-std_sw-std-6-run02-20260809T063534_2.pcap,,2026-08-08T19:08:30.967944+00:00,True,0.546
sw-std-6-run02-20260809T063534,sw-std,6,3,data/raw/6/capture_6_sw-std_sw-std-6-run02-20260809T063534_3.pcap,,2026-08-08T19:08:34.130983+00:00,True,0.928
sw-std-6-run02-20260809T063534,sw-std,6,4,data/raw/6/capture_6_sw-std_sw-std-6-run02-20260809T063534_4.pcap,,2026-08-08T19:08:37.145069+00:00,True,0.881
sw-std-6-run02-20260809T063534,sw-std,6,5,data/raw/6/capture_6_sw-std_sw-std-6-run02-20260809T063534_5.pcap,,2026-08-08T19:08:40.354859+00:00,True,0.554
sw-std-6-run02-20260809T063534,sw-std,6,6,data/raw/6/capture_6_sw-std_sw-std-6-run02-20260809T063534_6.pcap,,2026-08-08T19:08:43.362479+00:00,True,0.563
sw-std-6-run02-20260809T063534,sw-std,6,7,data/raw/6/capture_6_sw-std_sw-std-6-run02-20260809T063534_7.pcap,,2026-08-08T19:08:46.378626+00:00,True,0.950
sw-std-6-run02-20260809T063534,sw-std,6,8,data/raw/6/capture_6_sw-std_sw-std-6-run02-20260809T063534_8.pcap,,2026-08-08T19:08:49.366756+00:00,True,0.891
sw-std-6-run02-20260809T063534,sw-std,6,9,data/raw/6/capture_6_sw-std_sw-std-6-run02-20260809T063534_9.pcap,,2026-08-08T19:08:52.578812+00:00,True,0.612
sw-std-6-run02-20260809T063534,sw-std,6,10,data/raw/6/capture_6_sw-std_sw-std-6-run02-20260809T063534_10.pcap,,2026-08-08T19:08:55.537319+00:00,True,0.935
sw-std-6-run02-20260809T063534,sw-std,6,11,data/raw/6/capture_6_sw-std_sw-std-6-run02-20260809T063534_11.pcap,,2026-08-08T19:08:58.724684+00:00,True,0.544
sw-std-6-run02-20260809T063534,sw-std,6,12,data/raw/6/capture_6_sw-std_sw-std-6-run02-20260809T063534_12.pcap,,2026-08-08T19:09:01.934536+00:00,True,0.597
sw-std-6-run02-20260809T063534,sw-std,6,13,data/raw/6/capture_6_sw-std_sw-std-6-run02-20260809T063534_13.pcap,,2026-08-08T19:09:05.070398+00:00,True,0.590
sw-std-6-run02-20260809T063534,sw-std,6,14,data/raw/6/capture_6_sw-std_sw-std-6-run02-20260809T063534_14.pcap,,2026-08-08T19:09:08.256987+00:00,True,0.909
sw-std-6-run02-20260809T063534,sw-std,6,15,data/raw/6/capture_6_sw-std_sw-std-6-run02-20260809T063534_15.pcap,,2026-08-08T19:09:11.466357+00:00,True,0.890
sw-std-6-run02-20260809T063534,sw-std,6,16,data/raw/6/capture_6_sw-std_sw-std-6-run02-20260809T063534_16.pcap,,2026-08-08T19:09:14.622528+00:00,True,0.901
sw-std-6-run02-20260809T063534,sw-std,6,17,data/raw/6/capture_6_sw-std_sw-std-6-run02-20260809T063534_17.pcap,,2026-08-08T19:09:17.758201+00:00,True,0.745
sw-std-6-run02-20260809T063534,sw-std,6,18,data/raw/6/capture_6_sw-std_sw-std-6-run02-20260809T063534_18.pcap,,2026-08-08T19:09:20.882495+00:00,True,0.907
sw-std-6-run02-20260809T063534,sw-std,6,19,data/raw/6/capture_6_sw-std_sw-std-6-run02-20260809T063534_19.pcap,,2026-08-08T19:09:23.858274+00:00,True,0.997
sw-std-6-run02-20260809T063534,sw-std,6,20,data/raw/6/capture_6_sw-std_sw-std-6-run02-20260809T063534_20.pcap,,2026-08-08T19:09:26.879591+00:00,True,0.903
sw-std-6-run03-20260809T063534,sw-std,6,1,data/raw/6/capture_6_sw-std_sw-std-6-run03-20260809T063534_1.pcap,,2026-08-08T19:09:29.816063+00:00,True,0.602
sw-std-6-run03-20260809T063534,sw-std,6,2,data/raw/6/capture_6_sw-std_sw-std-6-run03-20260809T063534_2.pcap,,2026-08-08T19:09:33.015559+00:00,True,0.920
sw-std-6-run03-20260809T063534,sw-std,6,3,data/raw/6/capture_6_sw-std_sw-std-6-run03-20260809T063534_3.pcap,,2026-08-08T19:09:36.234688+00:00,True,0.891
sw-std-6-run03-20260809T063534,sw-std,6,4,data/raw/6/capture_6_sw-std_sw-std-6-run03-20260809T063534_4.pcap,,2026-08-08T19:09:39.454095+00:00,True,0.989
sw-std-6-run03-20260809T063534,sw-std,6,5,data/raw/6/capture_6_sw-std_sw-std-6-run03-20260809T063534_5.pcap,,2026-08-08T19:09:42.641633+00:00,True,0.591
sw-std-6-run03-20260809T063534,sw-std,6,6,data/raw/6/capture_6_sw-std_sw-std-6-run03-20260809T063534_6.pcap,,2026-08-08T19:09:45.822339+00:00,True,0.576
sw-std-6-run03-20260809T063534,sw-std,6,7,data/raw/6/capture_6_sw-std_sw-std-6-run03-20260809T063534_7.pcap,,2026-08-08T19:09:48.796361+00:00,True,0.960
sw-std-6-run03-20260809T063534,sw-std,6,8,data/raw/6/capture_6_sw-std_sw-std-6-run03-20260809T063534_8.pcap,,2026-08-08T19:09:51.769968+00:00,True,0.555
sw-std-6-run03-20260809T063534,sw-std,6,9,data/raw/6/capture_6_sw-std_sw-std-6-run03-20260809T063534_9.pcap,,2026-08-08T19:09:54.982798+00:00,True,0.897
sw-std-6-run03-20260809T063534,sw-std,6,10,data/raw/6/capture_6_sw-std_sw-std-6-run03-20260809T063534_10.pcap,,2026-08-08T19:09:58.154669+00:00,True,0.888
sw-std-6-run03-20260809T063534,sw-std,6,11,data/raw/6/capture_6_sw-std_sw-std-6-run03-20260809T063534_11.pcap,,2026-08-08T19:10:01.326434+00:00,True,0.894
sw-std-6-run03-20260809T063534,sw-std,6,12,data/raw/6/capture_6_sw-std_sw-std-6-run03-20260809T063534_12.pcap,,2026-08-08T19:10:04.483683+00:00,True,0.877
sw-std-6-run03-20260809T063534,sw-std,6,13,data/raw/6/capture_6_sw-std_sw-std-6-run03-20260809T063534_13.pcap,,2026-08-08T19:10:07.700165+00:00,True,0.652
sw-std-6-run03-20260809T063534,sw-std,6,14,data/raw/6/capture_6_sw-std_sw-std-6-run03-20260809T063534_14.pcap,,2026-08-08T19:10:10.865644+00:00,True,0.872
sw-std-6-run03-20260809T063534,sw-std,6,15,data/raw/6/capture_6_sw-std_sw-std-6-run03-20260809T063534_15.pcap,,2026-08-08T19:10:14.079264+00:00,True,0.869
sw-std-6-run03-20260809T063534,sw-std,6,16,data/raw/6/capture_6_sw-std_sw-std-6-run03-20260809T063534_16.pcap,,2026-08-08T19:10:17.218669+00:00,True,0.896
sw-std-6-run03-20260809T063534,sw-std,6,17,data/raw/6/capture_6_sw-std_sw-std-6-run03-20260809T063534_17.pcap,,2026-08-08T19:10:20.138817+00:00,True,0.537
sw-std-6-run03-20260809T063534,sw-std,6,18,data/raw/6/capture_6_sw-std_sw-std-6-run03-20260809T063534_18.pcap,,2026-08-08T19:10:23.318847+00:00,True,0.549
sw-std-6-run03-20260809T063534,sw-std,6,19,data/raw/6/capture_6_sw-std_sw-std-6-run03-20260809T063534_19.pcap,,2026-08-08T19:10:26.534091+00:00,True,0.885
sw-std-6-run03-20260809T063534,sw-std,6,20,data/raw/6/capture_6_sw-std_sw-std-6-run03-20260809T063534_20.pcap,,2026-08-08T19:10:29.744008+00:00,True,0.937
sw-std-6-run04-20260809T063534,sw-std,6,1,data/raw/6/capture_6_sw-std_sw-std-6-run04-20260809T063534_1.pcap,,2026-08-08T19:10:32.967268+00:00,True,0.895
sw-std-6-run04-20260809T063534,sw-std,6,2,data/raw/6/capture_6_sw-std_sw-std-6-run04-20260809T063534_2.pcap,,2026-08-08T19:10:36.094996+00:00,True,1.107
sw-std-6-run04-20260809T063534,sw-std,6,3,data/raw/6/capture_6_sw-std_sw-std-6-run04-20260809T063534_3.pcap,,2026-08-08T19:10:39.111512+00:00,True,0.565
sw-std-6-run04-20260809T063534,sw-std,6,4,data/raw/6/capture_6_sw-std_sw-std-6-run04-20260809T063534_4.pcap,,2026-08-08T19:10:42.261410+00:00,True,0.930
sw-std-6-run04-20260809T063534,sw-std,6,5,data/raw/6/capture_6_sw-std_sw-std-6-run04-20260809T063534_5.pcap,,2026-08-08T19:10:45.433971+00:00,True,0.942
sw-std-6-run04-20260809T063534,sw-std,6,6,data/raw/6/capture_6_sw-std_sw-std-6-run04-20260809T063534_6.pcap,,2026-08-08T19:10:48.397782+00:00,True,0.926
sw-std-6-run04-20260809T063534,sw-std,6,7,data/raw/6/capture_6_sw-std_sw-std-6-run04-20260809T063534_7.pcap,,2026-08-08T19:10:51.586776+00:00,True,0.952
sw-std-6-run04-20260809T063534,sw-std,6,8,data/raw/6/capture_6_sw-std_sw-std-6-run04-20260809T063534_8.pcap,,2026-08-08T19:10:54.594955+00:00,True,0.936
sw-std-6-run04-20260809T063534,sw-std,6,9,data/raw/6/capture_6_sw-std_sw-std-6-run04-20260809T063534_9.pcap,,2026-08-08T19:10:57.822633+00:00,True,0.922
sw-std-6-run04-20260809T063534,sw-std,6,10,data/raw/6/capture_6_sw-std_sw-std-6-run04-20260809T063534_10.pcap,,2026-08-08T19:11:01.045482+00:00,True,0.555
sw-std-6-run04-20260809T063534,sw-std,6,11,data/raw/6/capture_6_sw-std_sw-std-6-run04-20260809T063534_11.pcap,,2026-08-08T19:11:04.062055+00:00,True,0.573
sw-std-6-run04-20260809T063534,sw-std,6,12,data/raw/6/capture_6_sw-std_sw-std-6-run04-20260809T063534_12.pcap,,2026-08-08T19:11:07.248487+00:00,True,0.559
sw-std-6-run04-20260809T063534,sw-std,6,13,data/raw/6/capture_6_sw-std_sw-std-6-run04-20260809T063534_13.pcap,,2026-08-08T19:11:10.460084+00:00,True,0.900
sw-std-6-run04-20260809T063534,sw-std,6,14,data/raw/6/capture_6_sw-std_sw-std-6-run04-20260809T063534_14.pcap,,2026-08-08T19:11:13.578207+00:00,True,0.891
sw-std-6-run04-20260809T063534,sw-std,6,15,data/raw/6/capture_6_sw-std_sw-std-6-run04-20260809T063534_15.pcap,,2026-08-08T19:11:16.765529+00:00,True,0.960
sw-std-6-run04-20260809T063534,sw-std,6,16,data/raw/6/capture_6_sw-std_sw-std-6-run04-20260809T063534_16.pcap,,2026-08-08T19:11:19.785197+00:00,True,0.909
sw-std-6-run04-20260809T063534,sw-std,6,17,data/raw/6/capture_6_sw-std_sw-std-6-run04-20260809T063534_17.pcap,,2026-08-08T19:11:22.919337+00:00,True,0.901
sw-std-6-run04-20260809T063534,sw-std,6,18,data/raw/6/capture_6_sw-std_sw-std-6-run04-20260809T063534_18.pcap,,2026-08-08T19:11:26.054432+00:00,True,0.543
sw-std-6-run04-20260809T063534,sw-std,6,19,data/raw/6/capture_6_sw-std_sw-std-6-run04-20260809T063534_19.pcap,,2026-08-08T19:11:29.226245+00:00,True,0.916
sw-std-6-run04-20260809T063534,sw-std,6,20,data/raw/6/capture_6_sw-std_sw-std-6-run04-20260809T063534_20.pcap,,2026-08-08T19:11:32.422804+00:00,True,0.946
sw-std-6-run05-20260809T063534,sw-std,6,1,data/raw/6/capture_6_sw-std_sw-std-6-run05-20260809T063534_1.pcap,,2026-08-08T19:11:35.590755+00:00,True,0.552
sw-std-6-run05-20260809T063534,sw-std,6,2,data/raw/6/capture_6_sw-std_sw-std-6-run05-20260809T063534_2.pcap,,2026-08-08T19:11:38.716493+00:00,True,0.968
sw-std-6-run05-20260809T063534,sw-std,6,3,data/raw/6/capture_6_sw-std_sw-std-6-run05-20260809T063534_3.pcap,,2026-08-08T19:11:41.933171+00:00,True,0.933
sw-std-6-run05-20260809T063534,sw-std,6,4,data/raw/6/capture_6_sw-std_sw-std-6-run05-20260809T063534_4.pcap,,2026-08-08T19:11:45.157104+00:00,True,0.586
sw-std-6-run05-20260809T063534,sw-std,6,5,data/raw/6/capture_6_sw-std_sw-std-6-run05-20260809T063534_5.pcap,,2026-08-08T19:11:48.392617+00:00,True,0.698
sw-std-6-run05-20260809T063534,sw-std,6,6,data/raw/6/capture_6_sw-std_sw-std-6-run05-20260809T063534_6.pcap,,2026-08-08T19:11:51.414560+00:00,True,0.561
sw-std-6-run05-20260809T063534,sw-std,6,7,data/raw/6/capture_6_sw-std_sw-std-6-run05-20260809T063534_7.pcap,,2026-08-08T19:11:54.618064+00:00,True,0.539
sw-std-6-run05-20260809T063534,sw-std,6,8,data/raw/6/capture_6_sw-std_sw-std-6-run05-20260809T063534_8.pcap,,2026-08-08T19:11:57.636209+00:00,True,0.558
sw-std-6-run05-20260809T063534,sw-std,6,9,data/raw/6/capture_6_sw-std_sw-std-6-run05-20260809T063534_9.pcap,,2026-08-08T19:12:00.567350+00:00,True,0.553
sw-std-6-run05-20260809T063534,sw-std,6,10,data/raw/6/capture_6_sw-std_sw-std-6-run05-20260809T063534_10.pcap,,2026-08-08T19:12:03.779041+00:00,True,0.572
sw-std-6-run05-20260809T063534,sw-std,6,11,data/raw/6/capture_6_sw-std_sw-std-6-run05-20260809T063534_11.pcap,,2026-08-08T19:12:06.987520+00:00,True,0.923
sw-std-6-run05-20260809T063534,sw-std,6,12,data/raw/6/capture_6_sw-std_sw-std-6-run05-20260809T063534_12.pcap,,2026-08-08T19:12:09.990471+00:00,True,0.901
sw-std-6-run05-20260809T063534,sw-std,6,13,data/raw/6/capture_6_sw-std_sw-std-6-run05-20260809T063534_13.pcap,,2026-08-08T19:12:13.162989+00:00,True,1.005
sw-std-6-run05-20260809T063534,sw-std,6,14,data/raw/6/capture_6_sw-std_sw-std-6-run05-20260809T063534_14.pcap,,2026-08-08T19:12:16.139689+00:00,True,0.881
sw-std-6-run05-20260809T063534,sw-std,6,15,data/raw/6/capture_6_sw-std_sw-std-6-run05-20260809T063534_15.pcap,,2026-08-08T19:12:19.155103+00:00,True,0.896
sw-std-6-run05-20260809T063534,sw-std,6,16,data/raw/6/capture_6_sw-std_sw-std-6-run05-20260809T063534_16.pcap,,2026-08-08T19:12:22.383299+00:00,True,0.900
sw-std-6-run05-20260809T063534,sw-std,6,17,data/raw/6/capture_6_sw-std_sw-std-6-run05-20260809T063534_17.pcap,,2026-08-08T19:12:25.563414+00:00,True,0.998
sw-std-6-run05-20260809T063534,sw-std,6,18,data/raw/6/capture_6_sw-std_sw-std-6-run05-20260809T063534_18.pcap,,2026-08-08T19:12:28.741212+00:00,True,0.573
sw-std-6-run05-20260809T063534,sw-std,6,19,data/raw/6/capture_6_sw-std_sw-std-6-run05-20260809T063534_19.pcap,,2026-08-08T19:12:31.865885+00:00,True,0.884
sw-std-6-run05-20260809T063534,sw-std,6,20,data/raw/6/capture_6_sw-std_sw-std-6-run05-20260809T063534_20.pcap,,2026-08-08T19:12:35.042770+00:00,True,0.882
sw-ext-0-run01-20260809T063534,sw-ext,0,1,data/raw/0/capture_0_sw-ext_sw-ext-0-run01-20260809T063534_1.pcap,,2026-08-08T19:12:42.359045+00:00,True,0.599
sw-ext-0-run01-20260809T063534,sw-ext,0,2,data/raw/0/capture_0_sw-ext_sw-ext-0-run01-20260809T063534_2.pcap,,2026-08-08T19:12:45.493767+00:00,True,0.605
sw-ext-0-run01-20260809T063534,sw-ext,0,3,data/raw/0/capture_0_sw-ext_sw-ext-0-run01-20260809T063534_3.pcap,,2026-08-08T19:12:48.514866+00:00,True,0.961
sw-ext-0-run01-20260809T063534,sw-ext,0,4,data/raw/0/capture_0_sw-ext_sw-ext-0-run01-20260809T063534_4.pcap,,2026-08-08T19:12:51.734567+00:00,True,0.590
sw-ext-0-run01-20260809T063534,sw-ext,0,5,data/raw/0/capture_0_sw-ext_sw-ext-0-run01-20260809T063534_5.pcap,,2026-08-08T19:12:54.705043+00:00,True,0.887
sw-ext-0-run01-20260809T063534,sw-ext,0,6,data/raw/0/capture_0_sw-ext_sw-ext-0-run01-20260809T063534_6.pcap,,2026-08-08T19:12:57.642148+00:00,True,0.908
sw-ext-0-run01-20260809T063534,sw-ext,0,7,data/raw/0/capture_0_sw-ext_sw-ext-0-run01-20260809T063534_7.pcap,,2026-08-08T19:13:00.802182+00:00,True,0.966
sw-ext-0-run01-20260809T063534,sw-ext,0,8,data/raw/0/capture_0_sw-ext_sw-ext-0-run01-20260809T063534_8.pcap,,2026-08-08T19:13:03.995052+00:00,True,0.536
sw-ext-0-run01-20260809T063534,sw-ext,0,9,data/raw/0/capture_0_sw-ext_sw-ext-0-run01-20260809T063534_9.pcap,,2026-08-08T19:13:07.186037+00:00,True,0.879
sw-ext-0-run01-20260809T063534,sw-ext,0,10,data/raw/0/capture_0_sw-ext_sw-ext-0-run01-20260809T063534_10.pcap,,2026-08-08T19:13:10.188755+00:00,True,0.570
sw-ext-0-run01-20260809T063534,sw-ext,0,11,data/raw/0/capture_0_sw-ext_sw-ext-0-run01-20260809T063534_11.pcap,,2026-08-08T19:13:13.224950+00:00,True,0.939
sw-ext-0-run01-20260809T063534,sw-ext,0,12,data/raw/0/capture_0_sw-ext_sw-ext-0-run01-20260809T063534_12.pcap,,2026-08-08T19:13:16.262045+00:00,True,0.867
sw-ext-0-run01-20260809T063534,sw-ext,0,13,data/raw/0/capture_0_sw-ext_sw-ext-0-run01-20260809T063534_13.pcap,,2026-08-08T19:13:19.280646+00:00,True,0.932
sw-ext-0-run01-20260809T063534,sw-ext,0,14,data/raw/0/capture_0_sw-ext_sw-ext-0-run01-20260809T063534_14.pcap,,2026-08-08T19:13:22.301001+00:00,True,0.930
sw-ext-0-run01-20260809T063534,sw-ext,0,15,data/raw/0/capture_0_sw-ext_sw-ext-0-run01-20260809T063534_15.pcap,,2026-08-08T19:13:25.479276+00:00,True,0.934
sw-ext-0-run01-20260809T063534,sw-ext,0,16,data/raw/0/capture_0_sw-ext_sw-ext-0-run01-20260809T063534_16.pcap,,2026-08-08T19:13:28.457885+00:00,True,0.944
sw-ext-0-run01-20260809T063534,sw-ext,0,17,data/raw/0/capture_0_sw-ext_sw-ext-0-run01-20260809T063534_17.pcap,,2026-08-08T19:13:31.633298+00:00,True,0.936
sw-ext-0-run01-20260809T063534,sw-ext,0,18,data/raw/0/capture_0_sw-ext_sw-ext-0-run01-20260809T063534_18.pcap,,2026-08-08T19:13:34.860103+00:00,True,0.573
sw-ext-0-run01-20260809T063534,sw-ext,0,19,data/raw/0/capture_0_sw-ext_sw-ext-0-run01-20260809T063534_19.pcap,,2026-08-08T19:13:38.110070+00:00,True,0.876
sw-ext-0-run01-20260809T063534,sw-ext,0,20,data/raw/0/capture_0_sw-ext_sw-ext-0-run01-20260809T063534_20.pcap,,2026-08-08T19:13:41.221488+00:00,True,0.576
sw-ext-0-run02-20260809T063534,sw-ext,0,1,data/raw/0/capture_0_sw-ext_sw-ext-0-run02-20260809T063534_1.pcap,,2026-08-08T19:13:44.340768+00:00,True,0.571
sw-ext-0-run02-20260809T063534,sw-ext,0,2,data/raw/0/capture_0_sw-ext_sw-ext-0-run02-20260809T063534_2.pcap,,2026-08-08T19:13:47.298737+00:00,True,0.923
sw-ext-0-run02-20260809T063534,sw-ext,0,3,data/raw/0/capture_0_sw-ext_sw-ext-0-run02-20260809T063534_3.pcap,,2026-08-08T19:13:50.480025+00:00,True,0.603
sw-ext-0-run02-20260809T063534,sw-ext,0,4,data/raw/0/capture_0_sw-ext_sw-ext-0-run02-20260809T063534_4.pcap,,2026-08-08T19:13:53.651642+00:00,True,0.563
sw-ext-0-run02-20260809T063534,sw-ext,0,5,data/raw/0/capture_0_sw-ext_sw-ext-0-run02-20260809T063534_5.pcap,,2026-08-08T19:13:56.630747+00:00,True,0.946
sw-ext-0-run02-20260809T063534,sw-ext,0,6,data/raw/0/capture_0_sw-ext_sw-ext-0-run02-20260809T063534_6.pcap,,2026-08-08T19:13:59.861604+00:00,True,0.990
sw-ext-0-run02-20260809T063534,sw-ext,0,7,data/raw/0/capture_0_sw-ext_sw-ext-0-run02-20260809T063534_7.pcap,,2026-08-08T19:14:03.085395+00:00,True,0.542
sw-ext-0-run02-20260809T063534,sw-ext,0,8,data/raw/0/capture_0_sw-ext_sw-ext-0-run02-20260809T063534_8.pcap,,2026-08-08T19:14:06.264308+00:00,True,1.147
sw-ext-0-run02-20260809T063534,sw-ext,0,9,data/raw/0/capture_0_sw-ext_sw-ext-0-run02-20260809T063534_9.pcap,,2026-08-08T19:14:09.491773+00:00,True,0.958
sw-ext-0-run02-20260809T063534,sw-ext,0,10,data/raw/0/capture_0_sw-ext_sw-ext-0-run02-20260809T063534_10.pcap,,2026-08-08T19:14:12.662325+00:00,True,0.891
sw-ext-0-run02-20260809T063534,sw-ext,0,11,data/raw/0/capture_0_sw-ext_sw-ext-0-run02-20260809T063534_11.pcap,,2026-08-08T19:14:15.856248+00:00,True,0.609
sw-ext-0-run02-20260809T063534,sw-ext,0,12,data/raw/0/capture_0_sw-ext_sw-ext-0-run02-20260809T063534_12.pcap,,2026-08-08T19:14:18.869158+00:00,True,0.891
sw-ext-0-run02-20260809T063534,sw-ext,0,13,data/raw/0/capture_0_sw-ext_sw-ext-0-run02-20260809T063534_13.pcap,,2026-08-08T19:14:22.059202+00:00,True,0.896
sw-ext-0-run02-20260809T063534,sw-ext,0,14,data/raw/0/capture_0_sw-ext_sw-ext-0-run02-20260809T063534_14.pcap,,2026-08-08T19:14:25.286187+00:00,True,0.898
sw-ext-0-run02-20260809T063534,sw-ext,0,15,data/raw/0/capture_0_sw-ext_sw-ext-0-run02-20260809T063534_15.pcap,,2026-08-08T19:14:28.220435+00:00,True,0.946
sw-ext-0-run02-20260809T063534,sw-ext,0,16,data/raw/0/capture_0_sw-ext_sw-ext-0-run02-20260809T063534_16.pcap,,2026-08-08T19:14:31.413375+00:00,True,0.994
sw-ext-0-run02-20260809T063534,sw-ext,0,17,data/raw/0/capture_0_sw-ext_sw-ext-0-run02-20260809T063534_17.pcap,,2026-08-08T19:14:34.637112+00:00,True,1.062
sw-ext-0-run02-20260809T063534,sw-ext,0,18,data/raw/0/capture_0_sw-ext_sw-ext-0-run02-20260809T063534_18.pcap,,2026-08-08T19:14:37.606917+00:00,True,0.881
sw-ext-0-run02-20260809T063534,sw-ext,0,19,data/raw/0/capture_0_sw-ext_sw-ext-0-run02-20260809T063534_19.pcap,,2026-08-08T19:14:40.781223+00:00,True,0.896
sw-ext-0-run02-20260809T063534,sw-ext,0,20,data/raw/0/capture_0_sw-ext_sw-ext-0-run02-20260809T063534_20.pcap,,2026-08-08T19:14:44.015109+00:00,True,0.934
sw-ext-0-run03-20260809T063534,sw-ext,0,1,data/raw/0/capture_0_sw-ext_sw-ext-0-run03-20260809T063534_1.pcap,,2026-08-08T19:14:47.019574+00:00,True,0.911
sw-ext-0-run03-20260809T063534,sw-ext,0,2,data/raw/0/capture_0_sw-ext_sw-ext-0-run03-20260809T063534_2.pcap,,2026-08-08T19:14:50.006749+00:00,True,0.884
sw-ext-0-run03-20260809T063534,sw-ext,0,3,data/raw/0/capture_0_sw-ext_sw-ext-0-run03-20260809T063534_3.pcap,,2026-08-08T19:14:53.224954+00:00,True,0.936
sw-ext-0-run03-20260809T063534,sw-ext,0,4,data/raw/0/capture_0_sw-ext_sw-ext-0-run03-20260809T063534_4.pcap,,2026-08-08T19:14:56.221387+00:00,True,0.913
sw-ext-0-run03-20260809T063534,sw-ext,0,5,data/raw/0/capture_0_sw-ext_sw-ext-0-run03-20260809T063534_5.pcap,,2026-08-08T19:14:59.441571+00:00,True,0.915
sw-ext-0-run03-20260809T063534,sw-ext,0,6,data/raw/0/capture_0_sw-ext_sw-ext-0-run03-20260809T063534_6.pcap,,2026-08-08T19:15:02.588528+00:00,True,0.549
sw-ext-0-run03-20260809T063534,sw-ext,0,7,data/raw/0/capture_0_sw-ext_sw-ext-0-run03-20260809T063534_7.pcap,,2026-08-08T19:15:05.767122+00:00,True,1.387
sw-ext-0-run03-20260809T063534,sw-ext,0,8,data/raw/0/capture_0_sw-ext_sw-ext-0-run03-20260809T063534_8.pcap,,2026-08-08T19:15:08.744188+00:00,True,0.897
sw-ext-0-run03-20260809T063534,sw-ext,0,9,data/raw/0/capture_0_sw-ext_sw-ext-0-run03-20260809T063534_9.pcap,,2026-08-08T19:15:11.918928+00:00,True,0.895
sw-ext-0-run03-20260809T063534,sw-ext,0,10,data/raw/0/capture_0_sw-ext_sw-ext-0-run03-20260809T063534_10.pcap,,2026-08-08T19:15:15.102588+00:00,True,1.783
sw-ext-0-run03-20260809T063534,sw-ext,0,11,data/raw/0/capture_0_sw-ext_sw-ext-0-run03-20260809T063534_11.pcap,,2026-08-08T19:15:18.318815+00:00,True,0.564
sw-ext-0-run03-20260809T063534,sw-ext,0,12,data/raw/0/capture_0_sw-ext_sw-ext-0-run03-20260809T063534_12.pcap,,2026-08-08T19:15:21.555267+00:00,True,0.917
sw-ext-0-run03-20260809T063534,sw-ext,0,13,data/raw/0/capture_0_sw-ext_sw-ext-0-run03-20260809T063534_13.pcap,,2026-08-08T19:15:24.727578+00:00,True,0.904
sw-ext-0-run03-20260809T063534,sw-ext,0,14,data/raw/0/capture_0_sw-ext_sw-ext-0-run03-20260809T063534_14.pcap,,2026-08-08T19:15:27.717084+00:00,True,0.899
sw-ext-0-run03-20260809T063534,sw-ext,0,15,data/raw/0/capture_0_sw-ext_sw-ext-0-run03-20260809T063534_15.pcap,,2026-08-08T19:15:30.732576+00:00,True,0.569
sw-ext-0-run03-20260809T063534,sw-ext,0,16,data/raw/0/capture_0_sw-ext_sw-ext-0-run03-20260809T063534_16.pcap,,2026-08-08T19:15:33.885292+00:00,True,0.917
sw-ext-0-run03-20260809T063534,sw-ext,0,17,data/raw/0/capture_0_sw-ext_sw-ext-0-run03-20260809T063534_17.pcap,,2026-08-08T19:15:37.063202+00:00,True,0.580
sw-ext-0-run03-20260809T063534,sw-ext,0,18,data/raw/0/capture_0_sw-ext_sw-ext-0-run03-20260809T063534_18.pcap,,2026-08-08T19:15:40.279238+00:00,True,0.558
sw-ext-0-run03-20260809T063534,sw-ext,0,19,data/raw/0/capture_0_sw-ext_sw-ext-0-run03-20260809T063534_19.pcap,,2026-08-08T19:15:43.489584+00:00,True,0.584
sw-ext-0-run03-20260809T063534,sw-ext,0,20,data/raw/0/capture_0_sw-ext_sw-ext-0-run03-20260809T063534_20.pcap,,2026-08-08T19:15:46.507937+00:00,True,0.920
sw-ext-0-run04-20260809T063534,sw-ext,0,1,data/raw/0/capture_0_sw-ext_sw-ext-0-run04-20260809T063534_1.pcap,,2026-08-08T19:15:49.727528+00:00,True,0.961
sw-ext-0-run04-20260809T063534,sw-ext,0,2,data/raw/0/capture_0_sw-ext_sw-ext-0-run04-20260809T063534_2.pcap,,2026-08-08T19:15:52.945973+00:00,True,0.873
sw-ext-0-run04-20260809T063534,sw-ext,0,3,data/raw/0/capture_0_sw-ext_sw-ext-0-run04-20260809T063534_3.pcap,,2026-08-08T19:15:56.135852+00:00,True,0.917
sw-ext-0-run04-20260809T063534,sw-ext,0,4,data/raw/0/capture_0_sw-ext_sw-ext-0-run04-20260809T063534_4.pcap,,2026-08-08T19:15:59.097999+00:00,True,0.884
sw-ext-0-run04-20260809T063534,sw-ext,0,5,data/raw/0/capture_0_sw-ext_sw-ext-0-run04-20260809T063534_5.pcap,,2026-08-08T19:16:02.306886+00:00,True,0.585
sw-ext-0-run04-20260809T063534,sw-ext,0,6,data/raw/0/capture_0_sw-ext_sw-ext-0-run04-20260809T063534_6.pcap,,2026-08-08T19:16:05.493031+00:00,True,0.892
sw-ext-0-run04-20260809T063534,sw-ext,0,7,data/raw/0/capture_0_sw-ext_sw-ext-0-run04-20260809T063534_7.pcap,,2026-08-08T19:16:08.530502+00:00,True,0.868
sw-ext-0-run04-20260809T063534,sw-ext,0,8,data/raw/0/capture_0_sw-ext_sw-ext-0-run04-20260809T063534_8.pcap,,2026-08-08T19:16:11.557504+00:00,True,0.958
sw-ext-0-run04-20260809T063534,sw-ext,0,9,data/raw/0/capture_0_sw-ext_sw-ext-0-run04-20260809T063534_9.pcap,,2026-08-08T19:16:14.778731+00:00,True,0.878
sw-ext-0-run04-20260809T063534,sw-ext,0,10,data/raw/0/capture_0_sw-ext_sw-ext-0-run04-20260809T063534_10.pcap,,2026-08-08T19:16:17.995207+00:00,True,0.939
sw-ext-0-run04-20260809T063534,sw-ext,0,11,data/raw/0/capture_0_sw-ext_sw-ext-0-run04-20260809T063534_11.pcap,,2026-08-08T19:16:21.214883+00:00,True,0.937
sw-ext-0-run04-20260809T063534,sw-ext,0,12,data/raw/0/capture_0_sw-ext_sw-ext-0-run04-20260809T063534_12.pcap,,2026-08-08T19:16:24.380112+00:00,True,0.916
sw-ext-0-run04-20260809T063534,sw-ext,0,13,data/raw/0/capture_0_sw-ext_sw-ext-0-run04-20260809T063534_13.pcap,,2026-08-08T19:16:27.563922+00:00,True,0.866
sw-ext-0-run04-20260809T063534,sw-ext,0,14,data/raw/0/capture_0_sw-ext_sw-ext-0-run04-20260809T063534_14.pcap,,2026-08-08T19:16:30.501196+00:00,True,0.871
sw-ext-0-run04-20260809T063534,sw-ext,0,15,data/raw/0/capture_0_sw-ext_sw-ext-0-run04-20260809T063534_15.pcap,,2026-08-08T19:16:33.635323+00:00,True,0.910
sw-ext-0-run04-20260809T063534,sw-ext,0,16,data/raw/0/capture_0_sw-ext_sw-ext-0-run04-20260809T063534_16.pcap,,2026-08-08T19:16:36.771778+00:00,True,0.901
sw-ext-0-run04-20260809T063534,sw-ext,0,17,data/raw/0/capture_0_sw-ext_sw-ext-0-run04-20260809T063534_17.pcap,,2026-08-08T19:16:39.981416+00:00,True,0.920
sw-ext-0-run04-20260809T063534,sw-ext,0,18,data/raw/0/capture_0_sw-ext_sw-ext-0-run04-20260809T063534_18.pcap,,2026-08-08T19:16:43.194467+00:00,True,0.889
sw-ext-0-run04-20260809T063534,sw-ext,0,19,data/raw/0/capture_0_sw-ext_sw-ext-0-run04-20260809T063534_19.pcap,,2026-08-08T19:16:46.206765+00:00,True,0.561
sw-ext-0-run04-20260809T063534,sw-ext,0,20,data/raw/0/capture_0_sw-ext_sw-ext-0-run04-20260809T063534_20.pcap,,2026-08-08T19:16:49.370405+00:00,True,0.971
sw-ext-0-run05-20260809T063534,sw-ext,0,1,data/raw/0/capture_0_sw-ext_sw-ext-0-run05-20260809T063534_1.pcap,,2026-08-08T19:16:52.515413+00:00,True,0.932
sw-ext-0-run05-20260809T063534,sw-ext,0,2,data/raw/0/capture_0_sw-ext_sw-ext-0-run05-20260809T063534_2.pcap,,2026-08-08T19:16:55.735281+00:00,True,0.941
sw-ext-0-run05-20260809T063534,sw-ext,0,3,data/raw/0/capture_0_sw-ext_sw-ext-0-run05-20260809T063534_3.pcap,,2026-08-08T19:16:58.896140+00:00,True,0.957
sw-ext-0-run05-20260809T063534,sw-ext,0,4,data/raw/0/capture_0_sw-ext_sw-ext-0-run05-20260809T063534_4.pcap,,2026-08-08T19:17:02.055247+00:00,True,0.876
sw-ext-0-run05-20260809T063534,sw-ext,0,5,data/raw/0/capture_0_sw-ext_sw-ext-0-run05-20260809T063534_5.pcap,,2026-08-08T19:17:05.227293+00:00,True,0.966
sw-ext-0-run05-20260809T063534,sw-ext,0,6,data/raw/0/capture_0_sw-ext_sw-ext-0-run05-20260809T063534_6.pcap,,2026-08-08T19:17:08.369221+00:00,True,0.873
sw-ext-0-run05-20260809T063534,sw-ext,0,7,data/raw/0/capture_0_sw-ext_sw-ext-0-run05-20260809T063534_7.pcap,,2026-08-08T19:17:11.589767+00:00,True,0.881
sw-ext-0-run05-20260809T063534,sw-ext,0,8,data/raw/0/capture_0_sw-ext_sw-ext-0-run05-20260809T063534_8.pcap,,2026-08-08T19:17:14.618415+00:00,True,0.899
sw-ext-0-run05-20260809T063534,sw-ext,0,9,data/raw/0/capture_0_sw-ext_sw-ext-0-run05-20260809T063534_9.pcap,,2026-08-08T19:17:17.539170+00:00,True,0.914
sw-ext-0-run05-20260809T063534,sw-ext,0,10,data/raw/0/capture_0_sw-ext_sw-ext-0-run05-20260809T063534_10.pcap,,2026-08-08T19:17:20.758921+00:00,True,0.893
sw-ext-0-run05-20260809T063534,sw-ext,0,11,data/raw/0/capture_0_sw-ext_sw-ext-0-run05-20260809T063534_11.pcap,,2026-08-08T19:17:23.934061+00:00,True,0.883
sw-ext-0-run05-20260809T063534,sw-ext,0,12,data/raw/0/capture_0_sw-ext_sw-ext-0-run05-20260809T063534_12.pcap,,2026-08-08T19:17:27.150747+00:00,True,0.962
sw-ext-0-run05-20260809T063534,sw-ext,0,13,data/raw/0/capture_0_sw-ext_sw-ext-0-run05-20260809T063534_13.pcap,,2026-08-08T19:17:30.375508+00:00,True,0.596
sw-ext-0-run05-20260809T063534,sw-ext,0,14,data/raw/0/capture_0_sw-ext_sw-ext-0-run05-20260809T063534_14.pcap,,2026-08-08T19:17:33.381658+00:00,True,0.537
sw-ext-0-run05-20260809T063534,sw-ext,0,15,data/raw/0/capture_0_sw-ext_sw-ext-0-run05-20260809T063534_15.pcap,,2026-08-08T19:17:36.597642+00:00,True,0.898
sw-ext-0-run05-20260809T063534,sw-ext,0,16,data/raw/0/capture_0_sw-ext_sw-ext-0-run05-20260809T063534_16.pcap,,2026-08-08T19:17:39.562928+00:00,True,0.877
sw-ext-0-run05-20260809T063534,sw-ext,0,17,data/raw/0/capture_0_sw-ext_sw-ext-0-run05-20260809T063534_17.pcap,,2026-08-08T19:17:42.549597+00:00,True,0.910
sw-ext-0-run05-20260809T063534,sw-ext,0,18,data/raw/0/capture_0_sw-ext_sw-ext-0-run05-20260809T063534_18.pcap,,2026-08-08T19:17:45.778859+00:00,True,0.906
sw-ext-0-run05-20260809T063534,sw-ext,0,19,data/raw/0/capture_0_sw-ext_sw-ext-0-run05-20260809T063534_19.pcap,,2026-08-08T19:17:48.998789+00:00,True,0.598
sw-ext-0-run05-20260809T063534,sw-ext,0,20,data/raw/0/capture_0_sw-ext_sw-ext-0-run05-20260809T063534_20.pcap,,2026-08-08T19:17:52.006530+00:00,True,0.931
sw-ext-1-run01-20260809T063534,sw-ext,1,1,data/raw/1/capture_1_sw-ext_sw-ext-1-run01-20260809T063534_1.pcap,,2026-08-08T19:17:59.381719+00:00,True,1.002
sw-ext-1-run01-20260809T063534,sw-ext,1,2,data/raw/1/capture_1_sw-ext_sw-ext-1-run01-20260809T063534_2.pcap,,2026-08-08T19:18:02.599070+00:00,True,0.954
sw-ext-1-run01-20260809T063534,sw-ext,1,3,data/raw/1/capture_1_sw-ext_sw-ext-1-run01-20260809T063534_3.pcap,,2026-08-08T19:18:05.780916+00:00,True,0.942
sw-ext-1-run01-20260809T063534,sw-ext,1,4,data/raw/1/capture_1_sw-ext_sw-ext-1-run01-20260809T063534_4.pcap,,2026-08-08T19:18:08.998249+00:00,True,1.077
sw-ext-1-run01-20260809T063534,sw-ext,1,5,data/raw/1/capture_1_sw-ext_sw-ext-1-run01-20260809T063534_5.pcap,,2026-08-08T19:18:12.163586+00:00,True,0.877
sw-ext-1-run01-20260809T063534,sw-ext,1,6,data/raw/1/capture_1_sw-ext_sw-ext-1-run01-20260809T063534_6.pcap,,2026-08-08T19:18:15.386718+00:00,True,0.935
sw-ext-1-run01-20260809T063534,sw-ext,1,7,data/raw/1/capture_1_sw-ext_sw-ext-1-run01-20260809T063534_7.pcap,,2026-08-08T19:18:18.600072+00:00,True,0.965
sw-ext-1-run01-20260809T063534,sw-ext,1,8,data/raw/1/capture_1_sw-ext_sw-ext-1-run01-20260809T063534_8.pcap,,2026-08-08T19:18:21.817654+00:00,True,0.559
sw-ext-1-run01-20260809T063534,sw-ext,1,9,data/raw/1/capture_1_sw-ext_sw-ext-1-run01-20260809T063534_9.pcap,,2026-08-08T19:18:24.831235+00:00,True,0.942
sw-ext-1-run01-20260809T063534,sw-ext,1,10,data/raw/1/capture_1_sw-ext_sw-ext-1-run01-20260809T063534_10.pcap,,2026-08-08T19:18:27.839069+00:00,True,0.896
sw-ext-1-run01-20260809T063534,sw-ext,1,11,data/raw/1/capture_1_sw-ext_sw-ext-1-run01-20260809T063534_11.pcap,,2026-08-08T19:18:31.063656+00:00,True,0.572
sw-ext-1-run01-20260809T063534,sw-ext,1,12,data/raw/1/capture_1_sw-ext_sw-ext-1-run01-20260809T063534_12.pcap,,2026-08-08T19:18:34.094603+00:00,True,0.569
sw-ext-1-run01-20260809T063534,sw-ext,1,13,data/raw/1/capture_1_sw-ext_sw-ext-1-run01-20260809T063534_13.pcap,,2026-08-08T19:18:37.319163+00:00,True,0.926
sw-ext-1-run01-20260809T063534,sw-ext,1,14,data/raw/1/capture_1_sw-ext_sw-ext-1-run01-20260809T063534_14.pcap,,2026-08-08T19:18:40.530830+00:00,True,0.966
sw-ext-1-run01-20260809T063534,sw-ext,1,15,data/raw/1/capture_1_sw-ext_sw-ext-1-run01-20260809T063534_15.pcap,,2026-08-08T19:18:43.543348+00:00,True,1.099
sw-ext-1-run01-20260809T063534,sw-ext,1,16,data/raw/1/capture_1_sw-ext_sw-ext-1-run01-20260809T063534_16.pcap,,2026-08-08T19:18:46.725715+00:00,True,0.894
sw-ext-1-run01-20260809T063534,sw-ext,1,17,data/raw/1/capture_1_sw-ext_sw-ext-1-run01-20260809T063534_17.pcap,,2026-08-08T19:18:49.862584+00:00,True,0.588
sw-ext-1-run01-20260809T063534,sw-ext,1,18,data/raw/1/capture_1_sw-ext_sw-ext-1-run01-20260809T063534_18.pcap,,2026-08-08T19:18:53.027051+00:00,True,0.613
sw-ext-1-run01-20260809T063534,sw-ext,1,19,data/raw/1/capture_1_sw-ext_sw-ext-1-run01-20260809T063534_19.pcap,,2026-08-08T19:18:55.989040+00:00,True,0.893
sw-ext-1-run01-20260809T063534,sw-ext,1,20,data/raw/1/capture_1_sw-ext_sw-ext-1-run01-20260809T063534_20.pcap,,2026-08-08T19:18:59.205032+00:00,True,0.884
sw-ext-1-run02-20260809T063534,sw-ext,1,1,data/raw/1/capture_1_sw-ext_sw-ext-1-run02-20260809T063534_1.pcap,,2026-08-08T19:19:02.426171+00:00,True,0.885
sw-ext-1-run02-20260809T063534,sw-ext,1,2,data/raw/1/capture_1_sw-ext_sw-ext-1-run02-20260809T063534_2.pcap,,2026-08-08T19:19:05.432352+00:00,True,0.556
sw-ext-1-run02-20260809T063534,sw-ext,1,3,data/raw/1/capture_1_sw-ext_sw-ext-1-run02-20260809T063534_3.pcap,,2026-08-08T19:19:08.646640+00:00,True,0.969
sw-ext-1-run02-20260809T063534,sw-ext,1,4,data/raw/1/capture_1_sw-ext_sw-ext-1-run02-20260809T063534_4.pcap,,2026-08-08T19:19:11.872093+00:00,True,0.901
sw-ext-1-run02-20260809T063534,sw-ext,1,5,data/raw/1/capture_1_sw-ext_sw-ext-1-run02-20260809T063534_5.pcap,,2026-08-08T19:19:14.881632+00:00,True,0.907
sw-ext-1-run02-20260809T063534,sw-ext,1,6,data/raw/1/capture_1_sw-ext_sw-ext-1-run02-20260809T063534_6.pcap,,2026-08-08T19:19:18.114663+00:00,True,0.919
sw-ext-1-run02-20260809T063534,sw-ext,1,7,data/raw/1/capture_1_sw-ext_sw-ext-1-run02-20260809T063534_7.pcap,,2026-08-08T19:19:21.280069+00:00,True,0.546
sw-ext-1-run02-20260809T063534,sw-ext,1,8,data/raw/1/capture_1_sw-ext_sw-ext-1-run02-20260809T063534_8.pcap,,2026-08-08T19:19:24.449622+00:00,True,0.645
sw-ext-1-run02-20260809T063534,sw-ext,1,9,data/raw/1/capture_1_sw-ext_sw-ext-1-run02-20260809T063534_9.pcap,,2026-08-08T19:19:27.685113+00:00,True,0.941
sw-ext-1-run02-20260809T063534,sw-ext,1,10,data/raw/1/capture_1_sw-ext_sw-ext-1-run02-20260809T063534_10.pcap,,2026-08-08T19:19:30.710299+00:00,True,0.939
sw-ext-1-run02-20260809T063534,sw-ext,1,11,data/raw/1/capture_1_sw-ext_sw-ext-1-run02-20260809T063534_11.pcap,,2026-08-08T19:19:33.884523+00:00,True,0.981
sw-ext-1-run02-20260809T063534,sw-ext,1,12,data/raw/1/capture_1_sw-ext_sw-ext-1-run02-20260809T063534_12.pcap,,2026-08-08T19:19:37.066568+00:00,True,0.931
sw-ext-1-run02-20260809T063534,sw-ext,1,13,data/raw/1/capture_1_sw-ext_sw-ext-1-run02-20260809T063534_13.pcap,,2026-08-08T19:19:40.087387+00:00,True,0.867
sw-ext-1-run02-20260809T063534,sw-ext,1,14,data/raw/1/capture_1_sw-ext_sw-ext-1-run02-20260809T063534_14.pcap,,2026-08-08T19:19:43.303418+00:00,True,0.922
sw-ext-1-run02-20260809T063534,sw-ext,1,15,data/raw/1/capture_1_sw-ext_sw-ext-1-run02-20260809T063534_15.pcap,,2026-08-08T19:19:46.466268+00:00,True,1.237
sw-ext-1-run02-20260809T063534,sw-ext,1,16,data/raw/1/capture_1_sw-ext_sw-ext-1-run02-20260809T063534_16.pcap,,2026-08-08T19:19:49.603684+00:00,True,0.936
sw-ext-1-run02-20260809T063534,sw-ext,1,17,data/raw/1/capture_1_sw-ext_sw-ext-1-run02-20260809T063534_17.pcap,,2026-08-08T19:19:52.823137+00:00,True,0.889
sw-ext-1-run02-20260809T063534,sw-ext,1,18,data/raw/1/capture_1_sw-ext_sw-ext-1-run02-20260809T063534_18.pcap,,2026-08-08T19:19:55.991019+00:00,True,0.882
sw-ext-1-run02-20260809T063534,sw-ext,1,19,data/raw/1/capture_1_sw-ext_sw-ext-1-run02-20260809T063534_19.pcap,,2026-08-08T19:19:58.950318+00:00,True,0.908
sw-ext-1-run02-20260809T063534,sw-ext,1,20,data/raw/1/capture_1_sw-ext_sw-ext-1-run02-20260809T063534_20.pcap,,2026-08-08T19:20:02.118765+00:00,True,0.886
sw-ext-1-run03-20260809T063534,sw-ext,1,1,data/raw/1/capture_1_sw-ext_sw-ext-1-run03-20260809T063534_1.pcap,,2026-08-08T19:20:05.104760+00:00,True,0.625
sw-ext-1-run03-20260809T063534,sw-ext,1,2,data/raw/1/capture_1_sw-ext_sw-ext-1-run03-20260809T063534_2.pcap,,2026-08-08T19:20:08.318086+00:00,True,0.637
sw-ext-1-run03-20260809T063534,sw-ext,1,3,data/raw/1/capture_1_sw-ext_sw-ext-1-run03-20260809T063534_3.pcap,,2026-08-08T19:20:11.348808+00:00,True,0.935
sw-ext-1-run03-20260809T063534,sw-ext,1,4,data/raw/1/capture_1_sw-ext_sw-ext-1-run03-20260809T063534_4.pcap,,2026-08-08T19:20:14.527015+00:00,True,0.936
sw-ext-1-run03-20260809T063534,sw-ext,1,5,data/raw/1/capture_1_sw-ext_sw-ext-1-run03-20260809T063534_5.pcap,,2026-08-08T19:20:17.528588+00:00,True,0.920
sw-ext-1-run03-20260809T063534,sw-ext,1,6,data/raw/1/capture_1_sw-ext_sw-ext-1-run03-20260809T063534_6.pcap,,2026-08-08T19:20:20.711031+00:00,True,0.905
sw-ext-1-run03-20260809T063534,sw-ext,1,7,data/raw/1/capture_1_sw-ext_sw-ext-1-run03-20260809T063534_7.pcap,,2026-08-08T19:20:23.689394+00:00,True,0.874
sw-ext-1-run03-20260809T063534,sw-ext,1,8,data/raw/1/capture_1_sw-ext_sw-ext-1-run03-20260809T063534_8.pcap,,2026-08-08T19:20:26.837664+00:00,True,0.913
sw-ext-1-run03-20260809T063534,sw-ext,1,9,data/raw/1/capture_1_sw-ext_sw-ext-1-run03-20260809T063534_9.pcap,,2026-08-08T19:20:30.004071+00:00,True,0.876
sw-ext-1-run03-20260809T063534,sw-ext,1,10,data/raw/1/capture_1_sw-ext_sw-ext-1-run03-20260809T063534_10.pcap,,2026-08-08T19:20:33.015022+00:00,True,0.925
sw-ext-1-run03-20260809T063534,sw-ext,1,11,data/raw/1/capture_1_sw-ext_sw-ext-1-run03-20260809T063534_11.pcap,,2026-08-08T19:20:36.226740+00:00,True,0.610
sw-ext-1-run03-20260809T063534,sw-ext,1,12,data/raw/1/capture_1_sw-ext_sw-ext-1-run03-20260809T063534_12.pcap,,2026-08-08T19:20:39.190880+00:00,True,0.538
sw-ext-1-run03-20260809T063534,sw-ext,1,13,data/raw/1/capture_1_sw-ext_sw-ext-1-run03-20260809T063534_13.pcap,,2026-08-08T19:20:42.326113+00:00,True,1.148
sw-ext-1-run03-20260809T063534,sw-ext,1,14,data/raw/1/capture_1_sw-ext_sw-ext-1-run03-20260809T063534_14.pcap,,2026-08-08T19:20:45.505539+00:00,True,1.003
sw-ext-1-run03-20260809T063534,sw-ext,1,15,data/raw/1/capture_1_sw-ext_sw-ext-1-run03-20260809T063534_15.pcap,,2026-08-08T19:20:48.524791+00:00,True,0.976
sw-ext-1-run03-20260809T063534,sw-ext,1,16,data/raw/1/capture_1_sw-ext_sw-ext-1-run03-20260809T063534_16.pcap,,2026-08-08T19:20:51.729748+00:00,True,0.571
sw-ext-1-run03-20260809T063534,sw-ext,1,17,data/raw/1/capture_1_sw-ext_sw-ext-1-run03-20260809T063534_17.pcap,,2026-08-08T19:20:54.758721+00:00,True,0.958
sw-ext-1-run03-20260809T063534,sw-ext,1,18,data/raw/1/capture_1_sw-ext_sw-ext-1-run03-20260809T063534_18.pcap,,2026-08-08T19:20:57.986257+00:00,True,0.939
sw-ext-1-run03-20260809T063534,sw-ext,1,19,data/raw/1/capture_1_sw-ext_sw-ext-1-run03-20260809T063534_19.pcap,,2026-08-08T19:21:01.156886+00:00,True,0.918
sw-ext-1-run03-20260809T063534,sw-ext,1,20,data/raw/1/capture_1_sw-ext_sw-ext-1-run03-20260809T063534_20.pcap,,2026-08-08T19:21:04.340350+00:00,True,0.859
sw-ext-1-run04-20260809T063534,sw-ext,1,1,data/raw/1/capture_1_sw-ext_sw-ext-1-run04-20260809T063534_1.pcap,,2026-08-08T19:21:07.353385+00:00,True,0.866
sw-ext-1-run04-20260809T063534,sw-ext,1,2,data/raw/1/capture_1_sw-ext_sw-ext-1-run04-20260809T063534_2.pcap,,2026-08-08T19:21:10.519643+00:00,True,0.903
sw-ext-1-run04-20260809T063534,sw-ext,1,3,data/raw/1/capture_1_sw-ext_sw-ext-1-run04-20260809T063534_3.pcap,,2026-08-08T19:21:13.530630+00:00,True,0.889
sw-ext-1-run04-20260809T063534,sw-ext,1,4,data/raw/1/capture_1_sw-ext_sw-ext-1-run04-20260809T063534_4.pcap,,2026-08-08T19:21:16.509921+00:00,True,0.883
sw-ext-1-run04-20260809T063534,sw-ext,1,5,data/raw/1/capture_1_sw-ext_sw-ext-1-run04-20260809T063534_5.pcap,,2026-08-08T19:21:19.539147+00:00,True,0.898
sw-ext-1-run04-20260809T063534,sw-ext,1,6,data/raw/1/capture_1_sw-ext_sw-ext-1-run04-20260809T063534_6.pcap,,2026-08-08T19:21:22.504903+00:00,True,0.906
sw-ext-1-run04-20260809T063534,sw-ext,1,7,data/raw/1/capture_1_sw-ext_sw-ext-1-run04-20260809T063534_7.pcap,,2026-08-08T19:21:25.727311+00:00,True,1.023
sw-ext-1-run04-20260809T063534,sw-ext,1,8,data/raw/1/capture_1_sw-ext_sw-ext-1-run04-20260809T063534_8.pcap,,2026-08-08T19:21:28.951470+00:00,True,0.919
sw-ext-1-run04-20260809T063534,sw-ext,1,9,data/raw/1/capture_1_sw-ext_sw-ext-1-run04-20260809T063534_9.pcap,,2026-08-08T19:21:32.120642+00:00,True,0.919
sw-ext-1-run04-20260809T063534,sw-ext,1,10,data/raw/1/capture_1_sw-ext_sw-ext-1-run04-20260809T063534_10.pcap,,2026-08-08T19:21:35.339349+00:00,True,0.938
sw-ext-1-run04-20260809T063534,sw-ext,1,11,data/raw/1/capture_1_sw-ext_sw-ext-1-run04-20260809T063534_11.pcap,,2026-08-08T19:21:38.562219+00:00,True,0.591
sw-ext-1-run04-20260809T063534,sw-ext,1,12,data/raw/1/capture_1_sw-ext_sw-ext-1-run04-20260809T063534_12.pcap,,2026-08-08T19:21:41.741866+00:00,True,0.940
sw-ext-1-run04-20260809T063534,sw-ext,1,13,data/raw/1/capture_1_sw-ext_sw-ext-1-run04-20260809T063534_13.pcap,,2026-08-08T19:21:44.912631+00:00,True,0.558
sw-ext-1-run04-20260809T063534,sw-ext,1,14,data/raw/1/capture_1_sw-ext_sw-ext-1-run04-20260809T063534_14.pcap,,2026-08-08T19:21:48.106388+00:00,True,0.907
sw-ext-1-run04-20260809T063534,sw-ext,1,15,data/raw/1/capture_1_sw-ext_sw-ext-1-run04-20260809T063534_15.pcap,,2026-08-08T19:21:51.295246+00:00,True,0.973
sw-ext-1-run04-20260809T063534,sw-ext,1,16,data/raw/1/capture_1_sw-ext_sw-ext-1-run04-20260809T063534_16.pcap,,2026-08-08T19:21:54.470466+00:00,True,0.541
sw-ext-1-run04-20260809T063534,sw-ext,1,17,data/raw/1/capture_1_sw-ext_sw-ext-1-run04-20260809T063534_17.pcap,,2026-08-08T19:21:57.599126+00:00,True,0.938
sw-ext-1-run04-20260809T063534,sw-ext,1,18,data/raw/1/capture_1_sw-ext_sw-ext-1-run04-20260809T063534_18.pcap,,2026-08-08T19:22:00.615018+00:00,True,0.934
sw-ext-1-run04-20260809T063534,sw-ext,1,19,data/raw/1/capture_1_sw-ext_sw-ext-1-run04-20260809T063534_19.pcap,,2026-08-08T19:22:03.766610+00:00,True,0.907
sw-ext-1-run04-20260809T063534,sw-ext,1,20,data/raw/1/capture_1_sw-ext_sw-ext-1-run04-20260809T063534_20.pcap,,2026-08-08T19:22:06.798705+00:00,True,0.881
sw-ext-1-run05-20260809T063534,sw-ext,1,1,data/raw/1/capture_1_sw-ext_sw-ext-1-run05-20260809T063534_1.pcap,,2026-08-08T19:22:09.976769+00:00,True,0.934
sw-ext-1-run05-20260809T063534,sw-ext,1,2,data/raw/1/capture_1_sw-ext_sw-ext-1-run05-20260809T063534_2.pcap,,2026-08-08T19:22:13.180798+00:00,True,0.978
sw-ext-1-run05-20260809T063534,sw-ext,1,3,data/raw/1/capture_1_sw-ext_sw-ext-1-run05-20260809T063534_3.pcap,,2026-08-08T19:22:16.359374+00:00,True,0.571
sw-ext-1-run05-20260809T063534,sw-ext,1,4,data/raw/1/capture_1_sw-ext_sw-ext-1-run05-20260809T063534_4.pcap,,2026-08-08T19:22:19.343376+00:00,True,0.584
sw-ext-1-run05-20260809T063534,sw-ext,1,5,data/raw/1/capture_1_sw-ext_sw-ext-1-run05-20260809T063534_5.pcap,,2026-08-08T19:22:22.366939+00:00,True,0.891
sw-ext-1-run05-20260809T063534,sw-ext,1,6,data/raw/1/capture_1_sw-ext_sw-ext-1-run05-20260809T063534_6.pcap,,2026-08-08T19:22:25.538644+00:00,True,0.889
sw-ext-1-run05-20260809T063534,sw-ext,1,7,data/raw/1/capture_1_sw-ext_sw-ext-1-run05-20260809T063534_7.pcap,,2026-08-08T19:22:28.755440+00:00,True,0.806
sw-ext-1-run05-20260809T063534,sw-ext,1,8,data/raw/1/capture_1_sw-ext_sw-ext-1-run05-20260809T063534_8.pcap,,2026-08-08T19:22:31.722194+00:00,True,0.918
sw-ext-1-run05-20260809T063534,sw-ext,1,9,data/raw/1/capture_1_sw-ext_sw-ext-1-run05-20260809T063534_9.pcap,,2026-08-08T19:22:34.896364+00:00,True,0.570
sw-ext-1-run05-20260809T063534,sw-ext,1,10,data/raw/1/capture_1_sw-ext_sw-ext-1-run05-20260809T063534_10.pcap,,2026-08-08T19:22:38.046152+00:00,True,0.952
sw-ext-1-run05-20260809T063534,sw-ext,1,11,data/raw/1/capture_1_sw-ext_sw-ext-1-run05-20260809T063534_11.pcap,,2026-08-08T19:22:41.245593+00:00,True,0.965
sw-ext-1-run05-20260809T063534,sw-ext,1,12,data/raw/1/capture_1_sw-ext_sw-ext-1-run05-20260809T063534_12.pcap,,2026-08-08T19:22:44.272157+00:00,True,0.907
sw-ext-1-run05-20260809T063534,sw-ext,1,13,data/raw/1/capture_1_sw-ext_sw-ext-1-run05-20260809T063534_13.pcap,,2026-08-08T19:22:47.500311+00:00,True,0.920
sw-ext-1-run05-20260809T063534,sw-ext,1,14,data/raw/1/capture_1_sw-ext_sw-ext-1-run05-20260809T063534_14.pcap,,2026-08-08T19:22:50.527402+00:00,True,0.894
sw-ext-1-run05-20260809T063534,sw-ext,1,15,data/raw/1/capture_1_sw-ext_sw-ext-1-run05-20260809T063534_15.pcap,,2026-08-08T19:22:53.699435+00:00,True,0.941
sw-ext-1-run05-20260809T063534,sw-ext,1,16,data/raw/1/capture_1_sw-ext_sw-ext-1-run05-20260809T063534_16.pcap,,2026-08-08T19:22:56.945760+00:00,True,0.949
sw-ext-1-run05-20260809T063534,sw-ext,1,17,data/raw/1/capture_1_sw-ext_sw-ext-1-run05-20260809T063534_17.pcap,,2026-08-08T19:22:59.894804+00:00,True,0.952
sw-ext-1-run05-20260809T063534,sw-ext,1,18,data/raw/1/capture_1_sw-ext_sw-ext-1-run05-20260809T063534_18.pcap,,2026-08-08T19:23:02.948907+00:00,True,0.947
sw-ext-1-run05-20260809T063534,sw-ext,1,19,data/raw/1/capture_1_sw-ext_sw-ext-1-run05-20260809T063534_19.pcap,,2026-08-08T19:23:05.933609+00:00,True,0.563
sw-ext-1-run05-20260809T063534,sw-ext,1,20,data/raw/1/capture_1_sw-ext_sw-ext-1-run05-20260809T063534_20.pcap,,2026-08-08T19:23:08.952326+00:00,True,0.927
sw-ext-2-run01-20260809T063534,sw-ext,2,1,data/raw/2/capture_2_sw-ext_sw-ext-2-run01-20260809T063534_1.pcap,,2026-08-08T19:23:16.099823+00:00,True,0.897
sw-ext-2-run01-20260809T063534,sw-ext,2,2,data/raw/2/capture_2_sw-ext_sw-ext-2-run01-20260809T063534_2.pcap,,2026-08-08T19:23:19.129515+00:00,True,0.959
sw-ext-2-run01-20260809T063534,sw-ext,2,3,data/raw/2/capture_2_sw-ext_sw-ext-2-run01-20260809T063534_3.pcap,,2026-08-08T19:23:22.348703+00:00,True,0.922
sw-ext-2-run01-20260809T063534,sw-ext,2,4,data/raw/2/capture_2_sw-ext_sw-ext-2-run01-20260809T063534_4.pcap,,2026-08-08T19:23:25.523231+00:00,True,0.913
sw-ext-2-run01-20260809T063534,sw-ext,2,5,data/raw/2/capture_2_sw-ext_sw-ext-2-run01-20260809T063534_5.pcap,,2026-08-08T19:23:28.755133+00:00,True,1.149
sw-ext-2-run01-20260809T063534,sw-ext,2,6,data/raw/2/capture_2_sw-ext_sw-ext-2-run01-20260809T063534_6.pcap,,2026-08-08T19:23:31.981046+00:00,True,0.903
sw-ext-2-run01-20260809T063534,sw-ext,2,7,data/raw/2/capture_2_sw-ext_sw-ext-2-run01-20260809T063534_7.pcap,,2026-08-08T19:23:35.227552+00:00,True,0.539
sw-ext-2-run01-20260809T063534,sw-ext,2,8,data/raw/2/capture_2_sw-ext_sw-ext-2-run01-20260809T063534_8.pcap,,2026-08-08T19:23:38.178720+00:00,True,0.565
sw-ext-2-run01-20260809T063534,sw-ext,2,9,data/raw/2/capture_2_sw-ext_sw-ext-2-run01-20260809T063534_9.pcap,,2026-08-08T19:23:41.328765+00:00,True,0.572
sw-ext-2-run01-20260809T063534,sw-ext,2,10,data/raw/2/capture_2_sw-ext_sw-ext-2-run01-20260809T063534_10.pcap,,2026-08-08T19:23:44.260967+00:00,True,1.041
sw-ext-2-run01-20260809T063534,sw-ext,2,11,data/raw/2/capture_2_sw-ext_sw-ext-2-run01-20260809T063534_11.pcap,,2026-08-08T19:23:47.518764+00:00,True,0.966
sw-ext-2-run01-20260809T063534,sw-ext,2,12,data/raw/2/capture_2_sw-ext_sw-ext-2-run01-20260809T063534_12.pcap,,2026-08-08T19:23:50.538089+00:00,True,0.888
sw-ext-2-run01-20260809T063534,sw-ext,2,13,data/raw/2/capture_2_sw-ext_sw-ext-2-run01-20260809T063534_13.pcap,,2026-08-08T19:23:53.559185+00:00,True,0.875
sw-ext-2-run01-20260809T063534,sw-ext,2,14,data/raw/2/capture_2_sw-ext_sw-ext-2-run01-20260809T063534_14.pcap,,2026-08-08T19:23:56.795321+00:00,True,0.912
sw-ext-2-run01-20260809T063534,sw-ext,2,15,data/raw/2/capture_2_sw-ext_sw-ext-2-run01-20260809T063534_15.pcap,,2026-08-08T19:24:00.011252+00:00,True,0.932
sw-ext-2-run01-20260809T063534,sw-ext,2,16,data/raw/2/capture_2_sw-ext_sw-ext-2-run01-20260809T063534_16.pcap,,2026-08-08T19:24:03.182761+00:00,True,0.921
sw-ext-2-run01-20260809T063534,sw-ext,2,17,data/raw/2/capture_2_sw-ext_sw-ext-2-run01-20260809T063534_17.pcap,,2026-08-08T19:24:06.365537+00:00,True,0.922
sw-ext-2-run01-20260809T063534,sw-ext,2,18,data/raw/2/capture_2_sw-ext_sw-ext-2-run01-20260809T063534_18.pcap,,2026-08-08T19:24:09.593419+00:00,True,0.574
sw-ext-2-run01-20260809T063534,sw-ext,2,19,data/raw/2/capture_2_sw-ext_sw-ext-2-run01-20260809T063534_19.pcap,,2026-08-08T19:24:12.526675+00:00,True,0.908
sw-ext-2-run01-20260809T063534,sw-ext,2,20,data/raw/2/capture_2_sw-ext_sw-ext-2-run01-20260809T063534_20.pcap,,2026-08-08T19:24:15.697063+00:00,True,0.859
sw-ext-2-run02-20260809T063534,sw-ext,2,1,data/raw/2/capture_2_sw-ext_sw-ext-2-run02-20260809T063534_1.pcap,,2026-08-08T19:24:18.879414+00:00,True,0.863
sw-ext-2-run02-20260809T063534,sw-ext,2,2,data/raw/2/capture_2_sw-ext_sw-ext-2-run02-20260809T063534_2.pcap,,2026-08-08T19:24:22.105660+00:00,True,0.908
sw-ext-2-run02-20260809T063534,sw-ext,2,3,data/raw/2/capture_2_sw-ext_sw-ext-2-run02-20260809T063534_3.pcap,,2026-08-08T19:24:25.086990+00:00,True,0.578
sw-ext-2-run02-20260809T063534,sw-ext,2,4,data/raw/2/capture_2_sw-ext_sw-ext-2-run02-20260809T063534_4.pcap,,2026-08-08T19:24:28.245778+00:00,True,0.973
sw-ext-2-run02-20260809T063534,sw-ext,2,5,data/raw/2/capture_2_sw-ext_sw-ext-2-run02-20260809T063534_5.pcap,,2026-08-08T19:24:31.233848+00:00,True,0.953
sw-ext-2-run02-20260809T063534,sw-ext,2,6,data/raw/2/capture_2_sw-ext_sw-ext-2-run02-20260809T063534_6.pcap,,2026-08-08T19:24:34.228803+00:00,True,0.957
sw-ext-2-run02-20260809T063534,sw-ext,2,7,data/raw/2/capture_2_sw-ext_sw-ext-2-run02-20260809T063534_7.pcap,,2026-08-08T19:24:37.462879+00:00,True,0.946
sw-ext-2-run02-20260809T063534,sw-ext,2,8,data/raw/2/capture_2_sw-ext_sw-ext-2-run02-20260809T063534_8.pcap,,2026-08-08T19:24:40.393651+00:00,True,0.879
sw-ext-2-run02-20260809T063534,sw-ext,2,9,data/raw/2/capture_2_sw-ext_sw-ext-2-run02-20260809T063534_9.pcap,,2026-08-08T19:24:43.636289+00:00,True,0.918
sw-ext-2-run02-20260809T063534,sw-ext,2,10,data/raw/2/capture_2_sw-ext_sw-ext-2-run02-20260809T063534_10.pcap,,2026-08-08T19:24:46.772998+00:00,True,1.204
sw-ext-2-run02-20260809T063534,sw-ext,2,11,data/raw/2/capture_2_sw-ext_sw-ext-2-run02-20260809T063534_11.pcap,,2026-08-08T19:24:50.014864+00:00,True,0.999
sw-ext-2-run02-20260809T063534,sw-ext,2,12,data/raw/2/capture_2_sw-ext_sw-ext-2-run02-20260809T063534_12.pcap,,2026-08-08T19:24:52.966935+00:00,True,0.584
sw-ext-2-run02-20260809T063534,sw-ext,2,13,data/raw/2/capture_2_sw-ext_sw-ext-2-run02-20260809T063534_13.pcap,,2026-08-08T19:24:56.207499+00:00,True,0.568
sw-ext-2-run02-20260809T063534,sw-ext,2,14,data/raw/2/capture_2_sw-ext_sw-ext-2-run02-20260809T063534_14.pcap,,2026-08-08T19:24:59.389094+00:00,True,0.943
sw-ext-2-run02-20260809T063534,sw-ext,2,15,data/raw/2/capture_2_sw-ext_sw-ext-2-run02-20260809T063534_15.pcap,,2026-08-08T19:25:02.574761+00:00,True,0.559
sw-ext-2-run02-20260809T063534,sw-ext,2,16,data/raw/2/capture_2_sw-ext_sw-ext-2-run02-20260809T063534_16.pcap,,2026-08-08T19:25:05.813360+00:00,True,0.925
sw-ext-2-run02-20260809T063534,sw-ext,2,17,data/raw/2/capture_2_sw-ext_sw-ext-2-run02-20260809T063534_17.pcap,,2026-08-08T19:25:08.991323+00:00,True,1.029
sw-ext-2-run02-20260809T063534,sw-ext,2,18,data/raw/2/capture_2_sw-ext_sw-ext-2-run02-20260809T063534_18.pcap,,2026-08-08T19:25:12.164402+00:00,True,0.589
sw-ext-2-run02-20260809T063534,sw-ext,2,19,data/raw/2/capture_2_sw-ext_sw-ext-2-run02-20260809T063534_19.pcap,,2026-08-08T19:25:15.407602+00:00,True,1.064
sw-ext-2-run02-20260809T063534,sw-ext,2,20,data/raw/2/capture_2_sw-ext_sw-ext-2-run02-20260809T063534_20.pcap,,2026-08-08T19:25:18.643163+00:00,True,0.905
sw-ext-2-run03-20260809T063534,sw-ext,2,1,data/raw/2/capture_2_sw-ext_sw-ext-2-run03-20260809T063534_1.pcap,,2026-08-08T19:25:21.639409+00:00,True,0.906
sw-ext-2-run03-20260809T063534,sw-ext,2,2,data/raw/2/capture_2_sw-ext_sw-ext-2-run03-20260809T063534_2.pcap,,2026-08-08T19:25:24.614902+00:00,True,0.866
sw-ext-2-run03-20260809T063534,sw-ext,2,3,data/raw/2/capture_2_sw-ext_sw-ext-2-run03-20260809T063534_3.pcap,,2026-08-08T19:25:27.842843+00:00,True,0.893
sw-ext-2-run03-20260809T063534,sw-ext,2,4,data/raw/2/capture_2_sw-ext_sw-ext-2-run03-20260809T063534_4.pcap,,2026-08-08T19:25:31.054802+00:00,True,1.027
sw-ext-2-run03-20260809T063534,sw-ext,2,5,data/raw/2/capture_2_sw-ext_sw-ext-2-run03-20260809T063534_5.pcap,,2026-08-08T19:25:34.240768+00:00,True,0.913
sw-ext-2-run03-20260809T063534,sw-ext,2,6,data/raw/2/capture_2_sw-ext_sw-ext-2-run03-20260809T063534_6.pcap,,2026-08-08T19:25:37.466675+00:00,True,0.557
sw-ext-2-run03-20260809T063534,sw-ext,2,7,data/raw/2/capture_2_sw-ext_sw-ext-2-run03-20260809T063534_7.pcap,,2026-08-08T19:25:40.614734+00:00,True,0.895
sw-ext-2-run03-20260809T063534,sw-ext,2,8,data/raw/2/capture_2_sw-ext_sw-ext-2-run03-20260809T063534_8.pcap,,2026-08-08T19:25:43.847291+00:00,True,0.735
sw-ext-2-run03-20260809T063534,sw-ext,2,9,data/raw/2/capture_2_sw-ext_sw-ext-2-run03-20260809T063534_9.pcap,,2026-08-08T19:25:47.025708+00:00,True,1.098
sw-ext-2-run03-20260809T063534,sw-ext,2,10,data/raw/2/capture_2_sw-ext_sw-ext-2-run03-20260809T063534_10.pcap,,2026-08-08T19:25:50.269992+00:00,True,0.581
sw-ext-2-run03-20260809T063534,sw-ext,2,11,data/raw/2/capture_2_sw-ext_sw-ext-2-run03-20260809T063534_11.pcap,,2026-08-08T19:25:53.297743+00:00,True,0.896
sw-ext-2-run03-20260809T063534,sw-ext,2,12,data/raw/2/capture_2_sw-ext_sw-ext-2-run03-20260809T063534_12.pcap,,2026-08-08T19:25:56.536410+00:00,True,0.952
sw-ext-2-run03-20260809T063534,sw-ext,2,13,data/raw/2/capture_2_sw-ext_sw-ext-2-run03-20260809T063534_13.pcap,,2026-08-08T19:25:59.727978+00:00,True,0.943
sw-ext-2-run03-20260809T063534,sw-ext,2,14,data/raw/2/capture_2_sw-ext_sw-ext-2-run03-20260809T063534_14.pcap,,2026-08-08T19:26:02.666916+00:00,True,0.593
sw-ext-2-run03-20260809T063534,sw-ext,2,15,data/raw/2/capture_2_sw-ext_sw-ext-2-run03-20260809T063534_15.pcap,,2026-08-08T19:26:05.822575+00:00,True,0.585
sw-ext-2-run03-20260809T063534,sw-ext,2,16,data/raw/2/capture_2_sw-ext_sw-ext-2-run03-20260809T063534_16.pcap,,2026-08-08T19:26:08.967166+00:00,True,0.944
sw-ext-2-run03-20260809T063534,sw-ext,2,17,data/raw/2/capture_2_sw-ext_sw-ext-2-run03-20260809T063534_17.pcap,,2026-08-08T19:26:12.202646+00:00,True,0.938
sw-ext-2-run03-20260809T063534,sw-ext,2,18,data/raw/2/capture_2_sw-ext_sw-ext-2-run03-20260809T063534_18.pcap,,2026-08-08T19:26:15.186875+00:00,True,0.569
sw-ext-2-run03-20260809T063534,sw-ext,2,19,data/raw/2/capture_2_sw-ext_sw-ext-2-run03-20260809T063534_19.pcap,,2026-08-08T19:26:18.366122+00:00,True,0.543
sw-ext-2-run03-20260809T063534,sw-ext,2,20,data/raw/2/capture_2_sw-ext_sw-ext-2-run03-20260809T063534_20.pcap,,2026-08-08T19:26:21.539041+00:00,True,0.909
sw-ext-2-run04-20260809T063534,sw-ext,2,1,data/raw/2/capture_2_sw-ext_sw-ext-2-run04-20260809T063534_1.pcap,,2026-08-08T19:26:24.732185+00:00,True,1.051
sw-ext-2-run04-20260809T063534,sw-ext,2,2,data/raw/2/capture_2_sw-ext_sw-ext-2-run04-20260809T063534_2.pcap,,2026-08-08T19:26:27.914328+00:00,True,0.891
sw-ext-2-run04-20260809T063534,sw-ext,2,3,data/raw/2/capture_2_sw-ext_sw-ext-2-run04-20260809T063534_3.pcap,,2026-08-08T19:26:31.147312+00:00,True,0.888
sw-ext-2-run04-20260809T063534,sw-ext,2,4,data/raw/2/capture_2_sw-ext_sw-ext-2-run04-20260809T063534_4.pcap,,2026-08-08T19:26:34.307042+00:00,True,0.577
sw-ext-2-run04-20260809T063534,sw-ext,2,5,data/raw/2/capture_2_sw-ext_sw-ext-2-run04-20260809T063534_5.pcap,,2026-08-08T19:26:37.364324+00:00,True,0.921
sw-ext-2-run04-20260809T063534,sw-ext,2,6,data/raw/2/capture_2_sw-ext_sw-ext-2-run04-20260809T063534_6.pcap,,2026-08-08T19:26:40.393183+00:00,True,0.912
sw-ext-2-run04-20260809T063534,sw-ext,2,7,data/raw/2/capture_2_sw-ext_sw-ext-2-run04-20260809T063534_7.pcap,,2026-08-08T19:26:43.610184+00:00,True,0.915
sw-ext-2-run04-20260809T063534,sw-ext,2,8,data/raw/2/capture_2_sw-ext_sw-ext-2-run04-20260809T063534_8.pcap,,2026-08-08T19:26:46.638494+00:00,True,1.169
sw-ext-2-run04-20260809T063534,sw-ext,2,9,data/raw/2/capture_2_sw-ext_sw-ext-2-run04-20260809T063534_9.pcap,,2026-08-08T19:26:49.878248+00:00,True,1.530
sw-ext-2-run04-20260809T063534,sw-ext,2,10,data/raw/2/capture_2_sw-ext_sw-ext-2-run04-20260809T063534_10.pcap,,2026-08-08T19:26:52.870348+00:00,True,0.933
sw-ext-2-run04-20260809T063534,sw-ext,2,11,data/raw/2/capture_2_sw-ext_sw-ext-2-run04-20260809T063534_11.pcap,,2026-08-08T19:26:55.899055+00:00,True,0.911
sw-ext-2-run04-20260809T063534,sw-ext,2,12,data/raw/2/capture_2_sw-ext_sw-ext-2-run04-20260809T063534_12.pcap,,2026-08-08T19:26:59.123457+00:00,True,0.942
sw-ext-2-run04-20260809T063534,sw-ext,2,13,data/raw/2/capture_2_sw-ext_sw-ext-2-run04-20260809T063534_13.pcap,,2026-08-08T19:27:02.314570+00:00,True,1.036
sw-ext-2-run04-20260809T063534,sw-ext,2,14,data/raw/2/capture_2_sw-ext_sw-ext-2-run04-20260809T063534_14.pcap,,2026-08-08T19:27:05.554609+00:00,True,0.598
sw-ext-2-run04-20260809T063534,sw-ext,2,15,data/raw/2/capture_2_sw-ext_sw-ext-2-run04-20260809T063534_15.pcap,,2026-08-08T19:27:08.727220+00:00,True,0.992
sw-ext-2-run04-20260809T063534,sw-ext,2,16,data/raw/2/capture_2_sw-ext_sw-ext-2-run04-20260809T063534_16.pcap,,2026-08-08T19:27:11.723105+00:00,True,1.321
sw-ext-2-run04-20260809T063534,sw-ext,2,17,data/raw/2/capture_2_sw-ext_sw-ext-2-run04-20260809T063534_17.pcap,,2026-08-08T19:27:14.910055+00:00,True,0.934
sw-ext-2-run04-20260809T063534,sw-ext,2,18,data/raw/2/capture_2_sw-ext_sw-ext-2-run04-20260809T063534_18.pcap,,2026-08-08T19:27:18.147005+00:00,True,1.003
sw-ext-2-run04-20260809T063534,sw-ext,2,19,data/raw/2/capture_2_sw-ext_sw-ext-2-run04-20260809T063534_19.pcap,,2026-08-08T19:27:21.380392+00:00,True,0.896
sw-ext-2-run04-20260809T063534,sw-ext,2,20,data/raw/2/capture_2_sw-ext_sw-ext-2-run04-20260809T063534_20.pcap,,2026-08-08T19:27:24.563003+00:00,True,0.932
sw-ext-2-run05-20260809T063534,sw-ext,2,1,data/raw/2/capture_2_sw-ext_sw-ext-2-run05-20260809T063534_1.pcap,,2026-08-08T19:27:27.801194+00:00,True,0.880
sw-ext-2-run05-20260809T063534,sw-ext,2,2,data/raw/2/capture_2_sw-ext_sw-ext-2-run05-20260809T063534_2.pcap,,2026-08-08T19:27:30.820749+00:00,True,0.973
sw-ext-2-run05-20260809T063534,sw-ext,2,3,data/raw/2/capture_2_sw-ext_sw-ext-2-run05-20260809T063534_3.pcap,,2026-08-08T19:27:33.855205+00:00,True,0.543
sw-ext-2-run05-20260809T063534,sw-ext,2,4,data/raw/2/capture_2_sw-ext_sw-ext-2-run05-20260809T063534_4.pcap,,2026-08-08T19:27:36.838388+00:00,True,0.886
sw-ext-2-run05-20260809T063534,sw-ext,2,5,data/raw/2/capture_2_sw-ext_sw-ext-2-run05-20260809T063534_5.pcap,,2026-08-08T19:27:40.069707+00:00,True,0.904
sw-ext-2-run05-20260809T063534,sw-ext,2,6,data/raw/2/capture_2_sw-ext_sw-ext-2-run05-20260809T063534_6.pcap,,2026-08-08T19:27:43.149024+00:00,True,0.935
sw-ext-2-run05-20260809T063534,sw-ext,2,7,data/raw/2/capture_2_sw-ext_sw-ext-2-run05-20260809T063534_7.pcap,,2026-08-08T19:27:46.377967+00:00,True,0.608
sw-ext-2-run05-20260809T063534,sw-ext,2,8,data/raw/2/capture_2_sw-ext_sw-ext-2-run05-20260809T063534_8.pcap,,2026-08-08T19:27:49.607854+00:00,True,0.937
sw-ext-2-run05-20260809T063534,sw-ext,2,9,data/raw/2/capture_2_sw-ext_sw-ext-2-run05-20260809T063534_9.pcap,,2026-08-08T19:27:52.550790+00:00,True,0.890
sw-ext-2-run05-20260809T063534,sw-ext,2,10,data/raw/2/capture_2_sw-ext_sw-ext-2-run05-20260809T063534_10.pcap,,2026-08-08T19:27:55.674169+00:00,True,1.160
sw-ext-2-run05-20260809T063534,sw-ext,2,11,data/raw/2/capture_2_sw-ext_sw-ext-2-run05-20260809T063534_11.pcap,,2026-08-08T19:27:58.894727+00:00,True,1.013
sw-ext-2-run05-20260809T063534,sw-ext,2,12,data/raw/2/capture_2_sw-ext_sw-ext-2-run05-20260809T063534_12.pcap,,2026-08-08T19:28:02.117698+00:00,True,0.876
sw-ext-2-run05-20260809T063534,sw-ext,2,13,data/raw/2/capture_2_sw-ext_sw-ext-2-run05-20260809T063534_13.pcap,,2026-08-08T19:28:05.138848+00:00,True,0.877
sw-ext-2-run05-20260809T063534,sw-ext,2,14,data/raw/2/capture_2_sw-ext_sw-ext-2-run05-20260809T063534_14.pcap,,2026-08-08T19:28:08.334643+00:00,True,0.897
sw-ext-2-run05-20260809T063534,sw-ext,2,15,data/raw/2/capture_2_sw-ext_sw-ext-2-run05-20260809T063534_15.pcap,,2026-08-08T19:28:11.570392+00:00,True,0.893
sw-ext-2-run05-20260809T063534,sw-ext,2,16,data/raw/2/capture_2_sw-ext_sw-ext-2-run05-20260809T063534_16.pcap,,2026-08-08T19:28:14.792754+00:00,True,0.910
sw-ext-2-run05-20260809T063534,sw-ext,2,17,data/raw/2/capture_2_sw-ext_sw-ext-2-run05-20260809T063534_17.pcap,,2026-08-08T19:28:17.818398+00:00,True,0.952
sw-ext-2-run05-20260809T063534,sw-ext,2,18,data/raw/2/capture_2_sw-ext_sw-ext-2-run05-20260809T063534_18.pcap,,2026-08-08T19:28:21.058670+00:00,True,0.551
sw-ext-2-run05-20260809T063534,sw-ext,2,19,data/raw/2/capture_2_sw-ext_sw-ext-2-run05-20260809T063534_19.pcap,,2026-08-08T19:28:24.255303+00:00,True,0.930
sw-ext-2-run05-20260809T063534,sw-ext,2,20,data/raw/2/capture_2_sw-ext_sw-ext-2-run05-20260809T063534_20.pcap,,2026-08-08T19:28:27.219066+00:00,True,0.543
sw-ext-3-run01-20260809T063534,sw-ext,3,1,data/raw/3/capture_3_sw-ext_sw-ext-3-run01-20260809T063534_1.pcap,,2026-08-08T19:28:34.410100+00:00,True,0.659
sw-ext-3-run01-20260809T063534,sw-ext,3,2,data/raw/3/capture_3_sw-ext_sw-ext-3-run01-20260809T063534_2.pcap,,2026-08-08T19:28:37.609443+00:00,True,0.917
sw-ext-3-run01-20260809T063534,sw-ext,3,3,data/raw/3/capture_3_sw-ext_sw-ext-3-run01-20260809T063534_3.pcap,,2026-08-08T19:28:40.821251+00:00,True,0.912
sw-ext-3-run01-20260809T063534,sw-ext,3,4,data/raw/3/capture_3_sw-ext_sw-ext-3-run01-20260809T063534_4.pcap,,2026-08-08T19:28:44.032839+00:00,True,0.529
sw-ext-3-run01-20260809T063534,sw-ext,3,5,data/raw/3/capture_3_sw-ext_sw-ext-3-run01-20260809T063534_5.pcap,,2026-08-08T19:28:47.194321+00:00,True,0.557
sw-ext-3-run01-20260809T063534,sw-ext,3,6,data/raw/3/capture_3_sw-ext_sw-ext-3-run01-20260809T063534_6.pcap,,2026-08-08T19:28:50.377786+00:00,True,1.359
sw-ext-3-run01-20260809T063534,sw-ext,3,7,data/raw/3/capture_3_sw-ext_sw-ext-3-run01-20260809T063534_7.pcap,,2026-08-08T19:28:53.418758+00:00,True,0.553
sw-ext-3-run01-20260809T063534,sw-ext,3,8,data/raw/3/capture_3_sw-ext_sw-ext-3-run01-20260809T063534_8.pcap,,2026-08-08T19:28:56.581902+00:00,True,0.626
sw-ext-3-run01-20260809T063534,sw-ext,3,9,data/raw/3/capture_3_sw-ext_sw-ext-3-run01-20260809T063534_9.pcap,,2026-08-08T19:28:59.763666+00:00,True,1.022
sw-ext-3-run01-20260809T063534,sw-ext,3,10,data/raw/3/capture_3_sw-ext_sw-ext-3-run01-20260809T063534_10.pcap,,2026-08-08T19:29:03.002285+00:00,True,1.034
sw-ext-3-run01-20260809T063534,sw-ext,3,11,data/raw/3/capture_3_sw-ext_sw-ext-3-run01-20260809T063534_11.pcap,,2026-08-08T19:29:06.027883+00:00,True,0.580
sw-ext-3-run01-20260809T063534,sw-ext,3,12,data/raw/3/capture_3_sw-ext_sw-ext-3-run01-20260809T063534_12.pcap,,2026-08-08T19:29:09.175276+00:00,True,0.955
sw-ext-3-run01-20260809T063534,sw-ext,3,13,data/raw/3/capture_3_sw-ext_sw-ext-3-run01-20260809T063534_13.pcap,,2026-08-08T19:29:12.406761+00:00,True,0.991
sw-ext-3-run01-20260809T063534,sw-ext,3,14,data/raw/3/capture_3_sw-ext_sw-ext-3-run01-20260809T063534_14.pcap,,2026-08-08T19:29:15.570656+00:00,True,0.935
sw-ext-3-run01-20260809T063534,sw-ext,3,15,data/raw/3/capture_3_sw-ext_sw-ext-3-run01-20260809T063534_15.pcap,,2026-08-08T19:29:18.808961+00:00,True,0.908
sw-ext-3-run01-20260809T063534,sw-ext,3,16,data/raw/3/capture_3_sw-ext_sw-ext-3-run01-20260809T063534_16.pcap,,2026-08-08T19:29:21.764205+00:00,True,0.858
sw-ext-3-run01-20260809T063534,sw-ext,3,17,data/raw/3/capture_3_sw-ext_sw-ext-3-run01-20260809T063534_17.pcap,,2026-08-08T19:29:24.969324+00:00,True,1.032
sw-ext-3-run01-20260809T063534,sw-ext,3,18,data/raw/3/capture_3_sw-ext_sw-ext-3-run01-20260809T063534_18.pcap,,2026-08-08T19:29:27.992678+00:00,True,0.626
sw-ext-3-run01-20260809T063534,sw-ext,3,19,data/raw/3/capture_3_sw-ext_sw-ext-3-run01-20260809T063534_19.pcap,,2026-08-08T19:29:31.026721+00:00,True,0.539
sw-ext-3-run01-20260809T063534,sw-ext,3,20,data/raw/3/capture_3_sw-ext_sw-ext-3-run01-20260809T063534_20.pcap,,2026-08-08T19:29:34.232845+00:00,True,0.577
sw-ext-3-run02-20260809T063534,sw-ext,3,1,data/raw/3/capture_3_sw-ext_sw-ext-3-run02-20260809T063534_1.pcap,,2026-08-08T19:29:37.199270+00:00,True,0.872
sw-ext-3-run02-20260809T063534,sw-ext,3,2,data/raw/3/capture_3_sw-ext_sw-ext-3-run02-20260809T063534_2.pcap,,2026-08-08T19:29:40.401911+00:00,True,0.897
sw-ext-3-run02-20260809T063534,sw-ext,3,3,data/raw/3/capture_3_sw-ext_sw-ext-3-run02-20260809T063534_3.pcap,,2026-08-08T19:29:43.638868+00:00,True,0.969
sw-ext-3-run02-20260809T063534,sw-ext,3,4,data/raw/3/capture_3_sw-ext_sw-ext-3-run02-20260809T063534_4.pcap,,2026-08-08T19:29:46.630774+00:00,True,0.912
sw-ext-3-run02-20260809T063534,sw-ext,3,5,data/raw/3/capture_3_sw-ext_sw-ext-3-run02-20260809T063534_5.pcap,,2026-08-08T19:29:49.858967+00:00,True,0.950
sw-ext-3-run02-20260809T063534,sw-ext,3,6,data/raw/3/capture_3_sw-ext_sw-ext-3-run02-20260809T063534_6.pcap,,2026-08-08T19:29:53.103017+00:00,True,0.954
sw-ext-3-run02-20260809T063534,sw-ext,3,7,data/raw/3/capture_3_sw-ext_sw-ext-3-run02-20260809T063534_7.pcap,,2026-08-08T19:29:56.050350+00:00,True,0.867
sw-ext-3-run02-20260809T063534,sw-ext,3,8,data/raw/3/capture_3_sw-ext_sw-ext-3-run02-20260809T063534_8.pcap,,2026-08-08T19:29:59.258684+00:00,True,0.618
sw-ext-3-run02-20260809T063534,sw-ext,3,9,data/raw/3/capture_3_sw-ext_sw-ext-3-run02-20260809T063534_9.pcap,,2026-08-08T19:30:02.446204+00:00,True,0.939
sw-ext-3-run02-20260809T063534,sw-ext,3,10,data/raw/3/capture_3_sw-ext_sw-ext-3-run02-20260809T063534_10.pcap,,2026-08-08T19:30:05.694389+00:00,True,0.907
sw-ext-3-run02-20260809T063534,sw-ext,3,11,data/raw/3/capture_3_sw-ext_sw-ext-3-run02-20260809T063534_11.pcap,,2026-08-08T19:30:08.895952+00:00,True,1.148
sw-ext-3-run02-20260809T063534,sw-ext,3,12,data/raw/3/capture_3_sw-ext_sw-ext-3-run02-20260809T063534_12.pcap,,2026-08-08T19:30:12.127152+00:00,True,0.941
sw-ext-3-run02-20260809T063534,sw-ext,3,13,data/raw/3/capture_3_sw-ext_sw-ext-3-run02-20260809T063534_13.pcap,,2026-08-08T19:30:15.166531+00:00,True,0.550
sw-ext-3-run02-20260809T063534,sw-ext,3,14,data/raw/3/capture_3_sw-ext_sw-ext-3-run02-20260809T063534_14.pcap,,2026-08-08T19:30:18.352750+00:00,True,0.640
sw-ext-3-run02-20260809T063534,sw-ext,3,15,data/raw/3/capture_3_sw-ext_sw-ext-3-run02-20260809T063534_15.pcap,,2026-08-08T19:30:21.581133+00:00,True,0.875
sw-ext-3-run02-20260809T063534,sw-ext,3,16,data/raw/3/capture_3_sw-ext_sw-ext-3-run02-20260809T063534_16.pcap,,2026-08-08T19:30:24.779127+00:00,True,0.968
sw-ext-3-run02-20260809T063534,sw-ext,3,17,data/raw/3/capture_3_sw-ext_sw-ext-3-run02-20260809T063534_17.pcap,,2026-08-08T19:30:28.019793+00:00,True,0.896
sw-ext-3-run02-20260809T063534,sw-ext,3,18,data/raw/3/capture_3_sw-ext_sw-ext-3-run02-20260809T063534_18.pcap,,2026-08-08T19:30:31.019661+00:00,True,0.868
sw-ext-3-run02-20260809T063534,sw-ext,3,19,data/raw/3/capture_3_sw-ext_sw-ext-3-run02-20260809T063534_19.pcap,,2026-08-08T19:30:34.259108+00:00,True,0.874
sw-ext-3-run02-20260809T063534,sw-ext,3,20,data/raw/3/capture_3_sw-ext_sw-ext-3-run02-20260809T063534_20.pcap,,2026-08-08T19:30:37.414103+00:00,True,0.621
sw-ext-3-run03-20260809T063534,sw-ext,3,1,data/raw/3/capture_3_sw-ext_sw-ext-3-run03-20260809T063534_1.pcap,,2026-08-08T19:30:40.627392+00:00,True,0.913
sw-ext-3-run03-20260809T063534,sw-ext,3,2,data/raw/3/capture_3_sw-ext_sw-ext-3-run03-20260809T063534_2.pcap,,2026-08-08T19:30:43.822581+00:00,True,0.887
sw-ext-3-run03-20260809T063534,sw-ext,3,3,data/raw/3/capture_3_sw-ext_sw-ext-3-run03-20260809T063534_3.pcap,,2026-08-08T19:30:47.062282+00:00,True,0.962
sw-ext-3-run03-20260809T063534,sw-ext,3,4,data/raw/3/capture_3_sw-ext_sw-ext-3-run03-20260809T063534_4.pcap,,2026-08-08T19:30:50.092076+00:00,True,0.550
sw-ext-3-run03-20260809T063534,sw-ext,3,5,data/raw/3/capture_3_sw-ext_sw-ext-3-run03-20260809T063534_5.pcap,,2026-08-08T19:30:53.081135+00:00,True,0.599
sw-ext-3-run03-20260809T063534,sw-ext,3,6,data/raw/3/capture_3_sw-ext_sw-ext-3-run03-20260809T063534_6.pcap,,2026-08-08T19:30:56.085631+00:00,True,0.895
sw-ext-3-run03-20260809T063534,sw-ext,3,7,data/raw/3/capture_3_sw-ext_sw-ext-3-run03-20260809T063534_7.pcap,,2026-08-08T19:30:59.091581+00:00,True,0.573
sw-ext-3-run03-20260809T063534,sw-ext,3,8,data/raw/3/capture_3_sw-ext_sw-ext-3-run03-20260809T063534_8.pcap,,2026-08-08T19:31:02.287556+00:00,True,0.892
sw-ext-3-run03-20260809T063534,sw-ext,3,9,data/raw/3/capture_3_sw-ext_sw-ext-3-run03-20260809T063534_9.pcap,,2026-08-08T19:31:05.470770+00:00,True,1.002
sw-ext-3-run03-20260809T063534,sw-ext,3,10,data/raw/3/capture_3_sw-ext_sw-ext-3-run03-20260809T063534_10.pcap,,2026-08-08T19:31:08.716322+00:00,True,0.571
sw-ext-3-run03-20260809T063534,sw-ext,3,11,data/raw/3/capture_3_sw-ext_sw-ext-3-run03-20260809T063534_11.pcap,,2026-08-08T19:31:11.903717+00:00,True,0.887
sw-ext-3-run03-20260809T063534,sw-ext,3,12,data/raw/3/capture_3_sw-ext_sw-ext-3-run03-20260809T063534_12.pcap,,2026-08-08T19:31:15.151823+00:00,True,0.603
sw-ext-3-run03-20260809T063534,sw-ext,3,13,data/raw/3/capture_3_sw-ext_sw-ext-3-run03-20260809T063534_13.pcap,,2026-08-08T19:31:18.406724+00:00,True,1.003
sw-ext-3-run03-20260809T063534,sw-ext,3,14,data/raw/3/capture_3_sw-ext_sw-ext-3-run03-20260809T063534_14.pcap,,2026-08-08T19:31:21.645865+00:00,True,0.899
sw-ext-3-run03-20260809T063534,sw-ext,3,15,data/raw/3/capture_3_sw-ext_sw-ext-3-run03-20260809T063534_15.pcap,,2026-08-08T19:31:24.874550+00:00,True,0.871
sw-ext-3-run03-20260809T063534,sw-ext,3,16,data/raw/3/capture_3_sw-ext_sw-ext-3-run03-20260809T063534_16.pcap,,2026-08-08T19:31:28.058268+00:00,True,0.564
sw-ext-3-run03-20260809T063534,sw-ext,3,17,data/raw/3/capture_3_sw-ext_sw-ext-3-run03-20260809T063534_17.pcap,,2026-08-08T19:31:31.238968+00:00,True,0.534
sw-ext-3-run03-20260809T063534,sw-ext,3,18,data/raw/3/capture_3_sw-ext_sw-ext-3-run03-20260809T063534_18.pcap,,2026-08-08T19:31:34.447511+00:00,True,0.612
sw-ext-3-run03-20260809T063534,sw-ext,3,19,data/raw/3/capture_3_sw-ext_sw-ext-3-run03-20260809T063534_19.pcap,,2026-08-08T19:31:37.695147+00:00,True,0.912
sw-ext-3-run03-20260809T063534,sw-ext,3,20,data/raw/3/capture_3_sw-ext_sw-ext-3-run03-20260809T063534_20.pcap,,2026-08-08T19:31:40.845188+00:00,True,1.215
sw-ext-3-run04-20260809T063534,sw-ext,3,1,data/raw/3/capture_3_sw-ext_sw-ext-3-run04-20260809T063534_1.pcap,,2026-08-08T19:31:44.026463+00:00,True,0.632
sw-ext-3-run04-20260809T063534,sw-ext,3,2,data/raw/3/capture_3_sw-ext_sw-ext-3-run04-20260809T063534_2.pcap,,2026-08-08T19:31:47.061266+00:00,True,0.916
sw-ext-3-run04-20260809T063534,sw-ext,3,3,data/raw/3/capture_3_sw-ext_sw-ext-3-run04-20260809T063534_3.pcap,,2026-08-08T19:31:50.260373+00:00,True,0.897
sw-ext-3-run04-20260809T063534,sw-ext,3,4,data/raw/3/capture_3_sw-ext_sw-ext-3-run04-20260809T063534_4.pcap,,2026-08-08T19:31:53.247598+00:00,True,0.875
sw-ext-3-run04-20260809T063534,sw-ext,3,5,data/raw/3/capture_3_sw-ext_sw-ext-3-run04-20260809T063534_5.pcap,,2026-08-08T19:31:56.437354+00:00,True,0.971
sw-ext-3-run04-20260809T063534,sw-ext,3,6,data/raw/3/capture_3_sw-ext_sw-ext-3-run04-20260809T063534_6.pcap,,2026-08-08T19:31:59.449918+00:00,True,0.889
sw-ext-3-run04-20260809T063534,sw-ext,3,7,data/raw/3/capture_3_sw-ext_sw-ext-3-run04-20260809T063534_7.pcap,,2026-08-08T19:32:02.449024+00:00,True,0.896
sw-ext-3-run04-20260809T063534,sw-ext,3,8,data/raw/3/capture_3_sw-ext_sw-ext-3-run04-20260809T063534_8.pcap,,2026-08-08T19:32:05.694503+00:00,True,0.870
sw-ext-3-run04-20260809T063534,sw-ext,3,9,data/raw/3/capture_3_sw-ext_sw-ext-3-run04-20260809T063534_9.pcap,,2026-08-08T19:32:08.933244+00:00,True,1.211
sw-ext-3-run04-20260809T063534,sw-ext,3,10,data/raw/3/capture_3_sw-ext_sw-ext-3-run04-20260809T063534_10.pcap,,2026-08-08T19:32:12.046538+00:00,True,0.937
sw-ext-3-run04-20260809T063534,sw-ext,3,11,data/raw/3/capture_3_sw-ext_sw-ext-3-run04-20260809T063534_11.pcap,,2026-08-08T19:32:15.290365+00:00,True,0.951
sw-ext-3-run04-20260809T063534,sw-ext,3,12,data/raw/3/capture_3_sw-ext_sw-ext-3-run04-20260809T063534_12.pcap,,2026-08-08T19:32:18.310772+00:00,True,0.544
sw-ext-3-run04-20260809T063534,sw-ext,3,13,data/raw/3/capture_3_sw-ext_sw-ext-3-run04-20260809T063534_13.pcap,,2026-08-08T19:32:21.358717+00:00,True,0.866
sw-ext-3-run04-20260809T063534,sw-ext,3,14,data/raw/3/capture_3_sw-ext_sw-ext-3-run04-20260809T063534_14.pcap,,2026-08-08T19:32:24.341689+00:00,True,0.952
sw-ext-3-run04-20260809T063534,sw-ext,3,15,data/raw/3/capture_3_sw-ext_sw-ext-3-run04-20260809T063534_15.pcap,,2026-08-08T19:32:27.522725+00:00,True,0.998
sw-ext-3-run04-20260809T063534,sw-ext,3,16,data/raw/3/capture_3_sw-ext_sw-ext-3-run04-20260809T063534_16.pcap,,2026-08-08T19:32:30.673955+00:00,True,0.875
sw-ext-3-run04-20260809T063534,sw-ext,3,17,data/raw/3/capture_3_sw-ext_sw-ext-3-run04-20260809T063534_17.pcap,,2026-08-08T19:32:33.675879+00:00,True,0.847
sw-ext-3-run04-20260809T063534,sw-ext,3,18,data/raw/3/capture_3_sw-ext_sw-ext-3-run04-20260809T063534_18.pcap,,2026-08-08T19:32:36.823488+00:00,True,1.197
sw-ext-3-run04-20260809T063534,sw-ext,3,19,data/raw/3/capture_3_sw-ext_sw-ext-3-run04-20260809T063534_19.pcap,,2026-08-08T19:32:40.058796+00:00,True,0.901
sw-ext-3-run04-20260809T063534,sw-ext,3,20,data/raw/3/capture_3_sw-ext_sw-ext-3-run04-20260809T063534_20.pcap,,2026-08-08T19:32:43.218438+00:00,True,0.965
sw-ext-3-run05-20260809T063534,sw-ext,3,1,data/raw/3/capture_3_sw-ext_sw-ext-3-run05-20260809T063534_1.pcap,,2026-08-08T19:32:46.461351+00:00,True,0.922
sw-ext-3-run05-20260809T063534,sw-ext,3,2,data/raw/3/capture_3_sw-ext_sw-ext-3-run05-20260809T063534_2.pcap,,2026-08-08T19:32:49.667254+00:00,True,0.668
sw-ext-3-run05-20260809T063534,sw-ext,3,3,data/raw/3/capture_3_sw-ext_sw-ext-3-run05-20260809T063534_3.pcap,,2026-08-08T19:32:52.726771+00:00,True,0.914
sw-ext-3-run05-20260809T063534,sw-ext,3,4,data/raw/3/capture_3_sw-ext_sw-ext-3-run05-20260809T063534_4.pcap,,2026-08-08T19:32:55.750672+00:00,True,0.880
sw-ext-3-run05-20260809T063534,sw-ext,3,5,data/raw/3/capture_3_sw-ext_sw-ext-3-run05-20260809T063534_5.pcap,,2026-08-08T19:32:58.797585+00:00,True,0.540
sw-ext-3-run05-20260809T063534,sw-ext,3,6,data/raw/3/capture_3_sw-ext_sw-ext-3-run05-20260809T063534_6.pcap,,2026-08-08T19:33:01.840651+00:00,True,0.874
sw-ext-3-run05-20260809T063534,sw-ext,3,7,data/raw/3/capture_3_sw-ext_sw-ext-3-run05-20260809T063534_7.pcap,,2026-08-08T19:33:05.059086+00:00,True,0.587
sw-ext-3-run05-20260809T063534,sw-ext,3,8,data/raw/3/capture_3_sw-ext_sw-ext-3-run05-20260809T063534_8.pcap,,2026-08-08T19:33:08.250554+00:00,True,0.934
sw-ext-3-run05-20260809T063534,sw-ext,3,9,data/raw/3/capture_3_sw-ext_sw-ext-3-run05-20260809T063534_9.pcap,,2026-08-08T19:33:11.445941+00:00,True,0.854
sw-ext-3-run05-20260809T063534,sw-ext,3,10,data/raw/3/capture_3_sw-ext_sw-ext-3-run05-20260809T063534_10.pcap,,2026-08-08T19:33:14.642869+00:00,True,0.946
sw-ext-3-run05-20260809T063534,sw-ext,3,11,data/raw/3/capture_3_sw-ext_sw-ext-3-run05-20260809T063534_11.pcap,,2026-08-08T19:33:17.823718+00:00,True,0.961
sw-ext-3-run05-20260809T063534,sw-ext,3,12,data/raw/3/capture_3_sw-ext_sw-ext-3-run05-20260809T063534_12.pcap,,2026-08-08T19:33:20.981166+00:00,True,0.899
sw-ext-3-run05-20260809T063534,sw-ext,3,13,data/raw/3/capture_3_sw-ext_sw-ext-3-run05-20260809T063534_13.pcap,,2026-08-08T19:33:24.145504+00:00,True,0.544
sw-ext-3-run05-20260809T063534,sw-ext,3,14,data/raw/3/capture_3_sw-ext_sw-ext-3-run05-20260809T063534_14.pcap,,2026-08-08T19:33:27.401180+00:00,True,0.951
sw-ext-3-run05-20260809T063534,sw-ext,3,15,data/raw/3/capture_3_sw-ext_sw-ext-3-run05-20260809T063534_15.pcap,,2026-08-08T19:33:30.425677+00:00,True,0.850
sw-ext-3-run05-20260809T063534,sw-ext,3,16,data/raw/3/capture_3_sw-ext_sw-ext-3-run05-20260809T063534_16.pcap,,2026-08-08T19:33:33.673937+00:00,True,0.917
sw-ext-3-run05-20260809T063534,sw-ext,3,17,data/raw/3/capture_3_sw-ext_sw-ext-3-run05-20260809T063534_17.pcap,,2026-08-08T19:33:36.702569+00:00,True,0.917
sw-ext-3-run05-20260809T063534,sw-ext,3,18,data/raw/3/capture_3_sw-ext_sw-ext-3-run05-20260809T063534_18.pcap,,2026-08-08T19:33:39.959271+00:00,True,0.549
sw-ext-3-run05-20260809T063534,sw-ext,3,19,data/raw/3/capture_3_sw-ext_sw-ext-3-run05-20260809T063534_19.pcap,,2026-08-08T19:33:43.156743+00:00,True,0.687
sw-ext-3-run05-20260809T063534,sw-ext,3,20,data/raw/3/capture_3_sw-ext_sw-ext-3-run05-20260809T063534_20.pcap,,2026-08-08T19:33:46.361706+00:00,True,0.908
sw-ext-4-run01-20260809T063534,sw-ext,4,1,data/raw/4/capture_4_sw-ext_sw-ext-4-run01-20260809T063534_1.pcap,,2026-08-08T19:33:53.758038+00:00,True,0.953
sw-ext-4-run01-20260809T063534,sw-ext,4,2,data/raw/4/capture_4_sw-ext_sw-ext-4-run01-20260809T063534_2.pcap,,2026-08-08T19:33:56.975256+00:00,True,0.625
sw-ext-4-run01-20260809T063534,sw-ext,4,3,data/raw/4/capture_4_sw-ext_sw-ext-4-run01-20260809T063534_3.pcap,,2026-08-08T19:34:00.167116+00:00,True,0.950
sw-ext-4-run01-20260809T063534,sw-ext,4,4,data/raw/4/capture_4_sw-ext_sw-ext-4-run01-20260809T063534_4.pcap,,2026-08-08T19:34:03.167166+00:00,True,0.590
sw-ext-4-run01-20260809T063534,sw-ext,4,5,data/raw/4/capture_4_sw-ext_sw-ext-4-run01-20260809T063534_5.pcap,,2026-08-08T19:34:06.342765+00:00,True,0.937
sw-ext-4-run01-20260809T063534,sw-ext,4,6,data/raw/4/capture_4_sw-ext_sw-ext-4-run01-20260809T063534_6.pcap,,2026-08-08T19:34:09.374121+00:00,True,1.103
sw-ext-4-run01-20260809T063534,sw-ext,4,7,data/raw/4/capture_4_sw-ext_sw-ext-4-run01-20260809T063534_7.pcap,,2026-08-08T19:34:12.630604+00:00,True,0.925
sw-ext-4-run01-20260809T063534,sw-ext,4,8,data/raw/4/capture_4_sw-ext_sw-ext-4-run01-20260809T063534_8.pcap,,2026-08-08T19:34:15.799049+00:00,True,0.976
sw-ext-4-run01-20260809T063534,sw-ext,4,9,data/raw/4/capture_4_sw-ext_sw-ext-4-run01-20260809T063534_9.pcap,,2026-08-08T19:34:18.747593+00:00,True,0.954
sw-ext-4-run01-20260809T063534,sw-ext,4,10,data/raw/4/capture_4_sw-ext_sw-ext-4-run01-20260809T063534_10.pcap,,2026-08-08T19:34:22.018710+00:00,True,0.941
sw-ext-4-run01-20260809T063534,sw-ext,4,11,data/raw/4/capture_4_sw-ext_sw-ext-4-run01-20260809T063534_11.pcap,,2026-08-08T19:34:25.014399+00:00,True,0.615
sw-ext-4-run01-20260809T063534,sw-ext,4,12,data/raw/4/capture_4_sw-ext_sw-ext-4-run01-20260809T063534_12.pcap,,2026-08-08T19:34:28.149323+00:00,True,0.990
sw-ext-4-run01-20260809T063534,sw-ext,4,13,data/raw/4/capture_4_sw-ext_sw-ext-4-run01-20260809T063534_13.pcap,,2026-08-08T19:34:31.396125+00:00,True,0.911
sw-ext-4-run01-20260809T063534,sw-ext,4,14,data/raw/4/capture_4_sw-ext_sw-ext-4-run01-20260809T063534_14.pcap,,2026-08-08T19:34:34.565660+00:00,True,0.927
sw-ext-4-run01-20260809T063534,sw-ext,4,15,data/raw/4/capture_4_sw-ext_sw-ext-4-run01-20260809T063534_15.pcap,,2026-08-08T19:34:37.594363+00:00,True,0.599
sw-ext-4-run01-20260809T063534,sw-ext,4,16,data/raw/4/capture_4_sw-ext_sw-ext-4-run01-20260809T063534_16.pcap,,2026-08-08T19:34:40.566995+00:00,True,0.622
sw-ext-4-run01-20260809T063534,sw-ext,4,17,data/raw/4/capture_4_sw-ext_sw-ext-4-run01-20260809T063534_17.pcap,,2026-08-08T19:34:43.607249+00:00,True,0.532
sw-ext-4-run01-20260809T063534,sw-ext,4,18,data/raw/4/capture_4_sw-ext_sw-ext-4-run01-20260809T063534_18.pcap,,2026-08-08T19:34:46.574092+00:00,True,1.766
sw-ext-4-run01-20260809T063534,sw-ext,4,19,data/raw/4/capture_4_sw-ext_sw-ext-4-run01-20260809T063534_19.pcap,,2026-08-08T19:34:49.811254+00:00,True,1.033
sw-ext-4-run01-20260809T063534,sw-ext,4,20,data/raw/4/capture_4_sw-ext_sw-ext-4-run01-20260809T063534_20.pcap,,2026-08-08T19:34:53.042680+00:00,True,0.907
sw-ext-4-run02-20260809T063534,sw-ext,4,1,data/raw/4/capture_4_sw-ext_sw-ext-4-run02-20260809T063534_1.pcap,,2026-08-08T19:34:56.245505+00:00,True,0.897
sw-ext-4-run02-20260809T063534,sw-ext,4,2,data/raw/4/capture_4_sw-ext_sw-ext-4-run02-20260809T063534_2.pcap,,2026-08-08T19:34:59.438240+00:00,True,0.931
sw-ext-4-run02-20260809T063534,sw-ext,4,3,data/raw/4/capture_4_sw-ext_sw-ext-4-run02-20260809T063534_3.pcap,,2026-08-08T19:35:02.650347+00:00,True,0.947
sw-ext-4-run02-20260809T063534,sw-ext,4,4,data/raw/4/capture_4_sw-ext_sw-ext-4-run02-20260809T063534_4.pcap,,2026-08-08T19:35:05.909999+00:00,True,0.943
sw-ext-4-run02-20260809T063534,sw-ext,4,5,data/raw/4/capture_4_sw-ext_sw-ext-4-run02-20260809T063534_5.pcap,,2026-08-08T19:35:08.941954+00:00,True,0.924
sw-ext-4-run02-20260809T063534,sw-ext,4,6,data/raw/4/capture_4_sw-ext_sw-ext-4-run02-20260809T063534_6.pcap,,2026-08-08T19:35:12.179157+00:00,True,0.917
sw-ext-4-run02-20260809T063534,sw-ext,4,7,data/raw/4/capture_4_sw-ext_sw-ext-4-run02-20260809T063534_7.pcap,,2026-08-08T19:35:15.431377+00:00,True,0.948
sw-ext-4-run02-20260809T063534,sw-ext,4,8,data/raw/4/capture_4_sw-ext_sw-ext-4-run02-20260809T063534_8.pcap,,2026-08-08T19:35:18.628379+00:00,True,1.348
sw-ext-4-run02-20260809T063534,sw-ext,4,9,data/raw/4/capture_4_sw-ext_sw-ext-4-run02-20260809T063534_9.pcap,,2026-08-08T19:35:21.874951+00:00,True,0.997
sw-ext-4-run02-20260809T063534,sw-ext,4,10,data/raw/4/capture_4_sw-ext_sw-ext-4-run02-20260809T063534_10.pcap,,2026-08-08T19:35:24.818547+00:00,True,0.974
sw-ext-4-run02-20260809T063534,sw-ext,4,11,data/raw/4/capture_4_sw-ext_sw-ext-4-run02-20260809T063534_11.pcap,,2026-08-08T19:35:28.061849+00:00,True,0.950
sw-ext-4-run02-20260809T063534,sw-ext,4,12,data/raw/4/capture_4_sw-ext_sw-ext-4-run02-20260809T063534_12.pcap,,2026-08-08T19:35:31.245260+00:00,True,1.021
sw-ext-4-run02-20260809T063534,sw-ext,4,13,data/raw/4/capture_4_sw-ext_sw-ext-4-run02-20260809T063534_13.pcap,,2026-08-08T19:35:34.491688+00:00,True,0.976
sw-ext-4-run02-20260809T063534,sw-ext,4,14,data/raw/4/capture_4_sw-ext_sw-ext-4-run02-20260809T063534_14.pcap,,2026-08-08T19:35:37.734596+00:00,True,1.009
sw-ext-4-run02-20260809T063534,sw-ext,4,15,data/raw/4/capture_4_sw-ext_sw-ext-4-run02-20260809T063534_15.pcap,,2026-08-08T19:35:40.922634+00:00,True,0.945
sw-ext-4-run02-20260809T063534,sw-ext,4,16,data/raw/4/capture_4_sw-ext_sw-ext-4-run02-20260809T063534_16.pcap,,2026-08-08T19:35:44.149142+00:00,True,0.933
sw-ext-4-run02-20260809T063534,sw-ext,4,17,data/raw/4/capture_4_sw-ext_sw-ext-4-run02-20260809T063534_17.pcap,,2026-08-08T19:35:47.164615+00:00,True,0.950
sw-ext-4-run02-20260809T063534,sw-ext,4,18,data/raw/4/capture_4_sw-ext_sw-ext-4-run02-20260809T063534_18.pcap,,2026-08-08T19:35:50.194557+00:00,True,0.966
sw-ext-4-run02-20260809T063534,sw-ext,4,19,data/raw/4/capture_4_sw-ext_sw-ext-4-run02-20260809T063534_19.pcap,,2026-08-08T19:35:53.439487+00:00,True,0.906
sw-ext-4-run02-20260809T063534,sw-ext,4,20,data/raw/4/capture_4_sw-ext_sw-ext-4-run02-20260809T063534_20.pcap,,2026-08-08T19:35:56.694651+00:00,True,0.948
sw-ext-4-run03-20260809T063534,sw-ext,4,1,data/raw/4/capture_4_sw-ext_sw-ext-4-run03-20260809T063534_1.pcap,,2026-08-08T19:35:59.731717+00:00,True,0.928
sw-ext-4-run03-20260809T063534,sw-ext,4,2,data/raw/4/capture_4_sw-ext_sw-ext-4-run03-20260809T063534_2.pcap,,2026-08-08T19:36:02.893736+00:00,True,0.938
sw-ext-4-run03-20260809T063534,sw-ext,4,3,data/raw/4/capture_4_sw-ext_sw-ext-4-run03-20260809T063534_3.pcap,,2026-08-08T19:36:06.087266+00:00,True,0.555
sw-ext-4-run03-20260809T063534,sw-ext,4,4,data/raw/4/capture_4_sw-ext_sw-ext-4-run03-20260809T063534_4.pcap,,2026-08-08T19:36:09.327114+00:00,True,0.977
sw-ext-4-run03-20260809T063534,sw-ext,4,5,data/raw/4/capture_4_sw-ext_sw-ext-4-run03-20260809T063534_5.pcap,,2026-08-08T19:36:12.570482+00:00,True,0.605
sw-ext-4-run03-20260809T063534,sw-ext,4,6,data/raw/4/capture_4_sw-ext_sw-ext-4-run03-20260809T063534_6.pcap,,2026-08-08T19:36:15.820532+00:00,True,0.968
sw-ext-4-run03-20260809T063534,sw-ext,4,7,data/raw/4/capture_4_sw-ext_sw-ext-4-run03-20260809T063534_7.pcap,,2026-08-08T19:36:19.070117+00:00,True,0.943
sw-ext-4-run03-20260809T063534,sw-ext,4,8,data/raw/4/capture_4_sw-ext_sw-ext-4-run03-20260809T063534_8.pcap,,2026-08-08T19:36:22.096568+00:00,True,0.536
sw-ext-4-run03-20260809T063534,sw-ext,4,9,data/raw/4/capture_4_sw-ext_sw-ext-4-run03-20260809T063534_9.pcap,,2026-08-08T19:36:25.122369+00:00,True,0.894
sw-ext-4-run03-20260809T063534,sw-ext,4,10,data/raw/4/capture_4_sw-ext_sw-ext-4-run03-20260809T063534_10.pcap,,2026-08-08T19:36:28.359858+00:00,True,0.631
sw-ext-4-run03-20260809T063534,sw-ext,4,11,data/raw/4/capture_4_sw-ext_sw-ext-4-run03-20260809T063534_11.pcap,,2026-08-08T19:36:31.346821+00:00,True,0.890
sw-ext-4-run03-20260809T063534,sw-ext,4,12,data/raw/4/capture_4_sw-ext_sw-ext-4-run03-20260809T063534_12.pcap,,2026-08-08T19:36:34.560642+00:00,True,0.950
sw-ext-4-run03-20260809T063534,sw-ext,4,13,data/raw/4/capture_4_sw-ext_sw-ext-4-run03-20260809T063534_13.pcap,,2026-08-08T19:36:37.559051+00:00,True,0.876
sw-ext-4-run03-20260809T063534,sw-ext,4,14,data/raw/4/capture_4_sw-ext_sw-ext-4-run03-20260809T063534_14.pcap,,2026-08-08T19:36:40.734037+00:00,True,0.986
sw-ext-4-run03-20260809T063534,sw-ext,4,15,data/raw/4/capture_4_sw-ext_sw-ext-4-run03-20260809T063534_15.pcap,,2026-08-08T19:36:43.746532+00:00,True,0.568
sw-ext-4-run03-20260809T063534,sw-ext,4,16,data/raw/4/capture_4_sw-ext_sw-ext-4-run03-20260809T063534_16.pcap,,2026-08-08T19:36:46.780798+00:00,True,0.582
sw-ext-4-run03-20260809T063534,sw-ext,4,17,data/raw/4/capture_4_sw-ext_sw-ext-4-run03-20260809T063534_17.pcap,,2026-08-08T19:36:50.070692+00:00,True,0.948
sw-ext-4-run03-20260809T063534,sw-ext,4,18,data/raw/4/capture_4_sw-ext_sw-ext-4-run03-20260809T063534_18.pcap,,2026-08-08T19:36:53.258659+00:00,True,0.668
sw-ext-4-run03-20260809T063534,sw-ext,4,19,data/raw/4/capture_4_sw-ext_sw-ext-4-run03-20260809T063534_19.pcap,,2026-08-08T19:36:56.462315+00:00,True,0.996
sw-ext-4-run03-20260809T063534,sw-ext,4,20,data/raw/4/capture_4_sw-ext_sw-ext-4-run03-20260809T063534_20.pcap,,2026-08-08T19:36:59.711930+00:00,True,1.259
sw-ext-4-run04-20260809T063534,sw-ext,4,1,data/raw/4/capture_4_sw-ext_sw-ext-4-run04-20260809T063534_1.pcap,,2026-08-08T19:37:02.743298+00:00,True,1.167
sw-ext-4-run04-20260809T063534,sw-ext,4,2,data/raw/4/capture_4_sw-ext_sw-ext-4-run04-20260809T063534_2.pcap,,2026-08-08T19:37:05.699202+00:00,True,0.892
sw-ext-4-run04-20260809T063534,sw-ext,4,3,data/raw/4/capture_4_sw-ext_sw-ext-4-run04-20260809T063534_3.pcap,,2026-08-08T19:37:08.686996+00:00,True,0.546
sw-ext-4-run04-20260809T063534,sw-ext,4,4,data/raw/4/capture_4_sw-ext_sw-ext-4-run04-20260809T063534_4.pcap,,2026-08-08T19:37:11.837802+00:00,True,0.950
sw-ext-4-run04-20260809T063534,sw-ext,4,5,data/raw/4/capture_4_sw-ext_sw-ext-4-run04-20260809T063534_5.pcap,,2026-08-08T19:37:14.829506+00:00,True,1.189
sw-ext-4-run04-20260809T063534,sw-ext,4,6,data/raw/4/capture_4_sw-ext_sw-ext-4-run04-20260809T063534_6.pcap,,2026-08-08T19:37:18.030443+00:00,True,0.934
sw-ext-4-run04-20260809T063534,sw-ext,4,7,data/raw/4/capture_4_sw-ext_sw-ext-4-run04-20260809T063534_7.pcap,,2026-08-08T19:37:21.024987+00:00,True,0.908
sw-ext-4-run04-20260809T063534,sw-ext,4,8,data/raw/4/capture_4_sw-ext_sw-ext-4-run04-20260809T063534_8.pcap,,2026-08-08T19:37:24.234018+00:00,True,0.897
sw-ext-4-run04-20260809T063534,sw-ext,4,9,data/raw/4/capture_4_sw-ext_sw-ext-4-run04-20260809T063534_9.pcap,,2026-08-08T19:37:27.428753+00:00,True,0.968
sw-ext-4-run04-20260809T063534,sw-ext,4,10,data/raw/4/capture_4_sw-ext_sw-ext-4-run04-20260809T063534_10.pcap,,2026-08-08T19:37:30.615338+00:00,True,0.987
sw-ext-4-run04-20260809T063534,sw-ext,4,11,data/raw/4/capture_4_sw-ext_sw-ext-4-run04-20260809T063534_11.pcap,,2026-08-08T19:37:33.822612+00:00,True,0.918
sw-ext-4-run04-20260809T063534,sw-ext,4,12,data/raw/4/capture_4_sw-ext_sw-ext-4-run04-20260809T063534_12.pcap,,2026-08-08T19:37:37.062825+00:00,True,0.590
sw-ext-4-run04-20260809T063534,sw-ext,4,13,data/raw/4/capture_4_sw-ext_sw-ext-4-run04-20260809T063534_13.pcap,,2026-08-08T19:37:40.264686+00:00,True,0.770
sw-ext-4-run04-20260809T063534,sw-ext,4,14,data/raw/4/capture_4_sw-ext_sw-ext-4-run04-20260809T063534_14.pcap,,2026-08-08T19:37:43.431977+00:00,True,0.610
sw-ext-4-run04-20260809T063534,sw-ext,4,15,data/raw/4/capture_4_sw-ext_sw-ext-4-run04-20260809T063534_15.pcap,,2026-08-08T19:37:46.641298+00:00,True,1.004
sw-ext-4-run04-20260809T063534,sw-ext,4,16,data/raw/4/capture_4_sw-ext_sw-ext-4-run04-20260809T063534_16.pcap,,2026-08-08T19:37:49.898705+00:00,True,0.644
sw-ext-4-run04-20260809T063534,sw-ext,4,17,data/raw/4/capture_4_sw-ext_sw-ext-4-run04-20260809T063534_17.pcap,,2026-08-08T19:37:53.134775+00:00,True,0.984
sw-ext-4-run04-20260809T063534,sw-ext,4,18,data/raw/4/capture_4_sw-ext_sw-ext-4-run04-20260809T063534_18.pcap,,2026-08-08T19:37:56.293602+00:00,True,1.192
sw-ext-4-run04-20260809T063534,sw-ext,4,19,data/raw/4/capture_4_sw-ext_sw-ext-4-run04-20260809T063534_19.pcap,,2026-08-08T19:37:59.506629+00:00,True,0.987
sw-ext-4-run04-20260809T063534,sw-ext,4,20,data/raw/4/capture_4_sw-ext_sw-ext-4-run04-20260809T063534_20.pcap,,2026-08-08T19:38:02.546220+00:00,True,0.895
sw-ext-4-run05-20260809T063534,sw-ext,4,1,data/raw/4/capture_4_sw-ext_sw-ext-4-run05-20260809T063534_1.pcap,,2026-08-08T19:38:05.746686+00:00,True,0.610
sw-ext-4-run05-20260809T063534,sw-ext,4,2,data/raw/4/capture_4_sw-ext_sw-ext-4-run05-20260809T063534_2.pcap,,2026-08-08T19:38:09.049176+00:00,True,0.921
sw-ext-4-run05-20260809T063534,sw-ext,4,3,data/raw/4/capture_4_sw-ext_sw-ext-4-run05-20260809T063534_3.pcap,,2026-08-08T19:38:12.261767+00:00,True,0.611
sw-ext-4-run05-20260809T063534,sw-ext,4,4,data/raw/4/capture_4_sw-ext_sw-ext-4-run05-20260809T063534_4.pcap,,2026-08-08T19:38:15.428221+00:00,True,0.938
sw-ext-4-run05-20260809T063534,sw-ext,4,5,data/raw/4/capture_4_sw-ext_sw-ext-4-run05-20260809T063534_5.pcap,,2026-08-08T19:38:18.619254+00:00,True,0.998
sw-ext-4-run05-20260809T063534,sw-ext,4,6,data/raw/4/capture_4_sw-ext_sw-ext-4-run05-20260809T063534_6.pcap,,2026-08-08T19:38:21.622591+00:00,True,0.607
sw-ext-4-run05-20260809T063534,sw-ext,4,7,data/raw/4/capture_4_sw-ext_sw-ext-4-run05-20260809T063534_7.pcap,,2026-08-08T19:38:24.809627+00:00,True,0.619
sw-ext-4-run05-20260809T063534,sw-ext,4,8,data/raw/4/capture_4_sw-ext_sw-ext-4-run05-20260809T063534_8.pcap,,2026-08-08T19:38:27.762526+00:00,True,0.922
sw-ext-4-run05-20260809T063534,sw-ext,4,9,data/raw/4/capture_4_sw-ext_sw-ext-4-run05-20260809T063534_9.pcap,,2026-08-08T19:38:30.966689+00:00,True,0.585
sw-ext-4-run05-20260809T063534,sw-ext,4,10,data/raw/4/capture_4_sw-ext_sw-ext-4-run05-20260809T063534_10.pcap,,2026-08-08T19:38:34.169972+00:00,True,0.895
sw-ext-4-run05-20260809T063534,sw-ext,4,11,data/raw/4/capture_4_sw-ext_sw-ext-4-run05-20260809T063534_11.pcap,,2026-08-08T19:38:37.199360+00:00,True,0.915
sw-ext-4-run05-20260809T063534,sw-ext,4,12,data/raw/4/capture_4_sw-ext_sw-ext-4-run05-20260809T063534_12.pcap,,2026-08-08T19:38:40.236842+00:00,True,1.085
sw-ext-4-run05-20260809T063534,sw-ext,4,13,data/raw/4/capture_4_sw-ext_sw-ext-4-run05-20260809T063534_13.pcap,,2026-08-08T19:38:43.275113+00:00,True,0.561
sw-ext-4-run05-20260809T063534,sw-ext,4,14,data/raw/4/capture_4_sw-ext_sw-ext-4-run05-20260809T063534_14.pcap,,2026-08-08T19:38:46.546974+00:00,True,1.001
sw-ext-4-run05-20260809T063534,sw-ext,4,15,data/raw/4/capture_4_sw-ext_sw-ext-4-run05-20260809T063534_15.pcap,,2026-08-08T19:38:49.576554+00:00,True,0.893
sw-ext-4-run05-20260809T063534,sw-ext,4,16,data/raw/4/capture_4_sw-ext_sw-ext-4-run05-20260809T063534_16.pcap,,2026-08-08T19:38:52.819448+00:00,True,0.913
sw-ext-4-run05-20260809T063534,sw-ext,4,17,data/raw/4/capture_4_sw-ext_sw-ext-4-run05-20260809T063534_17.pcap,,2026-08-08T19:38:56.014608+00:00,True,0.920
sw-ext-4-run05-20260809T063534,sw-ext,4,18,data/raw/4/capture_4_sw-ext_sw-ext-4-run05-20260809T063534_18.pcap,,2026-08-08T19:38:59.254965+00:00,True,0.956
sw-ext-4-run05-20260809T063534,sw-ext,4,19,data/raw/4/capture_4_sw-ext_sw-ext-4-run05-20260809T063534_19.pcap,,2026-08-08T19:39:02.503251+00:00,True,0.914
sw-ext-4-run05-20260809T063534,sw-ext,4,20,data/raw/4/capture_4_sw-ext_sw-ext-4-run05-20260809T063534_20.pcap,,2026-08-08T19:39:05.718735+00:00,True,0.913
sw-ext-5-run01-20260809T063534,sw-ext,5,1,data/raw/5/capture_5_sw-ext_sw-ext-5-run01-20260809T063534_1.pcap,,2026-08-08T19:39:13.138918+00:00,True,0.581
sw-ext-5-run01-20260809T063534,sw-ext,5,2,data/raw/5/capture_5_sw-ext_sw-ext-5-run01-20260809T063534_2.pcap,,2026-08-08T19:39:16.383458+00:00,True,0.892
sw-ext-5-run01-20260809T063534,sw-ext,5,3,data/raw/5/capture_5_sw-ext_sw-ext-5-run01-20260809T063534_3.pcap,,2026-08-08T19:39:19.413316+00:00,True,0.548
sw-ext-5-run01-20260809T063534,sw-ext,5,4,data/raw/5/capture_5_sw-ext_sw-ext-5-run01-20260809T063534_4.pcap,,2026-08-08T19:39:22.413344+00:00,True,0.884
sw-ext-5-run01-20260809T063534,sw-ext,5,5,data/raw/5/capture_5_sw-ext_sw-ext-5-run01-20260809T063534_5.pcap,,2026-08-08T19:39:25.646950+00:00,True,0.946
sw-ext-5-run01-20260809T063534,sw-ext,5,6,data/raw/5/capture_5_sw-ext_sw-ext-5-run01-20260809T063534_6.pcap,,2026-08-08T19:39:28.823698+00:00,True,0.892
sw-ext-5-run01-20260809T063534,sw-ext,5,7,data/raw/5/capture_5_sw-ext_sw-ext-5-run01-20260809T063534_7.pcap,,2026-08-08T19:39:31.778249+00:00,True,0.885
sw-ext-5-run01-20260809T063534,sw-ext,5,8,data/raw/5/capture_5_sw-ext_sw-ext-5-run01-20260809T063534_8.pcap,,2026-08-08T19:39:34.989020+00:00,True,0.916
sw-ext-5-run01-20260809T063534,sw-ext,5,9,data/raw/5/capture_5_sw-ext_sw-ext-5-run01-20260809T063534_9.pcap,,2026-08-08T19:39:38.186868+00:00,True,0.942
sw-ext-5-run01-20260809T063534,sw-ext,5,10,data/raw/5/capture_5_sw-ext_sw-ext-5-run01-20260809T063534_10.pcap,,2026-08-08T19:39:41.431351+00:00,True,0.902
sw-ext-5-run01-20260809T063534,sw-ext,5,11,data/raw/5/capture_5_sw-ext_sw-ext-5-run01-20260809T063534_11.pcap,,2026-08-08T19:39:44.378574+00:00,True,0.884
sw-ext-5-run01-20260809T063534,sw-ext,5,12,data/raw/5/capture_5_sw-ext_sw-ext-5-run01-20260809T063534_12.pcap,,2026-08-08T19:39:47.627267+00:00,True,0.870
sw-ext-5-run01-20260809T063534,sw-ext,5,13,data/raw/5/capture_5_sw-ext_sw-ext-5-run01-20260809T063534_13.pcap,,2026-08-08T19:39:50.822049+00:00,True,0.577
sw-ext-5-run01-20260809T063534,sw-ext,5,14,data/raw/5/capture_5_sw-ext_sw-ext-5-run01-20260809T063534_14.pcap,,2026-08-08T19:39:53.999359+00:00,True,0.953
sw-ext-5-run01-20260809T063534,sw-ext,5,15,data/raw/5/capture_5_sw-ext_sw-ext-5-run01-20260809T063534_15.pcap,,2026-08-08T19:39:57.244076+00:00,True,0.991
sw-ext-5-run01-20260809T063534,sw-ext,5,16,data/raw/5/capture_5_sw-ext_sw-ext-5-run01-20260809T063534_16.pcap,,2026-08-08T19:40:00.445970+00:00,True,0.971
sw-ext-5-run01-20260809T063534,sw-ext,5,17,data/raw/5/capture_5_sw-ext_sw-ext-5-run01-20260809T063534_17.pcap,,2026-08-08T19:40:03.642672+00:00,True,0.633
sw-ext-5-run01-20260809T063534,sw-ext,5,18,data/raw/5/capture_5_sw-ext_sw-ext-5-run01-20260809T063534_18.pcap,,2026-08-08T19:40:06.851288+00:00,True,0.563
sw-ext-5-run01-20260809T063534,sw-ext,5,19,data/raw/5/capture_5_sw-ext_sw-ext-5-run01-20260809T063534_19.pcap,,2026-08-08T19:40:10.086728+00:00,True,0.951
sw-ext-5-run01-20260809T063534,sw-ext,5,20,data/raw/5/capture_5_sw-ext_sw-ext-5-run01-20260809T063534_20.pcap,,2026-08-08T19:40:13.363174+00:00,True,1.173
sw-ext-5-run02-20260809T063534,sw-ext,5,1,data/raw/5/capture_5_sw-ext_sw-ext-5-run02-20260809T063534_1.pcap,,2026-08-08T19:40:16.402803+00:00,True,0.909
sw-ext-5-run02-20260809T063534,sw-ext,5,2,data/raw/5/capture_5_sw-ext_sw-ext-5-run02-20260809T063534_2.pcap,,2026-08-08T19:40:19.564522+00:00,True,0.953
sw-ext-5-run02-20260809T063534,sw-ext,5,3,data/raw/5/capture_5_sw-ext_sw-ext-5-run02-20260809T063534_3.pcap,,2026-08-08T19:40:22.745139+00:00,True,0.916
sw-ext-5-run02-20260809T063534,sw-ext,5,4,data/raw/5/capture_5_sw-ext_sw-ext-5-run02-20260809T063534_4.pcap,,2026-08-08T19:40:25.963299+00:00,True,0.971
sw-ext-5-run02-20260809T063534,sw-ext,5,5,data/raw/5/capture_5_sw-ext_sw-ext-5-run02-20260809T063534_5.pcap,,2026-08-08T19:40:28.974759+00:00,True,0.974
sw-ext-5-run02-20260809T063534,sw-ext,5,6,data/raw/5/capture_5_sw-ext_sw-ext-5-run02-20260809T063534_6.pcap,,2026-08-08T19:40:32.104306+00:00,True,0.964
sw-ext-5-run02-20260809T063534,sw-ext,5,7,data/raw/5/capture_5_sw-ext_sw-ext-5-run02-20260809T063534_7.pcap,,2026-08-08T19:40:35.332477+00:00,True,0.964
sw-ext-5-run02-20260809T063534,sw-ext,5,8,data/raw/5/capture_5_sw-ext_sw-ext-5-run02-20260809T063534_8.pcap,,2026-08-08T19:40:38.483413+00:00,True,0.869
sw-ext-5-run02-20260809T063534,sw-ext,5,9,data/raw/5/capture_5_sw-ext_sw-ext-5-run02-20260809T063534_9.pcap,,2026-08-08T19:40:41.646767+00:00,True,0.961
sw-ext-5-run02-20260809T063534,sw-ext,5,10,data/raw/5/capture_5_sw-ext_sw-ext-5-run02-20260809T063534_10.pcap,,2026-08-08T19:40:44.890737+00:00,True,1.165
sw-ext-5-run02-20260809T063534,sw-ext,5,11,data/raw/5/capture_5_sw-ext_sw-ext-5-run02-20260809T063534_11.pcap,,2026-08-08T19:40:48.091275+00:00,True,0.960
sw-ext-5-run02-20260809T063534,sw-ext,5,12,data/raw/5/capture_5_sw-ext_sw-ext-5-run02-20260809T063534_12.pcap,,2026-08-08T19:40:51.298256+00:00,True,0.947
sw-ext-5-run02-20260809T063534,sw-ext,5,13,data/raw/5/capture_5_sw-ext_sw-ext-5-run02-20260809T063534_13.pcap,,2026-08-08T19:40:54.298641+00:00,True,0.912
sw-ext-5-run02-20260809T063534,sw-ext,5,14,data/raw/5/capture_5_sw-ext_sw-ext-5-run02-20260809T063534_14.pcap,,2026-08-08T19:40:57.542615+00:00,True,0.910
sw-ext-5-run02-20260809T063534,sw-ext,5,15,data/raw/5/capture_5_sw-ext_sw-ext-5-run02-20260809T063534_15.pcap,,2026-08-08T19:41:00.797535+00:00,True,0.903
sw-ext-5-run02-20260809T063534,sw-ext,5,16,data/raw/5/capture_5_sw-ext_sw-ext-5-run02-20260809T063534_16.pcap,,2026-08-08T19:41:03.975175+00:00,True,0.551
sw-ext-5-run02-20260809T063534,sw-ext,5,17,data/raw/5/capture_5_sw-ext_sw-ext-5-run02-20260809T063534_17.pcap,,2026-08-08T19:41:07.215046+00:00,True,0.608
sw-ext-5-run02-20260809T063534,sw-ext,5,18,data/raw/5/capture_5_sw-ext_sw-ext-5-run02-20260809T063534_18.pcap,,2026-08-08T19:41:10.222867+00:00,True,0.904
sw-ext-5-run02-20260809T063534,sw-ext,5,19,data/raw/5/capture_5_sw-ext_sw-ext-5-run02-20260809T063534_19.pcap,,2026-08-08T19:41:13.466525+00:00,True,0.913
sw-ext-5-run02-20260809T063534,sw-ext,5,20,data/raw/5/capture_5_sw-ext_sw-ext-5-run02-20260809T063534_20.pcap,,2026-08-08T19:41:16.678522+00:00,True,0.589
sw-ext-5-run03-20260809T063534,sw-ext,5,1,data/raw/5/capture_5_sw-ext_sw-ext-5-run03-20260809T063534_1.pcap,,2026-08-08T19:41:19.922563+00:00,True,0.678
sw-ext-5-run03-20260809T063534,sw-ext,5,2,data/raw/5/capture_5_sw-ext_sw-ext-5-run03-20260809T063534_2.pcap,,2026-08-08T19:41:22.946352+00:00,True,1.057
sw-ext-5-run03-20260809T063534,sw-ext,5,3,data/raw/5/capture_5_sw-ext_sw-ext-5-run03-20260809T063534_3.pcap,,2026-08-08T19:41:25.891941+00:00,True,0.652
sw-ext-5-run03-20260809T063534,sw-ext,5,4,data/raw/5/capture_5_sw-ext_sw-ext-5-run03-20260809T063534_4.pcap,,2026-08-08T19:41:29.103534+00:00,True,1.143
sw-ext-5-run03-20260809T063534,sw-ext,5,5,data/raw/5/capture_5_sw-ext_sw-ext-5-run03-20260809T063534_5.pcap,,2026-08-08T19:41:32.362723+00:00,True,0.951
sw-ext-5-run03-20260809T063534,sw-ext,5,6,data/raw/5/capture_5_sw-ext_sw-ext-5-run03-20260809T063534_6.pcap,,2026-08-08T19:41:35.582088+00:00,True,0.946
sw-ext-5-run03-20260809T063534,sw-ext,5,7,data/raw/5/capture_5_sw-ext_sw-ext-5-run03-20260809T063534_7.pcap,,2026-08-08T19:41:38.815143+00:00,True,0.874
sw-ext-5-run03-20260809T063534,sw-ext,5,8,data/raw/5/capture_5_sw-ext_sw-ext-5-run03-20260809T063534_8.pcap,,2026-08-08T19:41:42.064117+00:00,True,0.554
sw-ext-5-run03-20260809T063534,sw-ext,5,9,data/raw/5/capture_5_sw-ext_sw-ext-5-run03-20260809T063534_9.pcap,,2026-08-08T19:41:45.304461+00:00,True,0.540
sw-ext-5-run03-20260809T063534,sw-ext,5,10,data/raw/5/capture_5_sw-ext_sw-ext-5-run03-20260809T063534_10.pcap,,2026-08-08T19:41:48.469449+00:00,True,0.917
sw-ext-5-run03-20260809T063534,sw-ext,5,11,data/raw/5/capture_5_sw-ext_sw-ext-5-run03-20260809T063534_11.pcap,,2026-08-08T19:41:51.511141+00:00,True,0.875
sw-ext-5-run03-20260809T063534,sw-ext,5,12,data/raw/5/capture_5_sw-ext_sw-ext-5-run03-20260809T063534_12.pcap,,2026-08-08T19:41:54.680628+00:00,True,0.905
sw-ext-5-run03-20260809T063534,sw-ext,5,13,data/raw/5/capture_5_sw-ext_sw-ext-5-run03-20260809T063534_13.pcap,,2026-08-08T19:41:57.835338+00:00,True,0.995
sw-ext-5-run03-20260809T063534,sw-ext,5,14,data/raw/5/capture_5_sw-ext_sw-ext-5-run03-20260809T063534_14.pcap,,2026-08-08T19:42:01.033818+00:00,True,0.922
sw-ext-5-run03-20260809T063534,sw-ext,5,15,data/raw/5/capture_5_sw-ext_sw-ext-5-run03-20260809T063534_15.pcap,,2026-08-08T19:42:03.983852+00:00,True,0.912
sw-ext-5-run03-20260809T063534,sw-ext,5,16,data/raw/5/capture_5_sw-ext_sw-ext-5-run03-20260809T063534_16.pcap,,2026-08-08T19:42:06.974125+00:00,True,0.883
sw-ext-5-run03-20260809T063534,sw-ext,5,17,data/raw/5/capture_5_sw-ext_sw-ext-5-run03-20260809T063534_17.pcap,,2026-08-08T19:42:10.138287+00:00,True,0.951
sw-ext-5-run03-20260809T063534,sw-ext,5,18,data/raw/5/capture_5_sw-ext_sw-ext-5-run03-20260809T063534_18.pcap,,2026-08-08T19:42:13.175402+00:00,True,0.907
sw-ext-5-run03-20260809T063534,sw-ext,5,19,data/raw/5/capture_5_sw-ext_sw-ext-5-run03-20260809T063534_19.pcap,,2026-08-08T19:42:16.167159+00:00,True,0.917
sw-ext-5-run03-20260809T063534,sw-ext,5,20,data/raw/5/capture_5_sw-ext_sw-ext-5-run03-20260809T063534_20.pcap,,2026-08-08T19:42:19.329866+00:00,True,0.904
sw-ext-5-run04-20260809T063534,sw-ext,5,1,data/raw/5/capture_5_sw-ext_sw-ext-5-run04-20260809T063534_1.pcap,,2026-08-08T19:42:22.327068+00:00,True,0.571
sw-ext-5-run04-20260809T063534,sw-ext,5,2,data/raw/5/capture_5_sw-ext_sw-ext-5-run04-20260809T063534_2.pcap,,2026-08-08T19:42:25.566195+00:00,True,0.939
sw-ext-5-run04-20260809T063534,sw-ext,5,3,data/raw/5/capture_5_sw-ext_sw-ext-5-run04-20260809T063534_3.pcap,,2026-08-08T19:42:28.539311+00:00,True,0.587
sw-ext-5-run04-20260809T063534,sw-ext,5,4,data/raw/5/capture_5_sw-ext_sw-ext-5-run04-20260809T063534_4.pcap,,2026-08-08T19:42:31.586525+00:00,True,0.582
sw-ext-5-run04-20260809T063534,sw-ext,5,5,data/raw/5/capture_5_sw-ext_sw-ext-5-run04-20260809T063534_5.pcap,,2026-08-08T19:42:34.821914+00:00,True,0.881
sw-ext-5-run04-20260809T063534,sw-ext,5,6,data/raw/5/capture_5_sw-ext_sw-ext-5-run04-20260809T063534_6.pcap,,2026-08-08T19:42:37.831679+00:00,True,0.582
sw-ext-5-run04-20260809T063534,sw-ext,5,7,data/raw/5/capture_5_sw-ext_sw-ext-5-run04-20260809T063534_7.pcap,,2026-08-08T19:42:40.867711+00:00,True,0.932
sw-ext-5-run04-20260809T063534,sw-ext,5,8,data/raw/5/capture_5_sw-ext_sw-ext-5-run04-20260809T063534_8.pcap,,2026-08-08T19:42:44.054228+00:00,True,0.890
sw-ext-5-run04-20260809T063534,sw-ext,5,9,data/raw/5/capture_5_sw-ext_sw-ext-5-run04-20260809T063534_9.pcap,,2026-08-08T19:42:47.305978+00:00,True,0.981
sw-ext-5-run04-20260809T063534,sw-ext,5,10,data/raw/5/capture_5_sw-ext_sw-ext-5-run04-20260809T063534_10.pcap,,2026-08-08T19:42:50.538012+00:00,True,0.887
sw-ext-5-run04-20260809T063534,sw-ext,5,11,data/raw/5/capture_5_sw-ext_sw-ext-5-run04-20260809T063534_11.pcap,,2026-08-08T19:42:53.779112+00:00,True,0.913
sw-ext-5-run04-20260809T063534,sw-ext,5,12,data/raw/5/capture_5_sw-ext_sw-ext-5-run04-20260809T063534_12.pcap,,2026-08-08T19:42:56.997184+00:00,True,0.938
sw-ext-5-run04-20260809T063534,sw-ext,5,13,data/raw/5/capture_5_sw-ext_sw-ext-5-run04-20260809T063534_13.pcap,,2026-08-08T19:43:00.220835+00:00,True,1.165
sw-ext-5-run04-20260809T063534,sw-ext,5,14,data/raw/5/capture_5_sw-ext_sw-ext-5-run04-20260809T063534_14.pcap,,2026-08-08T19:43:03.418836+00:00,True,0.935
sw-ext-5-run04-20260809T063534,sw-ext,5,15,data/raw/5/capture_5_sw-ext_sw-ext-5-run04-20260809T063534_15.pcap,,2026-08-08T19:43:06.618928+00:00,True,0.906
sw-ext-5-run04-20260809T063534,sw-ext,5,16,data/raw/5/capture_5_sw-ext_sw-ext-5-run04-20260809T063534_16.pcap,,2026-08-08T19:43:09.831033+00:00,True,0.618
sw-ext-5-run04-20260809T063534,sw-ext,5,17,data/raw/5/capture_5_sw-ext_sw-ext-5-run04-20260809T063534_17.pcap,,2026-08-08T19:43:13.073380+00:00,True,0.951
sw-ext-5-run04-20260809T063534,sw-ext,5,18,data/raw/5/capture_5_sw-ext_sw-ext-5-run04-20260809T063534_18.pcap,,2026-08-08T19:43:16.332915+00:00,True,0.907
sw-ext-5-run04-20260809T063534,sw-ext,5,19,data/raw/5/capture_5_sw-ext_sw-ext-5-run04-20260809T063534_19.pcap,,2026-08-08T19:43:19.578813+00:00,True,0.597
sw-ext-5-run04-20260809T063534,sw-ext,5,20,data/raw/5/capture_5_sw-ext_sw-ext-5-run04-20260809T063534_20.pcap,,2026-08-08T19:43:22.611284+00:00,True,0.995
sw-ext-5-run05-20260809T063534,sw-ext,5,1,data/raw/5/capture_5_sw-ext_sw-ext-5-run05-20260809T063534_1.pcap,,2026-08-08T19:43:25.643101+00:00,True,0.907
sw-ext-5-run05-20260809T063534,sw-ext,5,2,data/raw/5/capture_5_sw-ext_sw-ext-5-run05-20260809T063534_2.pcap,,2026-08-08T19:43:28.847659+00:00,True,0.926
sw-ext-5-run05-20260809T063534,sw-ext,5,3,data/raw/5/capture_5_sw-ext_sw-ext-5-run05-20260809T063534_3.pcap,,2026-08-08T19:43:31.866289+00:00,True,0.595
sw-ext-5-run05-20260809T063534,sw-ext,5,4,data/raw/5/capture_5_sw-ext_sw-ext-5-run05-20260809T063534_4.pcap,,2026-08-08T19:43:34.816263+00:00,True,1.440
sw-ext-5-run05-20260809T063534,sw-ext,5,5,data/raw/5/capture_5_sw-ext_sw-ext-5-run05-20260809T063534_5.pcap,,2026-08-08T19:43:37.847336+00:00,True,0.871
sw-ext-5-run05-20260809T063534,sw-ext,5,6,data/raw/5/capture_5_sw-ext_sw-ext-5-run05-20260809T063534_6.pcap,,2026-08-08T19:43:41.087118+00:00,True,0.943
sw-ext-5-run05-20260809T063534,sw-ext,5,7,data/raw/5/capture_5_sw-ext_sw-ext-5-run05-20260809T063534_7.pcap,,2026-08-08T19:43:44.044479+00:00,True,0.893
sw-ext-5-run05-20260809T063534,sw-ext,5,8,data/raw/5/capture_5_sw-ext_sw-ext-5-run05-20260809T063534_8.pcap,,2026-08-08T19:43:47.060482+00:00,True,0.588
sw-ext-5-run05-20260809T063534,sw-ext,5,9,data/raw/5/capture_5_sw-ext_sw-ext-5-run05-20260809T063534_9.pcap,,2026-08-08T19:43:50.263144+00:00,True,0.944
sw-ext-5-run05-20260809T063534,sw-ext,5,10,data/raw/5/capture_5_sw-ext_sw-ext-5-run05-20260809T063534_10.pcap,,2026-08-08T19:43:53.457933+00:00,True,0.962
sw-ext-5-run05-20260809T063534,sw-ext,5,11,data/raw/5/capture_5_sw-ext_sw-ext-5-run05-20260809T063534_11.pcap,,2026-08-08T19:43:56.647499+00:00,True,0.939
sw-ext-5-run05-20260809T063534,sw-ext,5,12,data/raw/5/capture_5_sw-ext_sw-ext-5-run05-20260809T063534_12.pcap,,2026-08-08T19:43:59.854581+00:00,True,0.949
sw-ext-5-run05-20260809T063534,sw-ext,5,13,data/raw/5/capture_5_sw-ext_sw-ext-5-run05-20260809T063534_13.pcap,,2026-08-08T19:44:03.077546+00:00,True,0.980
sw-ext-5-run05-20260809T063534,sw-ext,5,14,data/raw/5/capture_5_sw-ext_sw-ext-5-run05-20260809T063534_14.pcap,,2026-08-08T19:44:06.269017+00:00,True,0.621
sw-ext-5-run05-20260809T063534,sw-ext,5,15,data/raw/5/capture_5_sw-ext_sw-ext-5-run05-20260809T063534_15.pcap,,2026-08-08T19:44:09.510252+00:00,True,0.574
sw-ext-5-run05-20260809T063534,sw-ext,5,16,data/raw/5/capture_5_sw-ext_sw-ext-5-run05-20260809T063534_16.pcap,,2026-08-08T19:44:12.721775+00:00,True,0.941
sw-ext-5-run05-20260809T063534,sw-ext,5,17,data/raw/5/capture_5_sw-ext_sw-ext-5-run05-20260809T063534_17.pcap,,2026-08-08T19:44:15.882912+00:00,True,0.962
sw-ext-5-run05-20260809T063534,sw-ext,5,18,data/raw/5/capture_5_sw-ext_sw-ext-5-run05-20260809T063534_18.pcap,,2026-08-08T19:44:18.915001+00:00,True,0.540
sw-ext-5-run05-20260809T063534,sw-ext,5,19,data/raw/5/capture_5_sw-ext_sw-ext-5-run05-20260809T063534_19.pcap,,2026-08-08T19:44:21.947046+00:00,True,0.892
sw-ext-5-run05-20260809T063534,sw-ext,5,20,data/raw/5/capture_5_sw-ext_sw-ext-5-run05-20260809T063534_20.pcap,,2026-08-08T19:44:25.153966+00:00,True,0.900
sw-ext-6-run01-20260809T063534,sw-ext,6,1,data/raw/6/capture_6_sw-ext_sw-ext-6-run01-20260809T063534_1.pcap,,2026-08-08T19:44:32.522706+00:00,True,0.988
sw-ext-6-run01-20260809T063534,sw-ext,6,2,data/raw/6/capture_6_sw-ext_sw-ext-6-run01-20260809T063534_2.pcap,,2026-08-08T19:44:35.727172+00:00,True,0.647
sw-ext-6-run01-20260809T063534,sw-ext,6,3,data/raw/6/capture_6_sw-ext_sw-ext-6-run01-20260809T063534_3.pcap,,2026-08-08T19:44:38.936628+00:00,True,1.228
sw-ext-6-run01-20260809T063534,sw-ext,6,4,data/raw/6/capture_6_sw-ext_sw-ext-6-run01-20260809T063534_4.pcap,,2026-08-08T19:44:42.188909+00:00,True,1.413
sw-ext-6-run01-20260809T063534,sw-ext,6,5,data/raw/6/capture_6_sw-ext_sw-ext-6-run01-20260809T063534_5.pcap,,2026-08-08T19:44:45.450420+00:00,True,0.942
sw-ext-6-run01-20260809T063534,sw-ext,6,6,data/raw/6/capture_6_sw-ext_sw-ext-6-run01-20260809T063534_6.pcap,,2026-08-08T19:44:48.663081+00:00,True,0.924
sw-ext-6-run01-20260809T063534,sw-ext,6,7,data/raw/6/capture_6_sw-ext_sw-ext-6-run01-20260809T063534_7.pcap,,2026-08-08T19:44:51.870686+00:00,True,0.914
sw-ext-6-run01-20260809T063534,sw-ext,6,8,data/raw/6/capture_6_sw-ext_sw-ext-6-run01-20260809T063534_8.pcap,,2026-08-08T19:44:55.067112+00:00,True,0.999
sw-ext-6-run01-20260809T063534,sw-ext,6,9,data/raw/6/capture_6_sw-ext_sw-ext-6-run01-20260809T063534_9.pcap,,2026-08-08T19:44:58.140646+00:00,True,0.929
sw-ext-6-run01-20260809T063534,sw-ext,6,10,data/raw/6/capture_6_sw-ext_sw-ext-6-run01-20260809T063534_10.pcap,,2026-08-08T19:45:01.386004+00:00,True,0.949
sw-ext-6-run01-20260809T063534,sw-ext,6,11,data/raw/6/capture_6_sw-ext_sw-ext-6-run01-20260809T063534_11.pcap,,2026-08-08T19:45:04.430904+00:00,True,0.912
sw-ext-6-run01-20260809T063534,sw-ext,6,12,data/raw/6/capture_6_sw-ext_sw-ext-6-run01-20260809T063534_12.pcap,,2026-08-08T19:45:07.669549+00:00,True,0.965
sw-ext-6-run01-20260809T063534,sw-ext,6,13,data/raw/6/capture_6_sw-ext_sw-ext-6-run01-20260809T063534_13.pcap,,2026-08-08T19:45:10.911137+00:00,True,0.987
sw-ext-6-run01-20260809T063534,sw-ext,6,14,data/raw/6/capture_6_sw-ext_sw-ext-6-run01-20260809T063534_14.pcap,,2026-08-08T19:45:14.118812+00:00,True,0.927
sw-ext-6-run01-20260809T063534,sw-ext,6,15,data/raw/6/capture_6_sw-ext_sw-ext-6-run01-20260809T063534_15.pcap,,2026-08-08T19:45:17.297945+00:00,True,0.980
sw-ext-6-run01-20260809T063534,sw-ext,6,16,data/raw/6/capture_6_sw-ext_sw-ext-6-run01-20260809T063534_16.pcap,,2026-08-08T19:45:20.542894+00:00,True,0.976
sw-ext-6-run01-20260809T063534,sw-ext,6,17,data/raw/6/capture_6_sw-ext_sw-ext-6-run01-20260809T063534_17.pcap,,2026-08-08T19:45:23.574501+00:00,True,0.941
sw-ext-6-run01-20260809T063534,sw-ext,6,18,data/raw/6/capture_6_sw-ext_sw-ext-6-run01-20260809T063534_18.pcap,,2026-08-08T19:45:26.806923+00:00,True,0.594
sw-ext-6-run01-20260809T063534,sw-ext,6,19,data/raw/6/capture_6_sw-ext_sw-ext-6-run01-20260809T063534_19.pcap,,2026-08-08T19:45:30.048502+00:00,True,0.951
sw-ext-6-run01-20260809T063534,sw-ext,6,20,data/raw/6/capture_6_sw-ext_sw-ext-6-run01-20260809T063534_20.pcap,,2026-08-08T19:45:33.290974+00:00,True,0.934
sw-ext-6-run02-20260809T063534,sw-ext,6,1,data/raw/6/capture_6_sw-ext_sw-ext-6-run02-20260809T063534_1.pcap,,2026-08-08T19:45:36.526874+00:00,True,0.914
sw-ext-6-run02-20260809T063534,sw-ext,6,2,data/raw/6/capture_6_sw-ext_sw-ext-6-run02-20260809T063534_2.pcap,,2026-08-08T19:45:39.520348+00:00,True,0.971
sw-ext-6-run02-20260809T063534,sw-ext,6,3,data/raw/6/capture_6_sw-ext_sw-ext-6-run02-20260809T063534_3.pcap,,2026-08-08T19:45:42.782555+00:00,True,0.955
sw-ext-6-run02-20260809T063534,sw-ext,6,4,data/raw/6/capture_6_sw-ext_sw-ext-6-run02-20260809T063534_4.pcap,,2026-08-08T19:45:46.005360+00:00,True,0.603
sw-ext-6-run02-20260809T063534,sw-ext,6,5,data/raw/6/capture_6_sw-ext_sw-ext-6-run02-20260809T063534_5.pcap,,2026-08-08T19:45:49.006864+00:00,True,0.897
sw-ext-6-run02-20260809T063534,sw-ext,6,6,data/raw/6/capture_6_sw-ext_sw-ext-6-run02-20260809T063534_6.pcap,,2026-08-08T19:45:52.242937+00:00,True,0.819
sw-ext-6-run02-20260809T063534,sw-ext,6,7,data/raw/6/capture_6_sw-ext_sw-ext-6-run02-20260809T063534_7.pcap,,2026-08-08T19:45:55.283181+00:00,True,0.945
sw-ext-6-run02-20260809T063534,sw-ext,6,8,data/raw/6/capture_6_sw-ext_sw-ext-6-run02-20260809T063534_8.pcap,,2026-08-08T19:45:58.270408+00:00,True,1.135
sw-ext-6-run02-20260809T063534,sw-ext,6,9,data/raw/6/capture_6_sw-ext_sw-ext-6-run02-20260809T063534_9.pcap,,2026-08-08T19:46:01.236168+00:00,True,0.972
sw-ext-6-run02-20260809T063534,sw-ext,6,10,data/raw/6/capture_6_sw-ext_sw-ext-6-run02-20260809T063534_10.pcap,,2026-08-08T19:46:04.266538+00:00,True,0.581
sw-ext-6-run02-20260809T063534,sw-ext,6,11,data/raw/6/capture_6_sw-ext_sw-ext-6-run02-20260809T063534_11.pcap,,2026-08-08T19:46:07.463129+00:00,True,0.898
sw-ext-6-run02-20260809T063534,sw-ext,6,12,data/raw/6/capture_6_sw-ext_sw-ext-6-run02-20260809T063534_12.pcap,,2026-08-08T19:46:10.719377+00:00,True,0.995
sw-ext-6-run02-20260809T063534,sw-ext,6,13,data/raw/6/capture_6_sw-ext_sw-ext-6-run02-20260809T063534_13.pcap,,2026-08-08T19:46:13.980613+00:00,True,1.017
sw-ext-6-run02-20260809T063534,sw-ext,6,14,data/raw/6/capture_6_sw-ext_sw-ext-6-run02-20260809T063534_14.pcap,,2026-08-08T19:46:17.242418+00:00,True,0.929
sw-ext-6-run02-20260809T063534,sw-ext,6,15,data/raw/6/capture_6_sw-ext_sw-ext-6-run02-20260809T063534_15.pcap,,2026-08-08T19:46:20.499316+00:00,True,0.926
sw-ext-6-run02-20260809T063534,sw-ext,6,16,data/raw/6/capture_6_sw-ext_sw-ext-6-run02-20260809T063534_16.pcap,,2026-08-08T19:46:23.710724+00:00,True,0.618
sw-ext-6-run02-20260809T063534,sw-ext,6,17,data/raw/6/capture_6_sw-ext_sw-ext-6-run02-20260809T063534_17.pcap,,2026-08-08T19:46:26.953598+00:00,True,0.935
sw-ext-6-run02-20260809T063534,sw-ext,6,18,data/raw/6/capture_6_sw-ext_sw-ext-6-run02-20260809T063534_18.pcap,,2026-08-08T19:46:30.191028+00:00,True,0.604
sw-ext-6-run02-20260809T063534,sw-ext,6,19,data/raw/6/capture_6_sw-ext_sw-ext-6-run02-20260809T063534_19.pcap,,2026-08-08T19:46:33.410478+00:00,True,0.928
sw-ext-6-run02-20260809T063534,sw-ext,6,20,data/raw/6/capture_6_sw-ext_sw-ext-6-run02-20260809T063534_20.pcap,,2026-08-08T19:46:36.622155+00:00,True,0.944
sw-ext-6-run03-20260809T063534,sw-ext,6,1,data/raw/6/capture_6_sw-ext_sw-ext-6-run03-20260809T063534_1.pcap,,2026-08-08T19:46:39.695026+00:00,True,0.958
sw-ext-6-run03-20260809T063534,sw-ext,6,2,data/raw/6/capture_6_sw-ext_sw-ext-6-run03-20260809T063534_2.pcap,,2026-08-08T19:46:42.731154+00:00,True,0.574
sw-ext-6-run03-20260809T063534,sw-ext,6,3,data/raw/6/capture_6_sw-ext_sw-ext-6-run03-20260809T063534_3.pcap,,2026-08-08T19:46:45.988232+00:00,True,0.614
sw-ext-6-run03-20260809T063534,sw-ext,6,4,data/raw/6/capture_6_sw-ext_sw-ext-6-run03-20260809T063534_4.pcap,,2026-08-08T19:46:49.201881+00:00,True,0.953
sw-ext-6-run03-20260809T063534,sw-ext,6,5,data/raw/6/capture_6_sw-ext_sw-ext-6-run03-20260809T063534_5.pcap,,2026-08-08T19:46:52.410151+00:00,True,0.598
sw-ext-6-run03-20260809T063534,sw-ext,6,6,data/raw/6/capture_6_sw-ext_sw-ext-6-run03-20260809T063534_6.pcap,,2026-08-08T19:46:55.670672+00:00,True,0.907
sw-ext-6-run03-20260809T063534,sw-ext,6,7,data/raw/6/capture_6_sw-ext_sw-ext-6-run03-20260809T063534_7.pcap,,2026-08-08T19:46:58.829825+00:00,True,0.991
sw-ext-6-run03-20260809T063534,sw-ext,6,8,data/raw/6/capture_6_sw-ext_sw-ext-6-run03-20260809T063534_8.pcap,,2026-08-08T19:47:02.086027+00:00,True,0.929
sw-ext-6-run03-20260809T063534,sw-ext,6,9,data/raw/6/capture_6_sw-ext_sw-ext-6-run03-20260809T063534_9.pcap,,2026-08-08T19:47:05.079396+00:00,True,0.576
sw-ext-6-run03-20260809T063534,sw-ext,6,10,data/raw/6/capture_6_sw-ext_sw-ext-6-run03-20260809T063534_10.pcap,,2026-08-08T19:47:08.290207+00:00,True,1.072
sw-ext-6-run03-20260809T063534,sw-ext,6,11,data/raw/6/capture_6_sw-ext_sw-ext-6-run03-20260809T063534_11.pcap,,2026-08-08T19:47:11.504279+00:00,True,0.902
sw-ext-6-run03-20260809T063534,sw-ext,6,12,data/raw/6/capture_6_sw-ext_sw-ext-6-run03-20260809T063534_12.pcap,,2026-08-08T19:47:14.773312+00:00,True,1.053
sw-ext-6-run03-20260809T063534,sw-ext,6,13,data/raw/6/capture_6_sw-ext_sw-ext-6-run03-20260809T063534_13.pcap,,2026-08-08T19:47:17.958730+00:00,True,1.175
sw-ext-6-run03-20260809T063534,sw-ext,6,14,data/raw/6/capture_6_sw-ext_sw-ext-6-run03-20260809T063534_14.pcap,,2026-08-08T19:47:20.998031+00:00,True,1.049
sw-ext-6-run03-20260809T063534,sw-ext,6,15,data/raw/6/capture_6_sw-ext_sw-ext-6-run03-20260809T063534_15.pcap,,2026-08-08T19:47:24.048453+00:00,True,1.519
sw-ext-6-run03-20260809T063534,sw-ext,6,16,data/raw/6/capture_6_sw-ext_sw-ext-6-run03-20260809T063534_16.pcap,,2026-08-08T19:47:27.281692+00:00,True,0.992
sw-ext-6-run03-20260809T063534,sw-ext,6,17,data/raw/6/capture_6_sw-ext_sw-ext-6-run03-20260809T063534_17.pcap,,2026-08-08T19:47:30.282117+00:00,True,0.899
sw-ext-6-run03-20260809T063534,sw-ext,6,18,data/raw/6/capture_6_sw-ext_sw-ext-6-run03-20260809T063534_18.pcap,,2026-08-08T19:47:33.534869+00:00,True,0.976
sw-ext-6-run03-20260809T063534,sw-ext,6,19,data/raw/6/capture_6_sw-ext_sw-ext-6-run03-20260809T063534_19.pcap,,2026-08-08T19:47:36.582193+00:00,True,0.529
sw-ext-6-run03-20260809T063534,sw-ext,6,20,data/raw/6/capture_6_sw-ext_sw-ext-6-run03-20260809T063534_20.pcap,,2026-08-08T19:47:39.581230+00:00,True,0.596
sw-ext-6-run04-20260809T063534,sw-ext,6,1,data/raw/6/capture_6_sw-ext_sw-ext-6-run04-20260809T063534_1.pcap,,2026-08-08T19:47:42.535833+00:00,True,0.575
sw-ext-6-run04-20260809T063534,sw-ext,6,2,data/raw/6/capture_6_sw-ext_sw-ext-6-run04-20260809T063534_2.pcap,,2026-08-08T19:47:45.695220+00:00,True,0.960
sw-ext-6-run04-20260809T063534,sw-ext,6,3,data/raw/6/capture_6_sw-ext_sw-ext-6-run04-20260809T063534_3.pcap,,2026-08-08T19:47:48.728981+00:00,True,1.023
sw-ext-6-run04-20260809T063534,sw-ext,6,4,data/raw/6/capture_6_sw-ext_sw-ext-6-run04-20260809T063534_4.pcap,,2026-08-08T19:47:51.862418+00:00,True,0.830
sw-ext-6-run04-20260809T063534,sw-ext,6,5,data/raw/6/capture_6_sw-ext_sw-ext-6-run04-20260809T063534_5.pcap,,2026-08-08T19:47:55.110525+00:00,True,0.917
sw-ext-6-run04-20260809T063534,sw-ext,6,6,data/raw/6/capture_6_sw-ext_sw-ext-6-run04-20260809T063534_6.pcap,,2026-08-08T19:47:58.350684+00:00,True,0.645
sw-ext-6-run04-20260809T063534,sw-ext,6,7,data/raw/6/capture_6_sw-ext_sw-ext-6-run04-20260809T063534_7.pcap,,2026-08-08T19:48:01.395592+00:00,True,0.974
sw-ext-6-run04-20260809T063534,sw-ext,6,8,data/raw/6/capture_6_sw-ext_sw-ext-6-run04-20260809T063534_8.pcap,,2026-08-08T19:48:04.622780+00:00,True,0.942
sw-ext-6-run04-20260809T063534,sw-ext,6,9,data/raw/6/capture_6_sw-ext_sw-ext-6-run04-20260809T063534_9.pcap,,2026-08-08T19:48:07.666901+00:00,True,0.622
sw-ext-6-run04-20260809T063534,sw-ext,6,10,data/raw/6/capture_6_sw-ext_sw-ext-6-run04-20260809T063534_10.pcap,,2026-08-08T19:48:10.934742+00:00,True,0.954
sw-ext-6-run04-20260809T063534,sw-ext,6,11,data/raw/6/capture_6_sw-ext_sw-ext-6-run04-20260809T063534_11.pcap,,2026-08-08T19:48:13.938274+00:00,True,0.569
sw-ext-6-run04-20260809T063534,sw-ext,6,12,data/raw/6/capture_6_sw-ext_sw-ext-6-run04-20260809T063534_12.pcap,,2026-08-08T19:48:16.957853+00:00,True,0.917
sw-ext-6-run04-20260809T063534,sw-ext,6,13,data/raw/6/capture_6_sw-ext_sw-ext-6-run04-20260809T063534_13.pcap,,2026-08-08T19:48:20.167829+00:00,True,0.969
sw-ext-6-run04-20260809T063534,sw-ext,6,14,data/raw/6/capture_6_sw-ext_sw-ext-6-run04-20260809T063534_14.pcap,,2026-08-08T19:48:23.407079+00:00,True,0.634
sw-ext-6-run04-20260809T063534,sw-ext,6,15,data/raw/6/capture_6_sw-ext_sw-ext-6-run04-20260809T063534_15.pcap,,2026-08-08T19:48:26.405046+00:00,True,0.913
sw-ext-6-run04-20260809T063534,sw-ext,6,16,data/raw/6/capture_6_sw-ext_sw-ext-6-run04-20260809T063534_16.pcap,,2026-08-08T19:48:29.653266+00:00,True,1.292
sw-ext-6-run04-20260809T063534,sw-ext,6,17,data/raw/6/capture_6_sw-ext_sw-ext-6-run04-20260809T063534_17.pcap,,2026-08-08T19:48:32.910198+00:00,True,0.899
sw-ext-6-run04-20260809T063534,sw-ext,6,18,data/raw/6/capture_6_sw-ext_sw-ext-6-run04-20260809T063534_18.pcap,,2026-08-08T19:48:35.942881+00:00,True,0.560
sw-ext-6-run04-20260809T063534,sw-ext,6,19,data/raw/6/capture_6_sw-ext_sw-ext-6-run04-20260809T063534_19.pcap,,2026-08-08T19:48:39.190898+00:00,True,0.765
sw-ext-6-run04-20260809T063534,sw-ext,6,20,data/raw/6/capture_6_sw-ext_sw-ext-6-run04-20260809T063534_20.pcap,,2026-08-08T19:48:42.438718+00:00,True,0.608
sw-ext-6-run05-20260809T063534,sw-ext,6,1,data/raw/6/capture_6_sw-ext_sw-ext-6-run05-20260809T063534_1.pcap,,2026-08-08T19:48:45.478268+00:00,True,0.980
sw-ext-6-run05-20260809T063534,sw-ext,6,2,data/raw/6/capture_6_sw-ext_sw-ext-6-run05-20260809T063534_2.pcap,,2026-08-08T19:48:48.675373+00:00,True,0.947
sw-ext-6-run05-20260809T063534,sw-ext,6,3,data/raw/6/capture_6_sw-ext_sw-ext-6-run05-20260809T063534_3.pcap,,2026-08-08T19:48:51.882310+00:00,True,0.639
sw-ext-6-run05-20260809T063534,sw-ext,6,4,data/raw/6/capture_6_sw-ext_sw-ext-6-run05-20260809T063534_4.pcap,,2026-08-08T19:48:55.083056+00:00,True,1.072
sw-ext-6-run05-20260809T063534,sw-ext,6,5,data/raw/6/capture_6_sw-ext_sw-ext-6-run05-20260809T063534_5.pcap,,2026-08-08T19:48:58.343009+00:00,True,0.950
sw-ext-6-run05-20260809T063534,sw-ext,6,6,data/raw/6/capture_6_sw-ext_sw-ext-6-run05-20260809T063534_6.pcap,,2026-08-08T19:49:01.516851+00:00,True,0.958
sw-ext-6-run05-20260809T063534,sw-ext,6,7,data/raw/6/capture_6_sw-ext_sw-ext-6-run05-20260809T063534_7.pcap,,2026-08-08T19:49:04.548981+00:00,True,0.975
sw-ext-6-run05-20260809T063534,sw-ext,6,8,data/raw/6/capture_6_sw-ext_sw-ext-6-run05-20260809T063534_8.pcap,,2026-08-08T19:49:07.790743+00:00,True,0.907
sw-ext-6-run05-20260809T063534,sw-ext,6,9,data/raw/6/capture_6_sw-ext_sw-ext-6-run05-20260809T063534_9.pcap,,2026-08-08T19:49:11.043536+00:00,True,1.000
sw-ext-6-run05-20260809T063534,sw-ext,6,10,data/raw/6/capture_6_sw-ext_sw-ext-6-run05-20260809T063534_10.pcap,,2026-08-08T19:49:14.214602+00:00,True,1.185
sw-ext-6-run05-20260809T063534,sw-ext,6,11,data/raw/6/capture_6_sw-ext_sw-ext-6-run05-20260809T063534_11.pcap,,2026-08-08T19:49:17.403338+00:00,True,0.785
sw-ext-6-run05-20260809T063534,sw-ext,6,12,data/raw/6/capture_6_sw-ext_sw-ext-6-run05-20260809T063534_12.pcap,,2026-08-08T19:49:20.630175+00:00,True,1.343
sw-ext-6-run05-20260809T063534,sw-ext,6,13,data/raw/6/capture_6_sw-ext_sw-ext-6-run05-20260809T063534_13.pcap,,2026-08-08T19:49:23.900689+00:00,True,0.921
sw-ext-6-run05-20260809T063534,sw-ext,6,14,data/raw/6/capture_6_sw-ext_sw-ext-6-run05-20260809T063534_14.pcap,,2026-08-08T19:49:27.113988+00:00,True,0.934
sw-ext-6-run05-20260809T063534,sw-ext,6,15,data/raw/6/capture_6_sw-ext_sw-ext-6-run05-20260809T063534_15.pcap,,2026-08-08T19:49:30.322737+00:00,True,0.961
sw-ext-6-run05-20260809T063534,sw-ext,6,16,data/raw/6/capture_6_sw-ext_sw-ext-6-run05-20260809T063534_16.pcap,,2026-08-08T19:49:33.520581+00:00,True,0.930
sw-ext-6-run05-20260809T063534,sw-ext,6,17,data/raw/6/capture_6_sw-ext_sw-ext-6-run05-20260809T063534_17.pcap,,2026-08-08T19:49:36.481733+00:00,True,1.137
sw-ext-6-run05-20260809T063534,sw-ext,6,18,data/raw/6/capture_6_sw-ext_sw-ext-6-run05-20260809T063534_18.pcap,,2026-08-08T19:49:39.682540+00:00,True,1.656
sw-ext-6-run05-20260809T063534,sw-ext,6,19,data/raw/6/capture_6_sw-ext_sw-ext-6-run05-20260809T063534_19.pcap,,2026-08-08T19:49:42.674709+00:00,True,0.934
sw-ext-6-run05-20260809T063534,sw-ext,6,20,data/raw/6/capture_6_sw-ext_sw-ext-6-run05-20260809T063534_20.pcap,,2026-08-08T19:49:45.719081+00:00,True,0.584
sw-min-0-run01-20260809T063534,sw-min,0,1,data/raw/0/capture_0_sw-min_sw-min-0-run01-20260809T063534_1.pcap,,2026-08-08T19:49:53.079161+00:00,True,0.843
sw-min-0-run01-20260809T063534,sw-min,0,2,data/raw/0/capture_0_sw-min_sw-min-0-run01-20260809T063534_2.pcap,,2026-08-08T19:49:56.251204+00:00,True,1.076
sw-min-0-run01-20260809T063534,sw-min,0,3,data/raw/0/capture_0_sw-min_sw-min-0-run01-20260809T063534_3.pcap,,2026-08-08T19:49:59.418239+00:00,True,0.953
sw-min-0-run01-20260809T063534,sw-min,0,4,data/raw/0/capture_0_sw-min_sw-min-0-run01-20260809T063534_4.pcap,,2026-08-08T19:50:02.675144+00:00,True,1.041
sw-min-0-run01-20260809T063534,sw-min,0,5,data/raw/0/capture_0_sw-min_sw-min-0-run01-20260809T063534_5.pcap,,2026-08-08T19:50:05.871433+00:00,True,0.954
sw-min-0-run01-20260809T063534,sw-min,0,6,data/raw/0/capture_0_sw-min_sw-min-0-run01-20260809T063534_6.pcap,,2026-08-08T19:50:08.908645+00:00,True,1.066
sw-min-0-run01-20260809T063534,sw-min,0,7,data/raw/0/capture_0_sw-min_sw-min-0-run01-20260809T063534_7.pcap,,2026-08-08T19:50:12.107218+00:00,True,1.095
sw-min-0-run01-20260809T063534,sw-min,0,8,data/raw/0/capture_0_sw-min_sw-min-0-run01-20260809T063534_8.pcap,,2026-08-08T19:50:15.069515+00:00,True,0.564
sw-min-0-run01-20260809T063534,sw-min,0,9,data/raw/0/capture_0_sw-min_sw-min-0-run01-20260809T063534_9.pcap,,2026-08-08T19:50:18.022741+00:00,True,0.891
sw-min-0-run01-20260809T063534,sw-min,0,10,data/raw/0/capture_0_sw-min_sw-min-0-run01-20260809T063534_10.pcap,,2026-08-08T19:50:21.175242+00:00,True,0.903
sw-min-0-run01-20260809T063534,sw-min,0,11,data/raw/0/capture_0_sw-min_sw-min-0-run01-20260809T063534_11.pcap,,2026-08-08T19:50:24.438629+00:00,True,1.008
sw-min-0-run01-20260809T063534,sw-min,0,12,data/raw/0/capture_0_sw-min_sw-min-0-run01-20260809T063534_12.pcap,,2026-08-08T19:50:27.687032+00:00,True,1.172
sw-min-0-run01-20260809T063534,sw-min,0,13,data/raw/0/capture_0_sw-min_sw-min-0-run01-20260809T063534_13.pcap,,2026-08-08T19:50:30.705358+00:00,True,0.621
sw-min-0-run01-20260809T063534,sw-min,0,14,data/raw/0/capture_0_sw-min_sw-min-0-run01-20260809T063534_14.pcap,,2026-08-08T19:50:33.655118+00:00,True,0.557
sw-min-0-run01-20260809T063534,sw-min,0,15,data/raw/0/capture_0_sw-min_sw-min-0-run01-20260809T063534_15.pcap,,2026-08-08T19:50:36.903317+00:00,True,0.951
sw-min-0-run01-20260809T063534,sw-min,0,16,data/raw/0/capture_0_sw-min_sw-min-0-run01-20260809T063534_16.pcap,,2026-08-08T19:50:40.110261+00:00,True,0.958
sw-min-0-run01-20260809T063534,sw-min,0,17,data/raw/0/capture_0_sw-min_sw-min-0-run01-20260809T063534_17.pcap,,2026-08-08T19:50:43.103427+00:00,True,0.974
sw-min-0-run01-20260809T063534,sw-min,0,18,data/raw/0/capture_0_sw-min_sw-min-0-run01-20260809T063534_18.pcap,,2026-08-08T19:50:46.274405+00:00,True,0.940
sw-min-0-run01-20260809T063534,sw-min,0,19,data/raw/0/capture_0_sw-min_sw-min-0-run01-20260809T063534_19.pcap,,2026-08-08T19:50:49.474796+00:00,True,1.272
sw-min-0-run01-20260809T063534,sw-min,0,20,data/raw/0/capture_0_sw-min_sw-min-0-run01-20260809T063534_20.pcap,,2026-08-08T19:50:52.643353+00:00,True,0.916
sw-min-0-run02-20260809T063534,sw-min,0,1,data/raw/0/capture_0_sw-min_sw-min-0-run02-20260809T063534_1.pcap,,2026-08-08T19:50:55.830233+00:00,True,0.992
sw-min-0-run02-20260809T063534,sw-min,0,2,data/raw/0/capture_0_sw-min_sw-min-0-run02-20260809T063534_2.pcap,,2026-08-08T19:50:59.055170+00:00,True,0.976
sw-min-0-run02-20260809T063534,sw-min,0,3,data/raw/0/capture_0_sw-min_sw-min-0-run02-20260809T063534_3.pcap,,2026-08-08T19:51:02.311532+00:00,True,1.000
sw-min-0-run02-20260809T063534,sw-min,0,4,data/raw/0/capture_0_sw-min_sw-min-0-run02-20260809T063534_4.pcap,,2026-08-08T19:51:05.525992+00:00,True,0.907
sw-min-0-run02-20260809T063534,sw-min,0,5,data/raw/0/capture_0_sw-min_sw-min-0-run02-20260809T063534_5.pcap,,2026-08-08T19:51:08.711275+00:00,True,0.950
sw-min-0-run02-20260809T063534,sw-min,0,6,data/raw/0/capture_0_sw-min_sw-min-0-run02-20260809T063534_6.pcap,,2026-08-08T19:51:11.929008+00:00,True,0.882
sw-min-0-run02-20260809T063534,sw-min,0,7,data/raw/0/capture_0_sw-min_sw-min-0-run02-20260809T063534_7.pcap,,2026-08-08T19:51:14.930467+00:00,True,0.919
sw-min-0-run02-20260809T063534,sw-min,0,8,data/raw/0/capture_0_sw-min_sw-min-0-run02-20260809T063534_8.pcap,,2026-08-08T19:51:18.179592+00:00,True,0.941
sw-min-0-run02-20260809T063534,sw-min,0,9,data/raw/0/capture_0_sw-min_sw-min-0-run02-20260809T063534_9.pcap,,2026-08-08T19:51:21.423050+00:00,True,0.962
sw-min-0-run02-20260809T063534,sw-min,0,10,data/raw/0/capture_0_sw-min_sw-min-0-run02-20260809T063534_10.pcap,,2026-08-08T19:51:24.461151+00:00,True,0.933
sw-min-0-run02-20260809T063534,sw-min,0,11,data/raw/0/capture_0_sw-min_sw-min-0-run02-20260809T063534_11.pcap,,2026-08-08T19:51:27.494305+00:00,True,0.956
sw-min-0-run02-20260809T063534,sw-min,0,12,data/raw/0/capture_0_sw-min_sw-min-0-run02-20260809T063534_12.pcap,,2026-08-08T19:51:30.739213+00:00,True,0.934
sw-min-0-run02-20260809T063534,sw-min,0,13,data/raw/0/capture_0_sw-min_sw-min-0-run02-20260809T063534_13.pcap,,2026-08-08T19:51:33.729583+00:00,True,0.993
sw-min-0-run02-20260809T063534,sw-min,0,14,data/raw/0/capture_0_sw-min_sw-min-0-run02-20260809T063534_14.pcap,,2026-08-08T19:51:36.992010+00:00,True,0.983
sw-min-0-run02-20260809T063534,sw-min,0,15,data/raw/0/capture_0_sw-min_sw-min-0-run02-20260809T063534_15.pcap,,2026-08-08T19:51:39.969802+00:00,True,0.571
sw-min-0-run02-20260809T063534,sw-min,0,16,data/raw/0/capture_0_sw-min_sw-min-0-run02-20260809T063534_16.pcap,,2026-08-08T19:51:43.132005+00:00,True,1.020
sw-min-0-run02-20260809T063534,sw-min,0,17,data/raw/0/capture_0_sw-min_sw-min-0-run02-20260809T063534_17.pcap,,2026-08-08T19:51:46.341427+00:00,True,0.965
sw-min-0-run02-20260809T063534,sw-min,0,18,data/raw/0/capture_0_sw-min_sw-min-0-run02-20260809T063534_18.pcap,,2026-08-08T19:51:49.526465+00:00,True,0.899
sw-min-0-run02-20260809T063534,sw-min,0,19,data/raw/0/capture_0_sw-min_sw-min-0-run02-20260809T063534_19.pcap,,2026-08-08T19:51:52.768966+00:00,True,0.961
sw-min-0-run02-20260809T063534,sw-min,0,20,data/raw/0/capture_0_sw-min_sw-min-0-run02-20260809T063534_20.pcap,,2026-08-08T19:51:56.027700+00:00,True,0.925
sw-min-0-run03-20260809T063534,sw-min,0,1,data/raw/0/capture_0_sw-min_sw-min-0-run03-20260809T063534_1.pcap,,2026-08-08T19:51:59.173345+00:00,True,0.947
sw-min-0-run03-20260809T063534,sw-min,0,2,data/raw/0/capture_0_sw-min_sw-min-0-run03-20260809T063534_2.pcap,,2026-08-08T19:52:02.443415+00:00,True,0.940
sw-min-0-run03-20260809T063534,sw-min,0,3,data/raw/0/capture_0_sw-min_sw-min-0-run03-20260809T063534_3.pcap,,2026-08-08T19:52:05.652447+00:00,True,0.924
sw-min-0-run03-20260809T063534,sw-min,0,4,data/raw/0/capture_0_sw-min_sw-min-0-run03-20260809T063534_4.pcap,,2026-08-08T19:52:08.651298+00:00,True,0.936
sw-min-0-run03-20260809T063534,sw-min,0,5,data/raw/0/capture_0_sw-min_sw-min-0-run03-20260809T063534_5.pcap,,2026-08-08T19:52:11.897902+00:00,True,0.979
sw-min-0-run03-20260809T063534,sw-min,0,6,data/raw/0/capture_0_sw-min_sw-min-0-run03-20260809T063534_6.pcap,,2026-08-08T19:52:15.125140+00:00,True,0.959
sw-min-0-run03-20260809T063534,sw-min,0,7,data/raw/0/capture_0_sw-min_sw-min-0-run03-20260809T063534_7.pcap,,2026-08-08T19:52:18.227092+00:00,True,0.894
sw-min-0-run03-20260809T063534,sw-min,0,8,data/raw/0/capture_0_sw-min_sw-min-0-run03-20260809T063534_8.pcap,,2026-08-08T19:52:21.474613+00:00,True,1.016
sw-min-0-run03-20260809T063534,sw-min,0,9,data/raw/0/capture_0_sw-min_sw-min-0-run03-20260809T063534_9.pcap,,2026-08-08T19:52:24.646508+00:00,True,0.914
sw-min-0-run03-20260809T063534,sw-min,0,10,data/raw/0/capture_0_sw-min_sw-min-0-run03-20260809T063534_10.pcap,,2026-08-08T19:52:27.686202+00:00,True,0.910
sw-min-0-run03-20260809T063534,sw-min,0,11,data/raw/0/capture_0_sw-min_sw-min-0-run03-20260809T063534_11.pcap,,2026-08-08T19:52:30.912808+00:00,True,0.617
sw-min-0-run03-20260809T063534,sw-min,0,12,data/raw/0/capture_0_sw-min_sw-min-0-run03-20260809T063534_12.pcap,,2026-08-08T19:52:33.958208+00:00,True,0.882
sw-min-0-run03-20260809T063534,sw-min,0,13,data/raw/0/capture_0_sw-min_sw-min-0-run03-20260809T063534_13.pcap,,2026-08-08T19:52:37.199760+00:00,True,0.920
sw-min-0-run03-20260809T063534,sw-min,0,14,data/raw/0/capture_0_sw-min_sw-min-0-run03-20260809T063534_14.pcap,,2026-08-08T19:52:40.405894+00:00,True,0.698
sw-min-0-run03-20260809T063534,sw-min,0,15,data/raw/0/capture_0_sw-min_sw-min-0-run03-20260809T063534_15.pcap,,2026-08-08T19:52:43.633734+00:00,True,0.894
sw-min-0-run03-20260809T063534,sw-min,0,16,data/raw/0/capture_0_sw-min_sw-min-0-run03-20260809T063534_16.pcap,,2026-08-08T19:52:46.849818+00:00,True,0.962
sw-min-0-run03-20260809T063534,sw-min,0,17,data/raw/0/capture_0_sw-min_sw-min-0-run03-20260809T063534_17.pcap,,2026-08-08T19:52:50.110599+00:00,True,0.942
sw-min-0-run03-20260809T063534,sw-min,0,18,data/raw/0/capture_0_sw-min_sw-min-0-run03-20260809T063534_18.pcap,,2026-08-08T19:52:53.423165+00:00,True,0.970
sw-min-0-run03-20260809T063534,sw-min,0,19,data/raw/0/capture_0_sw-min_sw-min-0-run03-20260809T063534_19.pcap,,2026-08-08T19:52:56.680894+00:00,True,0.940
sw-min-0-run03-20260809T063534,sw-min,0,20,data/raw/0/capture_0_sw-min_sw-min-0-run03-20260809T063534_20.pcap,,2026-08-08T19:52:59.674635+00:00,True,0.557
sw-min-0-run04-20260809T063534,sw-min,0,1,data/raw/0/capture_0_sw-min_sw-min-0-run04-20260809T063534_1.pcap,,2026-08-08T19:53:02.894968+00:00,True,1.459
sw-min-0-run04-20260809T063534,sw-min,0,2,data/raw/0/capture_0_sw-min_sw-min-0-run04-20260809T063534_2.pcap,,2026-08-08T19:53:06.137597+00:00,True,0.900
sw-min-0-run04-20260809T063534,sw-min,0,3,data/raw/0/capture_0_sw-min_sw-min-0-run04-20260809T063534_3.pcap,,2026-08-08T19:53:09.135355+00:00,True,0.961
sw-min-0-run04-20260809T063534,sw-min,0,4,data/raw/0/capture_0_sw-min_sw-min-0-run04-20260809T063534_4.pcap,,2026-08-08T19:53:12.347283+00:00,True,0.587
sw-min-0-run04-20260809T063534,sw-min,0,5,data/raw/0/capture_0_sw-min_sw-min-0-run04-20260809T063534_5.pcap,,2026-08-08T19:53:15.419302+00:00,True,0.647
sw-min-0-run04-20260809T063534,sw-min,0,6,data/raw/0/capture_0_sw-min_sw-min-0-run04-20260809T063534_6.pcap,,2026-08-08T19:53:18.587350+00:00,True,1.052
sw-min-0-run04-20260809T063534,sw-min,0,7,data/raw/0/capture_0_sw-min_sw-min-0-run04-20260809T063534_7.pcap,,2026-08-08T19:53:21.810012+00:00,True,0.999
sw-min-0-run04-20260809T063534,sw-min,0,8,data/raw/0/capture_0_sw-min_sw-min-0-run04-20260809T063534_8.pcap,,2026-08-08T19:53:24.852905+00:00,True,0.964
sw-min-0-run04-20260809T063534,sw-min,0,9,data/raw/0/capture_0_sw-min_sw-min-0-run04-20260809T063534_9.pcap,,2026-08-08T19:53:28.063743+00:00,True,0.945
sw-min-0-run04-20260809T063534,sw-min,0,10,data/raw/0/capture_0_sw-min_sw-min-0-run04-20260809T063534_10.pcap,,2026-08-08T19:53:31.282874+00:00,True,0.900
sw-min-0-run04-20260809T063534,sw-min,0,11,data/raw/0/capture_0_sw-min_sw-min-0-run04-20260809T063534_11.pcap,,2026-08-08T19:53:34.447811+00:00,True,0.931
sw-min-0-run04-20260809T063534,sw-min,0,12,data/raw/0/capture_0_sw-min_sw-min-0-run04-20260809T063534_12.pcap,,2026-08-08T19:53:37.692930+00:00,True,0.901
sw-min-0-run04-20260809T063534,sw-min,0,13,data/raw/0/capture_0_sw-min_sw-min-0-run04-20260809T063534_13.pcap,,2026-08-08T19:53:40.899204+00:00,True,0.956
sw-min-0-run04-20260809T063534,sw-min,0,14,data/raw/0/capture_0_sw-min_sw-min-0-run04-20260809T063534_14.pcap,,2026-08-08T19:53:43.944822+00:00,True,0.548
sw-min-0-run04-20260809T063534,sw-min,0,15,data/raw/0/capture_0_sw-min_sw-min-0-run04-20260809T063534_15.pcap,,2026-08-08T19:53:47.190373+00:00,True,0.923
sw-min-0-run04-20260809T063534,sw-min,0,16,data/raw/0/capture_0_sw-min_sw-min-0-run04-20260809T063534_16.pcap,,2026-08-08T19:53:50.383381+00:00,True,0.543
sw-min-0-run04-20260809T063534,sw-min,0,17,data/raw/0/capture_0_sw-min_sw-min-0-run04-20260809T063534_17.pcap,,2026-08-08T19:53:53.585347+00:00,True,0.934
sw-min-0-run04-20260809T063534,sw-min,0,18,data/raw/0/capture_0_sw-min_sw-min-0-run04-20260809T063534_18.pcap,,2026-08-08T19:53:56.835652+00:00,True,0.972
sw-min-0-run04-20260809T063534,sw-min,0,19,data/raw/0/capture_0_sw-min_sw-min-0-run04-20260809T063534_19.pcap,,2026-08-08T19:54:00.046896+00:00,True,0.984
sw-min-0-run04-20260809T063534,sw-min,0,20,data/raw/0/capture_0_sw-min_sw-min-0-run04-20260809T063534_20.pcap,,2026-08-08T19:54:03.274898+00:00,True,0.912
sw-min-0-run05-20260809T063534,sw-min,0,1,data/raw/0/capture_0_sw-min_sw-min-0-run05-20260809T063534_1.pcap,,2026-08-08T19:54:06.486300+00:00,True,0.915
sw-min-0-run05-20260809T063534,sw-min,0,2,data/raw/0/capture_0_sw-min_sw-min-0-run05-20260809T063534_2.pcap,,2026-08-08T19:54:09.708099+00:00,True,1.001
sw-min-0-run05-20260809T063534,sw-min,0,3,data/raw/0/capture_0_sw-min_sw-min-0-run05-20260809T063534_3.pcap,,2026-08-08T19:54:12.962228+00:00,True,0.573
sw-min-0-run05-20260809T063534,sw-min,0,4,data/raw/0/capture_0_sw-min_sw-min-0-run05-20260809T063534_4.pcap,,2026-08-08T19:54:16.216171+00:00,True,0.942
sw-min-0-run05-20260809T063534,sw-min,0,5,data/raw/0/capture_0_sw-min_sw-min-0-run05-20260809T063534_5.pcap,,2026-08-08T19:54:19.472836+00:00,True,0.934
sw-min-0-run05-20260809T063534,sw-min,0,6,data/raw/0/capture_0_sw-min_sw-min-0-run05-20260809T063534_6.pcap,,2026-08-08T19:54:22.741859+00:00,True,0.940
sw-min-0-run05-20260809T063534,sw-min,0,7,data/raw/0/capture_0_sw-min_sw-min-0-run05-20260809T063534_7.pcap,,2026-08-08T19:54:25.911124+00:00,True,0.954
sw-min-0-run05-20260809T063534,sw-min,0,8,data/raw/0/capture_0_sw-min_sw-min-0-run05-20260809T063534_8.pcap,,2026-08-08T19:54:29.167146+00:00,True,1.213
sw-min-0-run05-20260809T063534,sw-min,0,9,data/raw/0/capture_0_sw-min_sw-min-0-run05-20260809T063534_9.pcap,,2026-08-08T19:54:32.430680+00:00,True,0.915
sw-min-0-run05-20260809T063534,sw-min,0,10,data/raw/0/capture_0_sw-min_sw-min-0-run05-20260809T063534_10.pcap,,2026-08-08T19:54:35.676124+00:00,True,0.986
sw-min-0-run05-20260809T063534,sw-min,0,11,data/raw/0/capture_0_sw-min_sw-min-0-run05-20260809T063534_11.pcap,,2026-08-08T19:54:38.835399+00:00,True,0.986
sw-min-0-run05-20260809T063534,sw-min,0,12,data/raw/0/capture_0_sw-min_sw-min-0-run05-20260809T063534_12.pcap,,2026-08-08T19:54:42.109221+00:00,True,0.750
sw-min-0-run05-20260809T063534,sw-min,0,13,data/raw/0/capture_0_sw-min_sw-min-0-run05-20260809T063534_13.pcap,,2026-08-08T19:54:45.315648+00:00,True,0.622
sw-min-0-run05-20260809T063534,sw-min,0,14,data/raw/0/capture_0_sw-min_sw-min-0-run05-20260809T063534_14.pcap,,2026-08-08T19:54:48.307090+00:00,True,0.947
sw-min-0-run05-20260809T063534,sw-min,0,15,data/raw/0/capture_0_sw-min_sw-min-0-run05-20260809T063534_15.pcap,,2026-08-08T19:54:51.476969+00:00,True,0.939
sw-min-0-run05-20260809T063534,sw-min,0,16,data/raw/0/capture_0_sw-min_sw-min-0-run05-20260809T063534_16.pcap,,2026-08-08T19:54:54.514537+00:00,True,0.894
sw-min-0-run05-20260809T063534,sw-min,0,17,data/raw/0/capture_0_sw-min_sw-min-0-run05-20260809T063534_17.pcap,,2026-08-08T19:54:57.770684+00:00,True,0.936
sw-min-0-run05-20260809T063534,sw-min,0,18,data/raw/0/capture_0_sw-min_sw-min-0-run05-20260809T063534_18.pcap,,2026-08-08T19:55:00.732353+00:00,True,0.655
sw-min-0-run05-20260809T063534,sw-min,0,19,data/raw/0/capture_0_sw-min_sw-min-0-run05-20260809T063534_19.pcap,,2026-08-08T19:55:03.987558+00:00,True,0.923
sw-min-0-run05-20260809T063534,sw-min,0,20,data/raw/0/capture_0_sw-min_sw-min-0-run05-20260809T063534_20.pcap,,2026-08-08T19:55:06.987059+00:00,True,0.935
sw-min-1-run01-20260809T063534,sw-min,1,1,data/raw/1/capture_1_sw-min_sw-min-1-run01-20260809T063534_1.pcap,,2026-08-08T19:55:14.383406+00:00,True,0.944
sw-min-1-run01-20260809T063534,sw-min,1,2,data/raw/1/capture_1_sw-min_sw-min-1-run01-20260809T063534_2.pcap,,2026-08-08T19:55:17.650491+00:00,True,0.965
sw-min-1-run01-20260809T063534,sw-min,1,3,data/raw/1/capture_1_sw-min_sw-min-1-run01-20260809T063534_3.pcap,,2026-08-08T19:55:20.895290+00:00,True,1.025
sw-min-1-run01-20260809T063534,sw-min,1,4,data/raw/1/capture_1_sw-min_sw-min-1-run01-20260809T063534_4.pcap,,2026-08-08T19:55:24.036571+00:00,True,0.935
sw-min-1-run01-20260809T063534,sw-min,1,5,data/raw/1/capture_1_sw-min_sw-min-1-run01-20260809T063534_5.pcap,,2026-08-08T19:55:27.296688+00:00,True,0.947
sw-min-1-run01-20260809T063534,sw-min,1,6,data/raw/1/capture_1_sw-min_sw-min-1-run01-20260809T063534_6.pcap,,2026-08-08T19:55:30.459206+00:00,True,0.939
sw-min-1-run01-20260809T063534,sw-min,1,7,data/raw/1/capture_1_sw-min_sw-min-1-run01-20260809T063534_7.pcap,,2026-08-08T19:55:33.373633+00:00,True,1.002
sw-min-1-run01-20260809T063534,sw-min,1,8,data/raw/1/capture_1_sw-min_sw-min-1-run01-20260809T063534_8.pcap,,2026-08-08T19:55:36.574668+00:00,True,0.926
sw-min-1-run01-20260809T063534,sw-min,1,9,data/raw/1/capture_1_sw-min_sw-min-1-run01-20260809T063534_9.pcap,,2026-08-08T19:55:39.823197+00:00,True,0.962
sw-min-1-run01-20260809T063534,sw-min,1,10,data/raw/1/capture_1_sw-min_sw-min-1-run01-20260809T063534_10.pcap,,2026-08-08T19:55:43.032601+00:00,True,0.929
sw-min-1-run01-20260809T063534,sw-min,1,11,data/raw/1/capture_1_sw-min_sw-min-1-run01-20260809T063534_11.pcap,,2026-08-08T19:55:46.195423+00:00,True,0.954
sw-min-1-run01-20260809T063534,sw-min,1,12,data/raw/1/capture_1_sw-min_sw-min-1-run01-20260809T063534_12.pcap,,2026-08-08T19:55:49.419356+00:00,True,0.933
sw-min-1-run01-20260809T063534,sw-min,1,13,data/raw/1/capture_1_sw-min_sw-min-1-run01-20260809T063534_13.pcap,,2026-08-08T19:55:52.590484+00:00,True,0.920
sw-min-1-run01-20260809T063534,sw-min,1,14,data/raw/1/capture_1_sw-min_sw-min-1-run01-20260809T063534_14.pcap,,2026-08-08T19:55:55.747188+00:00,True,0.951
sw-min-1-run01-20260809T063534,sw-min,1,15,data/raw/1/capture_1_sw-min_sw-min-1-run01-20260809T063534_15.pcap,,2026-08-08T19:55:59.007319+00:00,True,0.551
sw-min-1-run01-20260809T063534,sw-min,1,16,data/raw/1/capture_1_sw-min_sw-min-1-run01-20260809T063534_16.pcap,,2026-08-08T19:56:02.222873+00:00,True,0.891
sw-min-1-run01-20260809T063534,sw-min,1,17,data/raw/1/capture_1_sw-min_sw-min-1-run01-20260809T063534_17.pcap,,2026-08-08T19:56:05.278671+00:00,True,1.124
sw-min-1-run01-20260809T063534,sw-min,1,18,data/raw/1/capture_1_sw-min_sw-min-1-run01-20260809T063534_18.pcap,,2026-08-08T19:56:08.545077+00:00,True,0.903
sw-min-1-run01-20260809T063534,sw-min,1,19,data/raw/1/capture_1_sw-min_sw-min-1-run01-20260809T063534_19.pcap,,2026-08-08T19:56:11.546601+00:00,True,0.907
sw-min-1-run01-20260809T063534,sw-min,1,20,data/raw/1/capture_1_sw-min_sw-min-1-run01-20260809T063534_20.pcap,,2026-08-08T19:56:14.798719+00:00,True,0.979
sw-min-1-run02-20260809T063534,sw-min,1,1,data/raw/1/capture_1_sw-min_sw-min-1-run02-20260809T063534_1.pcap,,2026-08-08T19:56:17.786911+00:00,True,0.946
sw-min-1-run02-20260809T063534,sw-min,1,2,data/raw/1/capture_1_sw-min_sw-min-1-run02-20260809T063534_2.pcap,,2026-08-08T19:56:20.990853+00:00,True,0.613
sw-min-1-run02-20260809T063534,sw-min,1,3,data/raw/1/capture_1_sw-min_sw-min-1-run02-20260809T063534_3.pcap,,2026-08-08T19:56:24.249079+00:00,True,0.928
sw-min-1-run02-20260809T063534,sw-min,1,4,data/raw/1/capture_1_sw-min_sw-min-1-run02-20260809T063534_4.pcap,,2026-08-08T19:56:27.510050+00:00,True,0.912
sw-min-1-run02-20260809T063534,sw-min,1,5,data/raw/1/capture_1_sw-min_sw-min-1-run02-20260809T063534_5.pcap,,2026-08-08T19:56:30.687756+00:00,True,0.935
sw-min-1-run02-20260809T063534,sw-min,1,6,data/raw/1/capture_1_sw-min_sw-min-1-run02-20260809T063534_6.pcap,,2026-08-08T19:56:33.648165+00:00,True,0.615
sw-min-1-run02-20260809T063534,sw-min,1,7,data/raw/1/capture_1_sw-min_sw-min-1-run02-20260809T063534_7.pcap,,2026-08-08T19:56:36.657404+00:00,True,1.072
sw-min-1-run02-20260809T063534,sw-min,1,8,data/raw/1/capture_1_sw-min_sw-min-1-run02-20260809T063534_8.pcap,,2026-08-08T19:56:39.922705+00:00,True,0.883
sw-min-1-run02-20260809T063534,sw-min,1,9,data/raw/1/capture_1_sw-min_sw-min-1-run02-20260809T063534_9.pcap,,2026-08-08T19:56:43.130556+00:00,True,0.590
sw-min-1-run02-20260809T063534,sw-min,1,10,data/raw/1/capture_1_sw-min_sw-min-1-run02-20260809T063534_10.pcap,,2026-08-08T19:56:46.387385+00:00,True,0.983
sw-min-1-run02-20260809T063534,sw-min,1,11,data/raw/1/capture_1_sw-min_sw-min-1-run02-20260809T063534_11.pcap,,2026-08-08T19:56:49.658719+00:00,True,0.947
sw-min-1-run02-20260809T063534,sw-min,1,12,data/raw/1/capture_1_sw-min_sw-min-1-run02-20260809T063534_12.pcap,,2026-08-08T19:56:52.917499+00:00,True,0.909
sw-min-1-run02-20260809T063534,sw-min,1,13,data/raw/1/capture_1_sw-min_sw-min-1-run02-20260809T063534_13.pcap,,2026-08-08T19:56:56.199009+00:00,True,0.679
sw-min-1-run02-20260809T063534,sw-min,1,14,data/raw/1/capture_1_sw-min_sw-min-1-run02-20260809T063534_14.pcap,,2026-08-08T19:56:59.198040+00:00,True,0.563
sw-min-1-run02-20260809T063534,sw-min,1,15,data/raw/1/capture_1_sw-min_sw-min-1-run02-20260809T063534_15.pcap,,2026-08-08T19:57:02.448096+00:00,True,0.974
sw-min-1-run02-20260809T063534,sw-min,1,16,data/raw/1/capture_1_sw-min_sw-min-1-run02-20260809T063534_16.pcap,,2026-08-08T19:57:05.686618+00:00,True,0.922
sw-min-1-run02-20260809T063534,sw-min,1,17,data/raw/1/capture_1_sw-min_sw-min-1-run02-20260809T063534_17.pcap,,2026-08-08T19:57:08.891164+00:00,True,0.731
sw-min-1-run02-20260809T063534,sw-min,1,18,data/raw/1/capture_1_sw-min_sw-min-1-run02-20260809T063534_18.pcap,,2026-08-08T19:57:12.153443+00:00,True,0.652
sw-min-1-run02-20260809T063534,sw-min,1,19,data/raw/1/capture_1_sw-min_sw-min-1-run02-20260809T063534_19.pcap,,2026-08-08T19:57:15.331178+00:00,True,0.621
sw-min-1-run02-20260809T063534,sw-min,1,20,data/raw/1/capture_1_sw-min_sw-min-1-run02-20260809T063534_20.pcap,,2026-08-08T19:57:18.334846+00:00,True,0.625
sw-min-1-run03-20260809T063534,sw-min,1,1,data/raw/1/capture_1_sw-min_sw-min-1-run03-20260809T063534_1.pcap,,2026-08-08T19:57:21.536475+00:00,True,0.919
sw-min-1-run03-20260809T063534,sw-min,1,2,data/raw/1/capture_1_sw-min_sw-min-1-run03-20260809T063534_2.pcap,,2026-08-08T19:57:24.572875+00:00,True,0.937
sw-min-1-run03-20260809T063534,sw-min,1,3,data/raw/1/capture_1_sw-min_sw-min-1-run03-20260809T063534_3.pcap,,2026-08-08T19:57:27.853161+00:00,True,1.254
sw-min-1-run03-20260809T063534,sw-min,1,4,data/raw/1/capture_1_sw-min_sw-min-1-run03-20260809T063534_4.pcap,,2026-08-08T19:57:31.118235+00:00,True,0.935
sw-min-1-run03-20260809T063534,sw-min,1,5,data/raw/1/capture_1_sw-min_sw-min-1-run03-20260809T063534_5.pcap,,2026-08-08T19:57:34.325813+00:00,True,1.003
sw-min-1-run03-20260809T063534,sw-min,1,6,data/raw/1/capture_1_sw-min_sw-min-1-run03-20260809T063534_6.pcap,,2026-08-08T19:57:37.378056+00:00,True,0.851
sw-min-1-run03-20260809T063534,sw-min,1,7,data/raw/1/capture_1_sw-min_sw-min-1-run03-20260809T063534_7.pcap,,2026-08-08T19:57:40.637961+00:00,True,0.944
sw-min-1-run03-20260809T063534,sw-min,1,8,data/raw/1/capture_1_sw-min_sw-min-1-run03-20260809T063534_8.pcap,,2026-08-08T19:57:43.841979+00:00,True,0.637
sw-min-1-run03-20260809T063534,sw-min,1,9,data/raw/1/capture_1_sw-min_sw-min-1-run03-20260809T063534_9.pcap,,2026-08-08T19:57:46.874113+00:00,True,0.941
sw-min-1-run03-20260809T063534,sw-min,1,10,data/raw/1/capture_1_sw-min_sw-min-1-run03-20260809T063534_10.pcap,,2026-08-08T19:57:49.895093+00:00,True,0.557
sw-min-1-run03-20260809T063534,sw-min,1,11,data/raw/1/capture_1_sw-min_sw-min-1-run03-20260809T063534_11.pcap,,2026-08-08T19:57:53.098834+00:00,True,0.970
sw-min-1-run03-20260809T063534,sw-min,1,12,data/raw/1/capture_1_sw-min_sw-min-1-run03-20260809T063534_12.pcap,,2026-08-08T19:57:56.088065+00:00,True,0.980
sw-min-1-run03-20260809T063534,sw-min,1,13,data/raw/1/capture_1_sw-min_sw-min-1-run03-20260809T063534_13.pcap,,2026-08-08T19:57:59.231813+00:00,True,0.964
sw-min-1-run03-20260809T063534,sw-min,1,14,data/raw/1/capture_1_sw-min_sw-min-1-run03-20260809T063534_14.pcap,,2026-08-08T19:58:02.504344+00:00,True,0.929
sw-min-1-run03-20260809T063534,sw-min,1,15,data/raw/1/capture_1_sw-min_sw-min-1-run03-20260809T063534_15.pcap,,2026-08-08T19:58:05.767401+00:00,True,0.895
sw-min-1-run03-20260809T063534,sw-min,1,16,data/raw/1/capture_1_sw-min_sw-min-1-run03-20260809T063534_16.pcap,,2026-08-08T19:58:08.983303+00:00,True,0.869
sw-min-1-run03-20260809T063534,sw-min,1,17,data/raw/1/capture_1_sw-min_sw-min-1-run03-20260809T063534_17.pcap,,2026-08-08T19:58:11.975252+00:00,True,0.923
sw-min-1-run03-20260809T063534,sw-min,1,18,data/raw/1/capture_1_sw-min_sw-min-1-run03-20260809T063534_18.pcap,,2026-08-08T19:58:15.015215+00:00,True,0.950
sw-min-1-run03-20260809T063534,sw-min,1,19,data/raw/1/capture_1_sw-min_sw-min-1-run03-20260809T063534_19.pcap,,2026-08-08T19:58:18.158973+00:00,True,0.897
sw-min-1-run03-20260809T063534,sw-min,1,20,data/raw/1/capture_1_sw-min_sw-min-1-run03-20260809T063534_20.pcap,,2026-08-08T19:58:21.154099+00:00,True,0.969
sw-min-1-run04-20260809T063534,sw-min,1,1,data/raw/1/capture_1_sw-min_sw-min-1-run04-20260809T063534_1.pcap,,2026-08-08T19:58:24.358895+00:00,True,0.975
sw-min-1-run04-20260809T063534,sw-min,1,2,data/raw/1/capture_1_sw-min_sw-min-1-run04-20260809T063534_2.pcap,,2026-08-08T19:58:27.534631+00:00,True,0.921
sw-min-1-run04-20260809T063534,sw-min,1,3,data/raw/1/capture_1_sw-min_sw-min-1-run04-20260809T063534_3.pcap,,2026-08-08T19:58:30.717372+00:00,True,1.189
sw-min-1-run04-20260809T063534,sw-min,1,4,data/raw/1/capture_1_sw-min_sw-min-1-run04-20260809T063534_4.pcap,,2026-08-08T19:58:33.928721+00:00,True,0.956
sw-min-1-run04-20260809T063534,sw-min,1,5,data/raw/1/capture_1_sw-min_sw-min-1-run04-20260809T063534_5.pcap,,2026-08-08T19:58:37.182613+00:00,True,0.872
sw-min-1-run04-20260809T063534,sw-min,1,6,data/raw/1/capture_1_sw-min_sw-min-1-run04-20260809T063534_6.pcap,,2026-08-08T19:58:40.437565+00:00,True,0.949
sw-min-1-run04-20260809T063534,sw-min,1,7,data/raw/1/capture_1_sw-min_sw-min-1-run04-20260809T063534_7.pcap,,2026-08-08T19:58:43.651067+00:00,True,0.857
sw-min-1-run04-20260809T063534,sw-min,1,8,data/raw/1/capture_1_sw-min_sw-min-1-run04-20260809T063534_8.pcap,,2026-08-08T19:58:46.822363+00:00,True,0.921
sw-min-1-run04-20260809T063534,sw-min,1,9,data/raw/1/capture_1_sw-min_sw-min-1-run04-20260809T063534_9.pcap,,2026-08-08T19:58:50.075122+00:00,True,0.985
sw-min-1-run04-20260809T063534,sw-min,1,10,data/raw/1/capture_1_sw-min_sw-min-1-run04-20260809T063534_10.pcap,,2026-08-08T19:58:53.277442+00:00,True,0.918
sw-min-1-run04-20260809T063534,sw-min,1,11,data/raw/1/capture_1_sw-min_sw-min-1-run04-20260809T063534_11.pcap,,2026-08-08T19:58:56.548910+00:00,True,0.624
sw-min-1-run04-20260809T063534,sw-min,1,12,data/raw/1/capture_1_sw-min_sw-min-1-run04-20260809T063534_12.pcap,,2026-08-08T19:58:59.479135+00:00,True,0.981
sw-min-1-run04-20260809T063534,sw-min,1,13,data/raw/1/capture_1_sw-min_sw-min-1-run04-20260809T063534_13.pcap,,2026-08-08T19:59:02.518150+00:00,True,0.628
sw-min-1-run04-20260809T063534,sw-min,1,14,data/raw/1/capture_1_sw-min_sw-min-1-run04-20260809T063534_14.pcap,,2026-08-08T19:59:05.766315+00:00,True,0.907
sw-min-1-run04-20260809T063534,sw-min,1,15,data/raw/1/capture_1_sw-min_sw-min-1-run04-20260809T063534_15.pcap,,2026-08-08T19:59:08.986725+00:00,True,1.183
sw-min-1-run04-20260809T063534,sw-min,1,16,data/raw/1/capture_1_sw-min_sw-min-1-run04-20260809T063534_16.pcap,,2026-08-08T19:59:12.198343+00:00,True,0.559
sw-min-1-run04-20260809T063534,sw-min,1,17,data/raw/1/capture_1_sw-min_sw-min-1-run04-20260809T063534_17.pcap,,2026-08-08T19:59:15.382039+00:00,True,0.951
sw-min-1-run04-20260809T063534,sw-min,1,18,data/raw/1/capture_1_sw-min_sw-min-1-run04-20260809T063534_18.pcap,,2026-08-08T19:59:18.401602+00:00,True,0.988
sw-min-1-run04-20260809T063534,sw-min,1,19,data/raw/1/capture_1_sw-min_sw-min-1-run04-20260809T063534_19.pcap,,2026-08-08T19:59:21.679069+00:00,True,0.917
sw-min-1-run04-20260809T063534,sw-min,1,20,data/raw/1/capture_1_sw-min_sw-min-1-run04-20260809T063534_20.pcap,,2026-08-08T19:59:24.747715+00:00,True,0.941
sw-min-1-run05-20260809T063534,sw-min,1,1,data/raw/1/capture_1_sw-min_sw-min-1-run05-20260809T063534_1.pcap,,2026-08-08T19:59:27.753954+00:00,True,0.904
sw-min-1-run05-20260809T063534,sw-min,1,2,data/raw/1/capture_1_sw-min_sw-min-1-run05-20260809T063534_2.pcap,,2026-08-08T19:59:30.969684+00:00,True,0.933
sw-min-1-run05-20260809T063534,sw-min,1,3,data/raw/1/capture_1_sw-min_sw-min-1-run05-20260809T063534_3.pcap,,2026-08-08T19:59:34.186528+00:00,True,0.619
sw-min-1-run05-20260809T063534,sw-min,1,4,data/raw/1/capture_1_sw-min_sw-min-1-run05-20260809T063534_4.pcap,,2026-08-08T19:59:37.420108+00:00,True,0.625
sw-min-1-run05-20260809T063534,sw-min,1,5,data/raw/1/capture_1_sw-min_sw-min-1-run05-20260809T063534_5.pcap,,2026-08-08T19:59:40.622818+00:00,True,0.891
sw-min-1-run05-20260809T063534,sw-min,1,6,data/raw/1/capture_1_sw-min_sw-min-1-run05-20260809T063534_6.pcap,,2026-08-08T19:59:43.846584+00:00,True,0.956
sw-min-1-run05-20260809T063534,sw-min,1,7,data/raw/1/capture_1_sw-min_sw-min-1-run05-20260809T063534_7.pcap,,2026-08-08T19:59:47.062541+00:00,True,0.940
sw-min-1-run05-20260809T063534,sw-min,1,8,data/raw/1/capture_1_sw-min_sw-min-1-run05-20260809T063534_8.pcap,,2026-08-08T19:59:50.330299+00:00,True,0.938
sw-min-1-run05-20260809T063534,sw-min,1,9,data/raw/1/capture_1_sw-min_sw-min-1-run05-20260809T063534_9.pcap,,2026-08-08T19:59:53.540468+00:00,True,0.932
sw-min-1-run05-20260809T063534,sw-min,1,10,data/raw/1/capture_1_sw-min_sw-min-1-run05-20260809T063534_10.pcap,,2026-08-08T19:59:56.801734+00:00,True,0.929
sw-min-1-run05-20260809T063534,sw-min,1,11,data/raw/1/capture_1_sw-min_sw-min-1-run05-20260809T063534_11.pcap,,2026-08-08T19:59:59.948417+00:00,True,0.914
sw-min-1-run05-20260809T063534,sw-min,1,12,data/raw/1/capture_1_sw-min_sw-min-1-run05-20260809T063534_12.pcap,,2026-08-08T20:00:03.135796+00:00,True,0.900
sw-min-1-run05-20260809T063534,sw-min,1,13,data/raw/1/capture_1_sw-min_sw-min-1-run05-20260809T063534_13.pcap,,2026-08-08T20:00:06.388715+00:00,True,0.945
sw-min-1-run05-20260809T063534,sw-min,1,14,data/raw/1/capture_1_sw-min_sw-min-1-run05-20260809T063534_14.pcap,,2026-08-08T20:00:09.391494+00:00,True,0.639
sw-min-1-run05-20260809T063534,sw-min,1,15,data/raw/1/capture_1_sw-min_sw-min-1-run05-20260809T063534_15.pcap,,2026-08-08T20:00:12.600035+00:00,True,1.032
sw-min-1-run05-20260809T063534,sw-min,1,16,data/raw/1/capture_1_sw-min_sw-min-1-run05-20260809T063534_16.pcap,,2026-08-08T20:00:15.609437+00:00,True,0.943
sw-min-1-run05-20260809T063534,sw-min,1,17,data/raw/1/capture_1_sw-min_sw-min-1-run05-20260809T063534_17.pcap,,2026-08-08T20:00:18.875637+00:00,True,0.938
sw-min-1-run05-20260809T063534,sw-min,1,18,data/raw/1/capture_1_sw-min_sw-min-1-run05-20260809T063534_18.pcap,,2026-08-08T20:00:21.887119+00:00,True,0.938
sw-min-1-run05-20260809T063534,sw-min,1,19,data/raw/1/capture_1_sw-min_sw-min-1-run05-20260809T063534_19.pcap,,2026-08-08T20:00:24.940649+00:00,True,0.984
sw-min-1-run05-20260809T063534,sw-min,1,20,data/raw/1/capture_1_sw-min_sw-min-1-run05-20260809T063534_20.pcap,,2026-08-08T20:00:27.925869+00:00,True,0.894
sw-min-2-run01-20260809T063534,sw-min,2,1,data/raw/2/capture_2_sw-min_sw-min-2-run01-20260809T063534_1.pcap,,2026-08-08T20:00:35.069711+00:00,True,0.974
sw-min-2-run01-20260809T063534,sw-min,2,2,data/raw/2/capture_2_sw-min_sw-min-2-run01-20260809T063534_2.pcap,,2026-08-08T20:00:38.250144+00:00,True,0.937
sw-min-2-run01-20260809T063534,sw-min,2,3,data/raw/2/capture_2_sw-min_sw-min-2-run01-20260809T063534_3.pcap,,2026-08-08T20:00:41.251675+00:00,True,0.998
sw-min-2-run01-20260809T063534,sw-min,2,4,data/raw/2/capture_2_sw-min_sw-min-2-run01-20260809T063534_4.pcap,,2026-08-08T20:00:44.520550+00:00,True,0.607
sw-min-2-run01-20260809T063534,sw-min,2,5,data/raw/2/capture_2_sw-min_sw-min-2-run01-20260809T063534_5.pcap,,2026-08-08T20:00:47.528452+00:00,True,0.912
sw-min-2-run01-20260809T063534,sw-min,2,6,data/raw/2/capture_2_sw-min_sw-min-2-run01-20260809T063534_6.pcap,,2026-08-08T20:00:50.522363+00:00,True,0.925
sw-min-2-run01-20260809T063534,sw-min,2,7,data/raw/2/capture_2_sw-min_sw-min-2-run01-20260809T063534_7.pcap,,2026-08-08T20:00:53.707197+00:00,True,0.935
sw-min-2-run01-20260809T063534,sw-min,2,8,data/raw/2/capture_2_sw-min_sw-min-2-run01-20260809T063534_8.pcap,,2026-08-08T20:00:56.924945+00:00,True,0.946
sw-min-2-run01-20260809T063534,sw-min,2,9,data/raw/2/capture_2_sw-min_sw-min-2-run01-20260809T063534_9.pcap,,2026-08-08T20:01:00.126598+00:00,True,0.998
sw-min-2-run01-20260809T063534,sw-min,2,10,data/raw/2/capture_2_sw-min_sw-min-2-run01-20260809T063534_10.pcap,,2026-08-08T20:01:03.382496+00:00,True,0.915
sw-min-2-run01-20260809T063534,sw-min,2,11,data/raw/2/capture_2_sw-min_sw-min-2-run01-20260809T063534_11.pcap,,2026-08-08T20:01:06.555313+00:00,True,0.978
sw-min-2-run01-20260809T063534,sw-min,2,12,data/raw/2/capture_2_sw-min_sw-min-2-run01-20260809T063534_12.pcap,,2026-08-08T20:01:09.605641+00:00,True,0.964
sw-min-2-run01-20260809T063534,sw-min,2,13,data/raw/2/capture_2_sw-min_sw-min-2-run01-20260809T063534_13.pcap,,2026-08-08T20:01:12.654479+00:00,True,0.692
sw-min-2-run01-20260809T063534,sw-min,2,14,data/raw/2/capture_2_sw-min_sw-min-2-run01-20260809T063534_14.pcap,,2026-08-08T20:01:15.862320+00:00,True,0.595
sw-min-2-run01-20260809T063534,sw-min,2,15,data/raw/2/capture_2_sw-min_sw-min-2-run01-20260809T063534_15.pcap,,2026-08-08T20:01:19.066875+00:00,True,0.589
sw-min-2-run01-20260809T063534,sw-min,2,16,data/raw/2/capture_2_sw-min_sw-min-2-run01-20260809T063534_16.pcap,,2026-08-08T20:01:22.329855+00:00,True,0.965
sw-min-2-run01-20260809T063534,sw-min,2,17,data/raw/2/capture_2_sw-min_sw-min-2-run01-20260809T063534_17.pcap,,2026-08-08T20:01:25.321026+00:00,True,0.918
sw-min-2-run01-20260809T063534,sw-min,2,18,data/raw/2/capture_2_sw-min_sw-min-2-run01-20260809T063534_18.pcap,,2026-08-08T20:01:28.367094+00:00,True,0.934
sw-min-2-run01-20260809T063534,sw-min,2,19,data/raw/2/capture_2_sw-min_sw-min-2-run01-20260809T063534_19.pcap,,2026-08-08T20:01:31.393527+00:00,True,0.626
sw-min-2-run01-20260809T063534,sw-min,2,20,data/raw/2/capture_2_sw-min_sw-min-2-run01-20260809T063534_20.pcap,,2026-08-08T20:01:34.653551+00:00,True,0.553
sw-min-2-run02-20260809T063534,sw-min,2,1,data/raw/2/capture_2_sw-min_sw-min-2-run02-20260809T063534_1.pcap,,2026-08-08T20:01:37.835550+00:00,True,0.616
sw-min-2-run02-20260809T063534,sw-min,2,2,data/raw/2/capture_2_sw-min_sw-min-2-run02-20260809T063534_2.pcap,,2026-08-08T20:01:40.879508+00:00,True,0.917
sw-min-2-run02-20260809T063534,sw-min,2,3,data/raw/2/capture_2_sw-min_sw-min-2-run02-20260809T063534_3.pcap,,2026-08-08T20:01:43.929863+00:00,True,0.981
sw-min-2-run02-20260809T063534,sw-min,2,4,data/raw/2/capture_2_sw-min_sw-min-2-run02-20260809T063534_4.pcap,,2026-08-08T20:01:47.178198+00:00,True,0.940
sw-min-2-run02-20260809T063534,sw-min,2,5,data/raw/2/capture_2_sw-min_sw-min-2-run02-20260809T063534_5.pcap,,2026-08-08T20:01:50.442276+00:00,True,0.966
sw-min-2-run02-20260809T063534,sw-min,2,6,data/raw/2/capture_2_sw-min_sw-min-2-run02-20260809T063534_6.pcap,,2026-08-08T20:01:53.702468+00:00,True,0.927
sw-min-2-run02-20260809T063534,sw-min,2,7,data/raw/2/capture_2_sw-min_sw-min-2-run02-20260809T063534_7.pcap,,2026-08-08T20:01:56.908421+00:00,True,0.932
sw-min-2-run02-20260809T063534,sw-min,2,8,data/raw/2/capture_2_sw-min_sw-min-2-run02-20260809T063534_8.pcap,,2026-08-08T20:02:00.166165+00:00,True,0.996
sw-min-2-run02-20260809T063534,sw-min,2,9,data/raw/2/capture_2_sw-min_sw-min-2-run02-20260809T063534_9.pcap,,2026-08-08T20:02:03.339939+00:00,True,0.937
sw-min-2-run02-20260809T063534,sw-min,2,10,data/raw/2/capture_2_sw-min_sw-min-2-run02-20260809T063534_10.pcap,,2026-08-08T20:02:06.551337+00:00,True,0.946
sw-min-2-run02-20260809T063534,sw-min,2,11,data/raw/2/capture_2_sw-min_sw-min-2-run02-20260809T063534_11.pcap,,2026-08-08T20:02:09.534435+00:00,True,0.929
sw-min-2-run02-20260809T063534,sw-min,2,12,data/raw/2/capture_2_sw-min_sw-min-2-run02-20260809T063534_12.pcap,,2026-08-08T20:02:12.708029+00:00,True,0.930
sw-min-2-run02-20260809T063534,sw-min,2,13,data/raw/2/capture_2_sw-min_sw-min-2-run02-20260809T063534_13.pcap,,2026-08-08T20:02:15.747261+00:00,True,0.892
sw-min-2-run02-20260809T063534,sw-min,2,14,data/raw/2/capture_2_sw-min_sw-min-2-run02-20260809T063534_14.pcap,,2026-08-08T20:02:18.998437+00:00,True,0.913
sw-min-2-run02-20260809T063534,sw-min,2,15,data/raw/2/capture_2_sw-min_sw-min-2-run02-20260809T063534_15.pcap,,2026-08-08T20:02:22.042703+00:00,True,0.958
sw-min-2-run02-20260809T063534,sw-min,2,16,data/raw/2/capture_2_sw-min_sw-min-2-run02-20260809T063534_16.pcap,,2026-08-08T20:02:25.214684+00:00,True,0.844
sw-min-2-run02-20260809T063534,sw-min,2,17,data/raw/2/capture_2_sw-min_sw-min-2-run02-20260809T063534_17.pcap,,2026-08-08T20:02:28.203405+00:00,True,0.562
sw-min-2-run02-20260809T063534,sw-min,2,18,data/raw/2/capture_2_sw-min_sw-min-2-run02-20260809T063534_18.pcap,,2026-08-08T20:02:31.463207+00:00,True,0.910
sw-min-2-run02-20260809T063534,sw-min,2,19,data/raw/2/capture_2_sw-min_sw-min-2-run02-20260809T063534_19.pcap,,2026-08-08T20:02:34.678951+00:00,True,0.941
sw-min-2-run02-20260809T063534,sw-min,2,20,data/raw/2/capture_2_sw-min_sw-min-2-run02-20260809T063534_20.pcap,,2026-08-08T20:02:37.719423+00:00,True,0.995
sw-min-2-run03-20260809T063534,sw-min,2,1,data/raw/2/capture_2_sw-min_sw-min-2-run03-20260809T063534_1.pcap,,2026-08-08T20:02:40.897787+00:00,True,0.904
sw-min-2-run03-20260809T063534,sw-min,2,2,data/raw/2/capture_2_sw-min_sw-min-2-run03-20260809T063534_2.pcap,,2026-08-08T20:02:44.107170+00:00,True,0.923
sw-min-2-run03-20260809T063534,sw-min,2,3,data/raw/2/capture_2_sw-min_sw-min-2-run03-20260809T063534_3.pcap,,2026-08-08T20:02:47.302769+00:00,True,0.907
sw-min-2-run03-20260809T063534,sw-min,2,4,data/raw/2/capture_2_sw-min_sw-min-2-run03-20260809T063534_4.pcap,,2026-08-08T20:02:50.559012+00:00,True,0.935
sw-min-2-run03-20260809T063534,sw-min,2,5,data/raw/2/capture_2_sw-min_sw-min-2-run03-20260809T063534_5.pcap,,2026-08-08T20:02:53.764609+00:00,True,0.962
sw-min-2-run03-20260809T063534,sw-min,2,6,data/raw/2/capture_2_sw-min_sw-min-2-run03-20260809T063534_6.pcap,,2026-08-08T20:02:56.986070+00:00,True,1.133
sw-min-2-run03-20260809T063534,sw-min,2,7,data/raw/2/capture_2_sw-min_sw-min-2-run03-20260809T063534_7.pcap,,2026-08-08T20:03:00.206685+00:00,True,0.930
sw-min-2-run03-20260809T063534,sw-min,2,8,data/raw/2/capture_2_sw-min_sw-min-2-run03-20260809T063534_8.pcap,,2026-08-08T20:03:03.411154+00:00,True,1.218
sw-min-2-run03-20260809T063534,sw-min,2,9,data/raw/2/capture_2_sw-min_sw-min-2-run03-20260809T063534_9.pcap,,2026-08-08T20:03:06.680975+00:00,True,0.897
sw-min-2-run03-20260809T063534,sw-min,2,10,data/raw/2/capture_2_sw-min_sw-min-2-run03-20260809T063534_10.pcap,,2026-08-08T20:03:09.910625+00:00,True,0.638
sw-min-2-run03-20260809T063534,sw-min,2,11,data/raw/2/capture_2_sw-min_sw-min-2-run03-20260809T063534_11.pcap,,2026-08-08T20:03:13.122693+00:00,True,0.965
sw-min-2-run03-20260809T063534,sw-min,2,12,data/raw/2/capture_2_sw-min_sw-min-2-run03-20260809T063534_12.pcap,,2026-08-08T20:03:16.354121+00:00,True,1.033
sw-min-2-run03-20260809T063534,sw-min,2,13,data/raw/2/capture_2_sw-min_sw-min-2-run03-20260809T063534_13.pcap,,2026-08-08T20:03:19.572388+00:00,True,0.933
sw-min-2-run03-20260809T063534,sw-min,2,14,data/raw/2/capture_2_sw-min_sw-min-2-run03-20260809T063534_14.pcap,,2026-08-08T20:03:22.797524+00:00,True,0.909
sw-min-2-run03-20260809T063534,sw-min,2,15,data/raw/2/capture_2_sw-min_sw-min-2-run03-20260809T063534_15.pcap,,2026-08-08T20:03:25.851205+00:00,True,0.637
sw-min-2-run03-20260809T063534,sw-min,2,16,data/raw/2/capture_2_sw-min_sw-min-2-run03-20260809T063534_16.pcap,,2026-08-08T20:03:29.069333+00:00,True,0.882
sw-min-2-run03-20260809T063534,sw-min,2,17,data/raw/2/capture_2_sw-min_sw-min-2-run03-20260809T063534_17.pcap,,2026-08-08T20:03:32.330550+00:00,True,0.873
sw-min-2-run03-20260809T063534,sw-min,2,18,data/raw/2/capture_2_sw-min_sw-min-2-run03-20260809T063534_18.pcap,,2026-08-08T20:03:35.555022+00:00,True,0.646
sw-min-2-run03-20260809T063534,sw-min,2,19,data/raw/2/capture_2_sw-min_sw-min-2-run03-20260809T063534_19.pcap,,2026-08-08T20:03:38.534731+00:00,True,0.623
sw-min-2-run03-20260809T063534,sw-min,2,20,data/raw/2/capture_2_sw-min_sw-min-2-run03-20260809T063534_20.pcap,,2026-08-08T20:03:41.778149+00:00,True,0.950
sw-min-2-run04-20260809T063534,sw-min,2,1,data/raw/2/capture_2_sw-min_sw-min-2-run04-20260809T063534_1.pcap,,2026-08-08T20:03:45.043061+00:00,True,0.946
sw-min-2-run04-20260809T063534,sw-min,2,2,data/raw/2/capture_2_sw-min_sw-min-2-run04-20260809T063534_2.pcap,,2026-08-08T20:03:48.280315+00:00,True,0.658
sw-min-2-run04-20260809T063534,sw-min,2,3,data/raw/2/capture_2_sw-min_sw-min-2-run04-20260809T063534_3.pcap,,2026-08-08T20:03:51.521628+00:00,True,0.552
sw-min-2-run04-20260809T063534,sw-min,2,4,data/raw/2/capture_2_sw-min_sw-min-2-run04-20260809T063534_4.pcap,,2026-08-08T20:03:54.739164+00:00,True,0.904
sw-min-2-run04-20260809T063534,sw-min,2,5,data/raw/2/capture_2_sw-min_sw-min-2-run04-20260809T063534_5.pcap,,2026-08-08T20:03:57.786617+00:00,True,0.932
sw-min-2-run04-20260809T063534,sw-min,2,6,data/raw/2/capture_2_sw-min_sw-min-2-run04-20260809T063534_6.pcap,,2026-08-08T20:04:00.781538+00:00,True,0.941
sw-min-2-run04-20260809T063534,sw-min,2,7,data/raw/2/capture_2_sw-min_sw-min-2-run04-20260809T063534_7.pcap,,2026-08-08T20:04:03.836920+00:00,True,0.760
sw-min-2-run04-20260809T063534,sw-min,2,8,data/raw/2/capture_2_sw-min_sw-min-2-run04-20260809T063534_8.pcap,,2026-08-08T20:04:07.089458+00:00,True,0.943
sw-min-2-run04-20260809T063534,sw-min,2,9,data/raw/2/capture_2_sw-min_sw-min-2-run04-20260809T063534_9.pcap,,2026-08-08T20:04:10.346214+00:00,True,0.613
sw-min-2-run04-20260809T063534,sw-min,2,10,data/raw/2/capture_2_sw-min_sw-min-2-run04-20260809T063534_10.pcap,,2026-08-08T20:04:13.570706+00:00,True,0.934
sw-min-2-run04-20260809T063534,sw-min,2,11,data/raw/2/capture_2_sw-min_sw-min-2-run04-20260809T063534_11.pcap,,2026-08-08T20:04:16.620218+00:00,True,0.942
sw-min-2-run04-20260809T063534,sw-min,2,12,data/raw/2/capture_2_sw-min_sw-min-2-run04-20260809T063534_12.pcap,,2026-08-08T20:04:19.666798+00:00,True,0.905
sw-min-2-run04-20260809T063534,sw-min,2,13,data/raw/2/capture_2_sw-min_sw-min-2-run04-20260809T063534_13.pcap,,2026-08-08T20:04:22.628743+00:00,True,0.894
sw-min-2-run04-20260809T063534,sw-min,2,14,data/raw/2/capture_2_sw-min_sw-min-2-run04-20260809T063534_14.pcap,,2026-08-08T20:04:25.612874+00:00,True,0.937
sw-min-2-run04-20260809T063534,sw-min,2,15,data/raw/2/capture_2_sw-min_sw-min-2-run04-20260809T063534_15.pcap,,2026-08-08T20:04:28.879271+00:00,True,0.614
sw-min-2-run04-20260809T063534,sw-min,2,16,data/raw/2/capture_2_sw-min_sw-min-2-run04-20260809T063534_16.pcap,,2026-08-08T20:04:32.142026+00:00,True,0.944
sw-min-2-run04-20260809T063534,sw-min,2,17,data/raw/2/capture_2_sw-min_sw-min-2-run04-20260809T063534_17.pcap,,2026-08-08T20:04:35.138863+00:00,True,0.682
sw-min-2-run04-20260809T063534,sw-min,2,18,data/raw/2/capture_2_sw-min_sw-min-2-run04-20260809T063534_18.pcap,,2026-08-08T20:04:38.403381+00:00,True,0.965
sw-min-2-run04-20260809T063534,sw-min,2,19,data/raw/2/capture_2_sw-min_sw-min-2-run04-20260809T063534_19.pcap,,2026-08-08T20:04:41.640838+00:00,True,0.602
sw-min-2-run04-20260809T063534,sw-min,2,20,data/raw/2/capture_2_sw-min_sw-min-2-run04-20260809T063534_20.pcap,,2026-08-08T20:04:44.697731+00:00,True,1.010
sw-min-2-run05-20260809T063534,sw-min,2,1,data/raw/2/capture_2_sw-min_sw-min-2-run05-20260809T063534_1.pcap,,2026-08-08T20:04:47.764649+00:00,True,0.581
sw-min-2-run05-20260809T063534,sw-min,2,2,data/raw/2/capture_2_sw-min_sw-min-2-run05-20260809T063534_2.pcap,,2026-08-08T20:04:50.986098+00:00,True,0.900
sw-min-2-run05-20260809T063534,sw-min,2,3,data/raw/2/capture_2_sw-min_sw-min-2-run05-20260809T063534_3.pcap,,2026-08-08T20:04:53.955068+00:00,True,1.001
sw-min-2-run05-20260809T063534,sw-min,2,4,data/raw/2/capture_2_sw-min_sw-min-2-run05-20260809T063534_4.pcap,,2026-08-08T20:04:57.161910+00:00,True,0.924
sw-min-2-run05-20260809T063534,sw-min,2,5,data/raw/2/capture_2_sw-min_sw-min-2-run05-20260809T063534_5.pcap,,2026-08-08T20:05:00.431139+00:00,True,0.563
sw-min-2-run05-20260809T063534,sw-min,2,6,data/raw/2/capture_2_sw-min_sw-min-2-run05-20260809T063534_6.pcap,,2026-08-08T20:05:03.471177+00:00,True,0.950
sw-min-2-run05-20260809T063534,sw-min,2,7,data/raw/2/capture_2_sw-min_sw-min-2-run05-20260809T063534_7.pcap,,2026-08-08T20:05:06.473923+00:00,True,0.621
sw-min-2-run05-20260809T063534,sw-min,2,8,data/raw/2/capture_2_sw-min_sw-min-2-run05-20260809T063534_8.pcap,,2026-08-08T20:05:09.727252+00:00,True,1.348
sw-min-2-run05-20260809T063534,sw-min,2,9,data/raw/2/capture_2_sw-min_sw-min-2-run05-20260809T063534_9.pcap,,2026-08-08T20:05:12.712756+00:00,True,0.978
sw-min-2-run05-20260809T063534,sw-min,2,10,data/raw/2/capture_2_sw-min_sw-min-2-run05-20260809T063534_10.pcap,,2026-08-08T20:05:15.774527+00:00,True,0.955
sw-min-2-run05-20260809T063534,sw-min,2,11,data/raw/2/capture_2_sw-min_sw-min-2-run05-20260809T063534_11.pcap,,2026-08-08T20:05:18.764191+00:00,True,0.954
sw-min-2-run05-20260809T063534,sw-min,2,12,data/raw/2/capture_2_sw-min_sw-min-2-run05-20260809T063534_12.pcap,,2026-08-08T20:05:21.740451+00:00,True,0.607
sw-min-2-run05-20260809T063534,sw-min,2,13,data/raw/2/capture_2_sw-min_sw-min-2-run05-20260809T063534_13.pcap,,2026-08-08T20:05:25.015589+00:00,True,0.775
sw-min-2-run05-20260809T063534,sw-min,2,14,data/raw/2/capture_2_sw-min_sw-min-2-run05-20260809T063534_14.pcap,,2026-08-08T20:05:28.277930+00:00,True,0.936
sw-min-2-run05-20260809T063534,sw-min,2,15,data/raw/2/capture_2_sw-min_sw-min-2-run05-20260809T063534_15.pcap,,2026-08-08T20:05:31.329819+00:00,True,0.919
sw-min-2-run05-20260809T063534,sw-min,2,16,data/raw/2/capture_2_sw-min_sw-min-2-run05-20260809T063534_16.pcap,,2026-08-08T20:05:34.559191+00:00,True,0.932
sw-min-2-run05-20260809T063534,sw-min,2,17,data/raw/2/capture_2_sw-min_sw-min-2-run05-20260809T063534_17.pcap,,2026-08-08T20:05:37.764996+00:00,True,0.937
sw-min-2-run05-20260809T063534,sw-min,2,18,data/raw/2/capture_2_sw-min_sw-min-2-run05-20260809T063534_18.pcap,,2026-08-08T20:05:40.982426+00:00,True,0.937
sw-min-2-run05-20260809T063534,sw-min,2,19,data/raw/2/capture_2_sw-min_sw-min-2-run05-20260809T063534_19.pcap,,2026-08-08T20:05:44.190954+00:00,True,0.950
sw-min-2-run05-20260809T063534,sw-min,2,20,data/raw/2/capture_2_sw-min_sw-min-2-run05-20260809T063534_20.pcap,,2026-08-08T20:05:47.254230+00:00,True,0.856
sw-min-3-run01-20260809T063534,sw-min,3,1,data/raw/3/capture_3_sw-min_sw-min-3-run01-20260809T063534_1.pcap,,2026-08-08T20:05:54.466449+00:00,True,0.918
sw-min-3-run01-20260809T063534,sw-min,3,2,data/raw/3/capture_3_sw-min_sw-min-3-run01-20260809T063534_2.pcap,,2026-08-08T20:05:57.727035+00:00,True,0.964
sw-min-3-run01-20260809T063534,sw-min,3,3,data/raw/3/capture_3_sw-min_sw-min-3-run01-20260809T063534_3.pcap,,2026-08-08T20:06:01.033548+00:00,True,0.569
sw-min-3-run01-20260809T063534,sw-min,3,4,data/raw/3/capture_3_sw-min_sw-min-3-run01-20260809T063534_4.pcap,,2026-08-08T20:06:04.075096+00:00,True,1.180
sw-min-3-run01-20260809T063534,sw-min,3,5,data/raw/3/capture_3_sw-min_sw-min-3-run01-20260809T063534_5.pcap,,2026-08-08T20:06:07.146560+00:00,True,0.888
sw-min-3-run01-20260809T063534,sw-min,3,6,data/raw/3/capture_3_sw-min_sw-min-3-run01-20260809T063534_6.pcap,,2026-08-08T20:06:10.196117+00:00,True,0.643
sw-min-3-run01-20260809T063534,sw-min,3,7,data/raw/3/capture_3_sw-min_sw-min-3-run01-20260809T063534_7.pcap,,2026-08-08T20:06:13.195607+00:00,True,0.581
sw-min-3-run01-20260809T063534,sw-min,3,8,data/raw/3/capture_3_sw-min_sw-min-3-run01-20260809T063534_8.pcap,,2026-08-08T20:06:16.259100+00:00,True,0.600
sw-min-3-run01-20260809T063534,sw-min,3,9,data/raw/3/capture_3_sw-min_sw-min-3-run01-20260809T063534_9.pcap,,2026-08-08T20:06:19.296132+00:00,True,0.899
sw-min-3-run01-20260809T063534,sw-min,3,10,data/raw/3/capture_3_sw-min_sw-min-3-run01-20260809T063534_10.pcap,,2026-08-08T20:06:22.541724+00:00,True,0.929
sw-min-3-run01-20260809T063534,sw-min,3,11,data/raw/3/capture_3_sw-min_sw-min-3-run01-20260809T063534_11.pcap,,2026-08-08T20:06:25.818880+00:00,True,0.947
sw-min-3-run01-20260809T063534,sw-min,3,12,data/raw/3/capture_3_sw-min_sw-min-3-run01-20260809T063534_12.pcap,,2026-08-08T20:06:28.810762+00:00,True,0.907
sw-min-3-run01-20260809T063534,sw-min,3,13,data/raw/3/capture_3_sw-min_sw-min-3-run01-20260809T063534_13.pcap,,2026-08-08T20:06:32.078438+00:00,True,0.944
sw-min-3-run01-20260809T063534,sw-min,3,14,data/raw/3/capture_3_sw-min_sw-min-3-run01-20260809T063534_14.pcap,,2026-08-08T20:06:35.120631+00:00,True,0.966
sw-min-3-run01-20260809T063534,sw-min,3,15,data/raw/3/capture_3_sw-min_sw-min-3-run01-20260809T063534_15.pcap,,2026-08-08T20:06:38.165912+00:00,True,0.998
sw-min-3-run01-20260809T063534,sw-min,3,16,data/raw/3/capture_3_sw-min_sw-min-3-run01-20260809T063534_16.pcap,,2026-08-08T20:06:41.191692+00:00,True,0.947
sw-min-3-run01-20260809T063534,sw-min,3,17,data/raw/3/capture_3_sw-min_sw-min-3-run01-20260809T063534_17.pcap,,2026-08-08T20:06:44.464766+00:00,True,1.096
sw-min-3-run01-20260809T063534,sw-min,3,18,data/raw/3/capture_3_sw-min_sw-min-3-run01-20260809T063534_18.pcap,,2026-08-08T20:06:47.450196+00:00,True,0.757
sw-min-3-run01-20260809T063534,sw-min,3,19,data/raw/3/capture_3_sw-min_sw-min-3-run01-20260809T063534_19.pcap,,2026-08-08T20:06:50.637499+00:00,True,0.934
sw-min-3-run01-20260809T063534,sw-min,3,20,data/raw/3/capture_3_sw-min_sw-min-3-run01-20260809T063534_20.pcap,,2026-08-08T20:06:53.903481+00:00,True,0.623
sw-min-3-run02-20260809T063534,sw-min,3,1,data/raw/3/capture_3_sw-min_sw-min-3-run02-20260809T063534_1.pcap,,2026-08-08T20:06:56.949167+00:00,True,0.936
sw-min-3-run02-20260809T063534,sw-min,3,2,data/raw/3/capture_3_sw-min_sw-min-3-run02-20260809T063534_2.pcap,,2026-08-08T20:06:59.915168+00:00,True,0.932
sw-min-3-run02-20260809T063534,sw-min,3,3,data/raw/3/capture_3_sw-min_sw-min-3-run02-20260809T063534_3.pcap,,2026-08-08T20:07:03.155467+00:00,True,0.966
sw-min-3-run02-20260809T063534,sw-min,3,4,data/raw/3/capture_3_sw-min_sw-min-3-run02-20260809T063534_4.pcap,,2026-08-08T20:07:06.432995+00:00,True,0.917
sw-min-3-run02-20260809T063534,sw-min,3,5,data/raw/3/capture_3_sw-min_sw-min-3-run02-20260809T063534_5.pcap,,2026-08-08T20:07:09.394519+00:00,True,0.939
sw-min-3-run02-20260809T063534,sw-min,3,6,data/raw/3/capture_3_sw-min_sw-min-3-run02-20260809T063534_6.pcap,,2026-08-08T20:07:12.390946+00:00,True,0.906
sw-min-3-run02-20260809T063534,sw-min,3,7,data/raw/3/capture_3_sw-min_sw-min-3-run02-20260809T063534_7.pcap,,2026-08-08T20:07:15.643648+00:00,True,0.963
sw-min-3-run02-20260809T063534,sw-min,3,8,data/raw/3/capture_3_sw-min_sw-min-3-run02-20260809T063534_8.pcap,,2026-08-08T20:07:18.649700+00:00,True,0.970
sw-min-3-run02-20260809T063534,sw-min,3,9,data/raw/3/capture_3_sw-min_sw-min-3-run02-20260809T063534_9.pcap,,2026-08-08T20:07:21.657858+00:00,True,0.946
sw-min-3-run02-20260809T063534,sw-min,3,10,data/raw/3/capture_3_sw-min_sw-min-3-run02-20260809T063534_10.pcap,,2026-08-08T20:07:24.931090+00:00,True,0.582
sw-min-3-run02-20260809T063534,sw-min,3,11,data/raw/3/capture_3_sw-min_sw-min-3-run02-20260809T063534_11.pcap,,2026-08-08T20:07:28.210922+00:00,True,0.900
sw-min-3-run02-20260809T063534,sw-min,3,12,data/raw/3/capture_3_sw-min_sw-min-3-run02-20260809T063534_12.pcap,,2026-08-08T20:07:31.209245+00:00,True,0.559
sw-min-3-run02-20260809T063534,sw-min,3,13,data/raw/3/capture_3_sw-min_sw-min-3-run02-20260809T063534_13.pcap,,2026-08-08T20:07:34.433972+00:00,True,0.936
sw-min-3-run02-20260809T063534,sw-min,3,14,data/raw/3/capture_3_sw-min_sw-min-3-run02-20260809T063534_14.pcap,,2026-08-08T20:07:37.617257+00:00,True,0.934
sw-min-3-run02-20260809T063534,sw-min,3,15,data/raw/3/capture_3_sw-min_sw-min-3-run02-20260809T063534_15.pcap,,2026-08-08T20:07:40.871058+00:00,True,1.162
sw-min-3-run02-20260809T063534,sw-min,3,16,data/raw/3/capture_3_sw-min_sw-min-3-run02-20260809T063534_16.pcap,,2026-08-08T20:07:44.145109+00:00,True,0.911
sw-min-3-run02-20260809T063534,sw-min,3,17,data/raw/3/capture_3_sw-min_sw-min-3-run02-20260809T063534_17.pcap,,2026-08-08T20:07:47.111119+00:00,True,0.954
sw-min-3-run02-20260809T063534,sw-min,3,18,data/raw/3/capture_3_sw-min_sw-min-3-run02-20260809T063534_18.pcap,,2026-08-08T20:07:50.111066+00:00,True,0.973
sw-min-3-run02-20260809T063534,sw-min,3,19,data/raw/3/capture_3_sw-min_sw-min-3-run02-20260809T063534_19.pcap,,2026-08-08T20:07:53.087370+00:00,True,0.984
sw-min-3-run02-20260809T063534,sw-min,3,20,data/raw/3/capture_3_sw-min_sw-min-3-run02-20260809T063534_20.pcap,,2026-08-08T20:07:56.108842+00:00,True,0.974
sw-min-3-run03-20260809T063534,sw-min,3,1,data/raw/3/capture_3_sw-min_sw-min-3-run03-20260809T063534_1.pcap,,2026-08-08T20:07:59.335554+00:00,True,0.891
sw-min-3-run03-20260809T063534,sw-min,3,2,data/raw/3/capture_3_sw-min_sw-min-3-run03-20260809T063534_2.pcap,,2026-08-08T20:08:02.334636+00:00,True,0.984
sw-min-3-run03-20260809T063534,sw-min,3,3,data/raw/3/capture_3_sw-min_sw-min-3-run03-20260809T063534_3.pcap,,2026-08-08T20:08:05.399108+00:00,True,1.092
sw-min-3-run03-20260809T063534,sw-min,3,4,data/raw/3/capture_3_sw-min_sw-min-3-run03-20260809T063534_4.pcap,,2026-08-08T20:08:08.430970+00:00,True,0.650
sw-min-3-run03-20260809T063534,sw-min,3,5,data/raw/3/capture_3_sw-min_sw-min-3-run03-20260809T063534_5.pcap,,2026-08-08T20:08:11.403099+00:00,True,0.962
sw-min-3-run03-20260809T063534,sw-min,3,6,data/raw/3/capture_3_sw-min_sw-min-3-run03-20260809T063534_6.pcap,,2026-08-08T20:08:14.616670+00:00,True,0.913
sw-min-3-run03-20260809T063534,sw-min,3,7,data/raw/3/capture_3_sw-min_sw-min-3-run03-20260809T063534_7.pcap,,2026-08-08T20:08:17.830705+00:00,True,1.021
sw-min-3-run03-20260809T063534,sw-min,3,8,data/raw/3/capture_3_sw-min_sw-min-3-run03-20260809T063534_8.pcap,,2026-08-08T20:08:21.062549+00:00,True,0.888
sw-min-3-run03-20260809T063534,sw-min,3,9,data/raw/3/capture_3_sw-min_sw-min-3-run03-20260809T063534_9.pcap,,2026-08-08T20:08:24.274352+00:00,True,1.199
sw-min-3-run03-20260809T063534,sw-min,3,10,data/raw/3/capture_3_sw-min_sw-min-3-run03-20260809T063534_10.pcap,,2026-08-08T20:08:27.498924+00:00,True,0.618
sw-min-3-run03-20260809T063534,sw-min,3,11,data/raw/3/capture_3_sw-min_sw-min-3-run03-20260809T063534_11.pcap,,2026-08-08T20:08:30.777638+00:00,True,0.573
sw-min-3-run03-20260809T063534,sw-min,3,12,data/raw/3/capture_3_sw-min_sw-min-3-run03-20260809T063534_12.pcap,,2026-08-08T20:08:34.042873+00:00,True,0.916
sw-min-3-run03-20260809T063534,sw-min,3,13,data/raw/3/capture_3_sw-min_sw-min-3-run03-20260809T063534_13.pcap,,2026-08-08T20:08:37.263749+00:00,True,0.980
sw-min-3-run03-20260809T063534,sw-min,3,14,data/raw/3/capture_3_sw-min_sw-min-3-run03-20260809T063534_14.pcap,,2026-08-08T20:08:40.530999+00:00,True,0.961
sw-min-3-run03-20260809T063534,sw-min,3,15,data/raw/3/capture_3_sw-min_sw-min-3-run03-20260809T063534_15.pcap,,2026-08-08T20:08:43.544810+00:00,True,0.601
sw-min-3-run03-20260809T063534,sw-min,3,16,data/raw/3/capture_3_sw-min_sw-min-3-run03-20260809T063534_16.pcap,,2026-08-08T20:08:46.801855+00:00,True,0.906
sw-min-3-run03-20260809T063534,sw-min,3,17,data/raw/3/capture_3_sw-min_sw-min-3-run03-20260809T063534_17.pcap,,2026-08-08T20:08:50.018544+00:00,True,0.955
sw-min-3-run03-20260809T063534,sw-min,3,18,data/raw/3/capture_3_sw-min_sw-min-3-run03-20260809T063534_18.pcap,,2026-08-08T20:08:52.982090+00:00,True,0.931
sw-min-3-run03-20260809T063534,sw-min,3,19,data/raw/3/capture_3_sw-min_sw-min-3-run03-20260809T063534_19.pcap,,2026-08-08T20:08:56.206758+00:00,True,0.999
sw-min-3-run03-20260809T063534,sw-min,3,20,data/raw/3/capture_3_sw-min_sw-min-3-run03-20260809T063534_20.pcap,,2026-08-08T20:08:59.417962+00:00,True,0.909
sw-min-3-run04-20260809T063534,sw-min,3,1,data/raw/3/capture_3_sw-min_sw-min-3-run04-20260809T063534_1.pcap,,2026-08-08T20:09:02.463187+00:00,True,0.945
sw-min-3-run04-20260809T063534,sw-min,3,2,data/raw/3/capture_3_sw-min_sw-min-3-run04-20260809T063534_2.pcap,,2026-08-08T20:09:05.694259+00:00,True,0.933
sw-min-3-run04-20260809T063534,sw-min,3,3,data/raw/3/capture_3_sw-min_sw-min-3-run04-20260809T063534_3.pcap,,2026-08-08T20:09:08.961850+00:00,True,0.920
sw-min-3-run04-20260809T063534,sw-min,3,4,data/raw/3/capture_3_sw-min_sw-min-3-run04-20260809T063534_4.pcap,,2026-08-08T20:09:11.965717+00:00,True,1.336
sw-min-3-run04-20260809T063534,sw-min,3,5,data/raw/3/capture_3_sw-min_sw-min-3-run04-20260809T063534_5.pcap,,2026-08-08T20:09:15.012407+00:00,True,0.973
sw-min-3-run04-20260809T063534,sw-min,3,6,data/raw/3/capture_3_sw-min_sw-min-3-run04-20260809T063534_6.pcap,,2026-08-08T20:09:18.323432+00:00,True,0.968
sw-min-3-run04-20260809T063534,sw-min,3,7,data/raw/3/capture_3_sw-min_sw-min-3-run04-20260809T063534_7.pcap,,2026-08-08T20:09:21.542671+00:00,True,0.980
sw-min-3-run04-20260809T063534,sw-min,3,8,data/raw/3/capture_3_sw-min_sw-min-3-run04-20260809T063534_8.pcap,,2026-08-08T20:09:24.582831+00:00,True,0.984
sw-min-3-run04-20260809T063534,sw-min,3,9,data/raw/3/capture_3_sw-min_sw-min-3-run04-20260809T063534_9.pcap,,2026-08-08T20:09:27.579637+00:00,True,0.890
sw-min-3-run04-20260809T063534,sw-min,3,10,data/raw/3/capture_3_sw-min_sw-min-3-run04-20260809T063534_10.pcap,,2026-08-08T20:09:30.595314+00:00,True,0.562
sw-min-3-run04-20260809T063534,sw-min,3,11,data/raw/3/capture_3_sw-min_sw-min-3-run04-20260809T063534_11.pcap,,2026-08-08T20:09:33.598902+00:00,True,0.935
sw-min-3-run04-20260809T063534,sw-min,3,12,data/raw/3/capture_3_sw-min_sw-min-3-run04-20260809T063534_12.pcap,,2026-08-08T20:09:36.657957+00:00,True,0.585
sw-min-3-run04-20260809T063534,sw-min,3,13,data/raw/3/capture_3_sw-min_sw-min-3-run04-20260809T063534_13.pcap,,2026-08-08T20:09:39.927975+00:00,True,0.958
sw-min-3-run04-20260809T063534,sw-min,3,14,data/raw/3/capture_3_sw-min_sw-min-3-run04-20260809T063534_14.pcap,,2026-08-08T20:09:43.142425+00:00,True,0.883
sw-min-3-run04-20260809T063534,sw-min,3,15,data/raw/3/capture_3_sw-min_sw-min-3-run04-20260809T063534_15.pcap,,2026-08-08T20:09:46.119556+00:00,True,0.607
sw-min-3-run04-20260809T063534,sw-min,3,16,data/raw/3/capture_3_sw-min_sw-min-3-run04-20260809T063534_16.pcap,,2026-08-08T20:09:49.347682+00:00,True,0.909
sw-min-3-run04-20260809T063534,sw-min,3,17,data/raw/3/capture_3_sw-min_sw-min-3-run04-20260809T063534_17.pcap,,2026-08-08T20:09:52.400125+00:00,True,0.933
sw-min-3-run04-20260809T063534,sw-min,3,18,data/raw/3/capture_3_sw-min_sw-min-3-run04-20260809T063534_18.pcap,,2026-08-08T20:09:55.650580+00:00,True,0.953
sw-min-3-run04-20260809T063534,sw-min,3,19,data/raw/3/capture_3_sw-min_sw-min-3-run04-20260809T063534_19.pcap,,2026-08-08T20:09:58.663045+00:00,True,1.435
sw-min-3-run04-20260809T063534,sw-min,3,20,data/raw/3/capture_3_sw-min_sw-min-3-run04-20260809T063534_20.pcap,,2026-08-08T20:10:01.925966+00:00,True,0.947
sw-min-3-run05-20260809T063534,sw-min,3,1,data/raw/3/capture_3_sw-min_sw-min-3-run05-20260809T063534_1.pcap,,2026-08-08T20:10:04.938667+00:00,True,0.563
sw-min-3-run05-20260809T063534,sw-min,3,2,data/raw/3/capture_3_sw-min_sw-min-3-run05-20260809T063534_2.pcap,,2026-08-08T20:10:07.907226+00:00,True,0.914
sw-min-3-run05-20260809T063534,sw-min,3,3,data/raw/3/capture_3_sw-min_sw-min-3-run05-20260809T063534_3.pcap,,2026-08-08T20:10:11.143958+00:00,True,0.920
sw-min-3-run05-20260809T063534,sw-min,3,4,data/raw/3/capture_3_sw-min_sw-min-3-run05-20260809T063534_4.pcap,,2026-08-08T20:10:14.378575+00:00,True,0.609
sw-min-3-run05-20260809T063534,sw-min,3,5,data/raw/3/capture_3_sw-min_sw-min-3-run05-20260809T063534_5.pcap,,2026-08-08T20:10:17.430764+00:00,True,0.580
sw-min-3-run05-20260809T063534,sw-min,3,6,data/raw/3/capture_3_sw-min_sw-min-3-run05-20260809T063534_6.pcap,,2026-08-08T20:10:20.652350+00:00,True,0.908
sw-min-3-run05-20260809T063534,sw-min,3,7,data/raw/3/capture_3_sw-min_sw-min-3-run05-20260809T063534_7.pcap,,2026-08-08T20:10:23.833972+00:00,True,0.933
sw-min-3-run05-20260809T063534,sw-min,3,8,data/raw/3/capture_3_sw-min_sw-min-3-run05-20260809T063534_8.pcap,,2026-08-08T20:10:26.906542+00:00,True,0.988
sw-min-3-run05-20260809T063534,sw-min,3,9,data/raw/3/capture_3_sw-min_sw-min-3-run05-20260809T063534_9.pcap,,2026-08-08T20:10:30.137350+00:00,True,0.959
sw-min-3-run05-20260809T063534,sw-min,3,10,data/raw/3/capture_3_sw-min_sw-min-3-run05-20260809T063534_10.pcap,,2026-08-08T20:10:33.395114+00:00,True,0.946
sw-min-3-run05-20260809T063534,sw-min,3,11,data/raw/3/capture_3_sw-min_sw-min-3-run05-20260809T063534_11.pcap,,2026-08-08T20:10:36.579846+00:00,True,0.948
sw-min-3-run05-20260809T063534,sw-min,3,12,data/raw/3/capture_3_sw-min_sw-min-3-run05-20260809T063534_12.pcap,,2026-08-08T20:10:39.805095+00:00,True,0.946
sw-min-3-run05-20260809T063534,sw-min,3,13,data/raw/3/capture_3_sw-min_sw-min-3-run05-20260809T063534_13.pcap,,2026-08-08T20:10:43.023849+00:00,True,0.979
sw-min-3-run05-20260809T063534,sw-min,3,14,data/raw/3/capture_3_sw-min_sw-min-3-run05-20260809T063534_14.pcap,,2026-08-08T20:10:46.208960+00:00,True,0.942
sw-min-3-run05-20260809T063534,sw-min,3,15,data/raw/3/capture_3_sw-min_sw-min-3-run05-20260809T063534_15.pcap,,2026-08-08T20:10:49.502600+00:00,True,0.937
sw-min-3-run05-20260809T063534,sw-min,3,16,data/raw/3/capture_3_sw-min_sw-min-3-run05-20260809T063534_16.pcap,,2026-08-08T20:10:52.731792+00:00,True,0.914
sw-min-3-run05-20260809T063534,sw-min,3,17,data/raw/3/capture_3_sw-min_sw-min-3-run05-20260809T063534_17.pcap,,2026-08-08T20:10:55.786815+00:00,True,0.914
sw-min-3-run05-20260809T063534,sw-min,3,18,data/raw/3/capture_3_sw-min_sw-min-3-run05-20260809T063534_18.pcap,,2026-08-08T20:10:58.842169+00:00,True,1.002
sw-min-3-run05-20260809T063534,sw-min,3,19,data/raw/3/capture_3_sw-min_sw-min-3-run05-20260809T063534_19.pcap,,2026-08-08T20:11:02.074228+00:00,True,1.115
sw-min-3-run05-20260809T063534,sw-min,3,20,data/raw/3/capture_3_sw-min_sw-min-3-run05-20260809T063534_20.pcap,,2026-08-08T20:11:05.290922+00:00,True,0.948
sw-min-4-run01-20260809T063534,sw-min,4,1,data/raw/4/capture_4_sw-min_sw-min-4-run01-20260809T063534_1.pcap,,2026-08-08T20:11:12.463969+00:00,True,0.917
sw-min-4-run01-20260809T063534,sw-min,4,2,data/raw/4/capture_4_sw-min_sw-min-4-run01-20260809T063534_2.pcap,,2026-08-08T20:11:15.519452+00:00,True,0.924
sw-min-4-run01-20260809T063534,sw-min,4,3,data/raw/4/capture_4_sw-min_sw-min-4-run01-20260809T063534_3.pcap,,2026-08-08T20:11:18.781905+00:00,True,0.537
sw-min-4-run01-20260809T063534,sw-min,4,4,data/raw/4/capture_4_sw-min_sw-min-4-run01-20260809T063534_4.pcap,,2026-08-08T20:11:22.046691+00:00,True,0.886
sw-min-4-run01-20260809T063534,sw-min,4,5,data/raw/4/capture_4_sw-min_sw-min-4-run01-20260809T063534_5.pcap,,2026-08-08T20:11:25.055504+00:00,True,1.457
sw-min-4-run01-20260809T063534,sw-min,4,6,data/raw/4/capture_4_sw-min_sw-min-4-run01-20260809T063534_6.pcap,,2026-08-08T20:11:28.282504+00:00,True,0.951
sw-min-4-run01-20260809T063534,sw-min,4,7,data/raw/4/capture_4_sw-min_sw-min-4-run01-20260809T063534_7.pcap,,2026-08-08T20:11:31.292399+00:00,True,0.944
sw-min-4-run01-20260809T063534,sw-min,4,8,data/raw/4/capture_4_sw-min_sw-min-4-run01-20260809T063534_8.pcap,,2026-08-08T20:11:34.573500+00:00,True,1.003
sw-min-4-run01-20260809T063534,sw-min,4,9,data/raw/4/capture_4_sw-min_sw-min-4-run01-20260809T063534_9.pcap,,2026-08-08T20:11:37.589051+00:00,True,0.872
sw-min-4-run01-20260809T063534,sw-min,4,10,data/raw/4/capture_4_sw-min_sw-min-4-run01-20260809T063534_10.pcap,,2026-08-08T20:11:40.613846+00:00,True,0.929
sw-min-4-run01-20260809T063534,sw-min,4,11,data/raw/4/capture_4_sw-min_sw-min-4-run01-20260809T063534_11.pcap,,2026-08-08T20:11:43.610735+00:00,True,0.969
sw-min-4-run01-20260809T063534,sw-min,4,12,data/raw/4/capture_4_sw-min_sw-min-4-run01-20260809T063534_12.pcap,,2026-08-08T20:11:46.825614+00:00,True,0.567
sw-min-4-run01-20260809T063534,sw-min,4,13,data/raw/4/capture_4_sw-min_sw-min-4-run01-20260809T063534_13.pcap,,2026-08-08T20:11:50.084233+00:00,True,0.875
sw-min-4-run01-20260809T063534,sw-min,4,14,data/raw/4/capture_4_sw-min_sw-min-4-run01-20260809T063534_14.pcap,,2026-08-08T20:11:53.147554+00:00,True,1.689
sw-min-4-run01-20260809T063534,sw-min,4,15,data/raw/4/capture_4_sw-min_sw-min-4-run01-20260809T063534_15.pcap,,2026-08-08T20:11:56.422816+00:00,True,0.929
sw-min-4-run01-20260809T063534,sw-min,4,16,data/raw/4/capture_4_sw-min_sw-min-4-run01-20260809T063534_16.pcap,,2026-08-08T20:11:59.474879+00:00,True,0.960
sw-min-4-run01-20260809T063534,sw-min,4,17,data/raw/4/capture_4_sw-min_sw-min-4-run01-20260809T063534_17.pcap,,2026-08-08T20:12:02.447178+00:00,True,0.676
sw-min-4-run01-20260809T063534,sw-min,4,18,data/raw/4/capture_4_sw-min_sw-min-4-run01-20260809T063534_18.pcap,,2026-08-08T20:12:05.443417+00:00,True,1.651
sw-min-4-run01-20260809T063534,sw-min,4,19,data/raw/4/capture_4_sw-min_sw-min-4-run01-20260809T063534_19.pcap,,2026-08-08T20:12:08.495109+00:00,True,0.934
sw-min-4-run01-20260809T063534,sw-min,4,20,data/raw/4/capture_4_sw-min_sw-min-4-run01-20260809T063534_20.pcap,,2026-08-08T20:12:11.557956+00:00,True,0.880
sw-min-4-run02-20260809T063534,sw-min,4,1,data/raw/4/capture_4_sw-min_sw-min-4-run02-20260809T063534_1.pcap,,2026-08-08T20:12:14.835322+00:00,True,0.900
sw-min-4-run02-20260809T063534,sw-min,4,2,data/raw/4/capture_4_sw-min_sw-min-4-run02-20260809T063534_2.pcap,,2026-08-08T20:12:17.846330+00:00,True,0.629
sw-min-4-run02-20260809T063534,sw-min,4,3,data/raw/4/capture_4_sw-min_sw-min-4-run02-20260809T063534_3.pcap,,2026-08-08T20:12:20.899289+00:00,True,0.877
sw-min-4-run02-20260809T063534,sw-min,4,4,data/raw/4/capture_4_sw-min_sw-min-4-run02-20260809T063534_4.pcap,,2026-08-08T20:12:24.162170+00:00,True,0.879
sw-min-4-run02-20260809T063534,sw-min,4,5,data/raw/4/capture_4_sw-min_sw-min-4-run02-20260809T063534_5.pcap,,2026-08-08T20:12:27.437996+00:00,True,0.904
sw-min-4-run02-20260809T063534,sw-min,4,6,data/raw/4/capture_4_sw-min_sw-min-4-run02-20260809T063534_6.pcap,,2026-08-08T20:12:30.490995+00:00,True,0.901
sw-min-4-run02-20260809T063534,sw-min,4,7,data/raw/4/capture_4_sw-min_sw-min-4-run02-20260809T063534_7.pcap,,2026-08-08T20:12:33.498761+00:00,True,0.678
sw-min-4-run02-20260809T063534,sw-min,4,8,data/raw/4/capture_4_sw-min_sw-min-4-run02-20260809T063534_8.pcap,,2026-08-08T20:12:36.770257+00:00,True,0.940
sw-min-4-run02-20260809T063534,sw-min,4,9,data/raw/4/capture_4_sw-min_sw-min-4-run02-20260809T063534_9.pcap,,2026-08-08T20:12:39.823273+00:00,True,0.612
sw-min-4-run02-20260809T063534,sw-min,4,10,data/raw/4/capture_4_sw-min_sw-min-4-run02-20260809T063534_10.pcap,,2026-08-08T20:12:42.883155+00:00,True,0.817
sw-min-4-run02-20260809T063534,sw-min,4,11,data/raw/4/capture_4_sw-min_sw-min-4-run02-20260809T063534_11.pcap,,2026-08-08T20:12:45.933801+00:00,True,0.919
sw-min-4-run02-20260809T063534,sw-min,4,12,data/raw/4/capture_4_sw-min_sw-min-4-run02-20260809T063534_12.pcap,,2026-08-08T20:12:48.983278+00:00,True,0.951
sw-min-4-run02-20260809T063534,sw-min,4,13,data/raw/4/capture_4_sw-min_sw-min-4-run02-20260809T063534_13.pcap,,2026-08-08T20:12:52.059816+00:00,True,0.912
sw-min-4-run02-20260809T063534,sw-min,4,14,data/raw/4/capture_4_sw-min_sw-min-4-run02-20260809T063534_14.pcap,,2026-08-08T20:12:55.062630+00:00,True,0.902
sw-min-4-run02-20260809T063534,sw-min,4,15,data/raw/4/capture_4_sw-min_sw-min-4-run02-20260809T063534_15.pcap,,2026-08-08T20:12:58.059047+00:00,True,0.940
sw-min-4-run02-20260809T063534,sw-min,4,16,data/raw/4/capture_4_sw-min_sw-min-4-run02-20260809T063534_16.pcap,,2026-08-08T20:13:01.270659+00:00,True,1.022
sw-min-4-run02-20260809T063534,sw-min,4,17,data/raw/4/capture_4_sw-min_sw-min-4-run02-20260809T063534_17.pcap,,2026-08-08T20:13:04.318530+00:00,True,0.902
sw-min-4-run02-20260809T063534,sw-min,4,18,data/raw/4/capture_4_sw-min_sw-min-4-run02-20260809T063534_18.pcap,,2026-08-08T20:13:07.327171+00:00,True,0.922
sw-min-4-run02-20260809T063534,sw-min,4,19,data/raw/4/capture_4_sw-min_sw-min-4-run02-20260809T063534_19.pcap,,2026-08-08T20:13:10.627578+00:00,True,0.578
sw-min-4-run02-20260809T063534,sw-min,4,20,data/raw/4/capture_4_sw-min_sw-min-4-run02-20260809T063534_20.pcap,,2026-08-08T20:13:13.674989+00:00,True,0.941
sw-min-4-run03-20260809T063534,sw-min,4,1,data/raw/4/capture_4_sw-min_sw-min-4-run03-20260809T063534_1.pcap,,2026-08-08T20:13:16.851293+00:00,True,0.963
sw-min-4-run03-20260809T063534,sw-min,4,2,data/raw/4/capture_4_sw-min_sw-min-4-run03-20260809T063534_2.pcap,,2026-08-08T20:13:19.893101+00:00,True,0.931
sw-min-4-run03-20260809T063534,sw-min,4,3,data/raw/4/capture_4_sw-min_sw-min-4-run03-20260809T063534_3.pcap,,2026-08-08T20:13:22.886922+00:00,True,0.903
sw-min-4-run03-20260809T063534,sw-min,4,4,data/raw/4/capture_4_sw-min_sw-min-4-run03-20260809T063534_4.pcap,,2026-08-08T20:13:26.163664+00:00,True,0.876
sw-min-4-run03-20260809T063534,sw-min,4,5,data/raw/4/capture_4_sw-min_sw-min-4-run03-20260809T063534_5.pcap,,2026-08-08T20:13:29.435311+00:00,True,0.558
sw-min-4-run03-20260809T063534,sw-min,4,6,data/raw/4/capture_4_sw-min_sw-min-4-run03-20260809T063534_6.pcap,,2026-08-08T20:13:32.682362+00:00,True,0.573
sw-min-4-run03-20260809T063534,sw-min,4,7,data/raw/4/capture_4_sw-min_sw-min-4-run03-20260809T063534_7.pcap,,2026-08-08T20:13:35.691045+00:00,True,0.698
sw-min-4-run03-20260809T063534,sw-min,4,8,data/raw/4/capture_4_sw-min_sw-min-4-run03-20260809T063534_8.pcap,,2026-08-08T20:13:38.742861+00:00,True,0.957
sw-min-4-run03-20260809T063534,sw-min,4,9,data/raw/4/capture_4_sw-min_sw-min-4-run03-20260809T063534_9.pcap,,2026-08-08T20:13:42.018624+00:00,True,0.870
sw-min-4-run03-20260809T063534,sw-min,4,10,data/raw/4/capture_4_sw-min_sw-min-4-run03-20260809T063534_10.pcap,,2026-08-08T20:13:45.063608+00:00,True,0.884
sw-min-4-run03-20260809T063534,sw-min,4,11,data/raw/4/capture_4_sw-min_sw-min-4-run03-20260809T063534_11.pcap,,2026-08-08T20:13:48.343426+00:00,True,1.011
sw-min-4-run03-20260809T063534,sw-min,4,12,data/raw/4/capture_4_sw-min_sw-min-4-run03-20260809T063534_12.pcap,,2026-08-08T20:13:51.357046+00:00,True,0.896
sw-min-4-run03-20260809T063534,sw-min,4,13,data/raw/4/capture_4_sw-min_sw-min-4-run03-20260809T063534_13.pcap,,2026-08-08T20:13:54.623206+00:00,True,0.622
sw-min-4-run03-20260809T063534,sw-min,4,14,data/raw/4/capture_4_sw-min_sw-min-4-run03-20260809T063534_14.pcap,,2026-08-08T20:13:57.649099+00:00,True,0.630
sw-min-4-run03-20260809T063534,sw-min,4,15,data/raw/4/capture_4_sw-min_sw-min-4-run03-20260809T063534_15.pcap,,2026-08-08T20:14:00.910848+00:00,True,0.606
sw-min-4-run03-20260809T063534,sw-min,4,16,data/raw/4/capture_4_sw-min_sw-min-4-run03-20260809T063534_16.pcap,,2026-08-08T20:14:03.931185+00:00,True,0.541
sw-min-4-run03-20260809T063534,sw-min,4,17,data/raw/4/capture_4_sw-min_sw-min-4-run03-20260809T063534_17.pcap,,2026-08-08T20:14:06.947111+00:00,True,0.960
sw-min-4-run03-20260809T063534,sw-min,4,18,data/raw/4/capture_4_sw-min_sw-min-4-run03-20260809T063534_18.pcap,,2026-08-08T20:14:10.222791+00:00,True,0.882
sw-min-4-run03-20260809T063534,sw-min,4,19,data/raw/4/capture_4_sw-min_sw-min-4-run03-20260809T063534_19.pcap,,2026-08-08T20:14:13.228517+00:00,True,0.906
sw-min-4-run03-20260809T063534,sw-min,4,20,data/raw/4/capture_4_sw-min_sw-min-4-run03-20260809T063534_20.pcap,,2026-08-08T20:14:16.275489+00:00,True,0.891
sw-min-4-run04-20260809T063534,sw-min,4,1,data/raw/4/capture_4_sw-min_sw-min-4-run04-20260809T063534_1.pcap,,2026-08-08T20:14:19.344369+00:00,True,0.770
sw-min-4-run04-20260809T063534,sw-min,4,2,data/raw/4/capture_4_sw-min_sw-min-4-run04-20260809T063534_2.pcap,,2026-08-08T20:14:22.402418+00:00,True,0.922
sw-min-4-run04-20260809T063534,sw-min,4,3,data/raw/4/capture_4_sw-min_sw-min-4-run04-20260809T063534_3.pcap,,2026-08-08T20:14:25.440121+00:00,True,0.616
sw-min-4-run04-20260809T063534,sw-min,4,4,data/raw/4/capture_4_sw-min_sw-min-4-run04-20260809T063534_4.pcap,,2026-08-08T20:14:28.494891+00:00,True,0.911
sw-min-4-run04-20260809T063534,sw-min,4,5,data/raw/4/capture_4_sw-min_sw-min-4-run04-20260809T063534_5.pcap,,2026-08-08T20:14:31.774476+00:00,True,1.537
sw-min-4-run04-20260809T063534,sw-min,4,6,data/raw/4/capture_4_sw-min_sw-min-4-run04-20260809T063534_6.pcap,,2026-08-08T20:14:34.984679+00:00,True,0.920
sw-min-4-run04-20260809T063534,sw-min,4,7,data/raw/4/capture_4_sw-min_sw-min-4-run04-20260809T063534_7.pcap,,2026-08-08T20:14:37.990590+00:00,True,0.913
sw-min-4-run04-20260809T063534,sw-min,4,8,data/raw/4/capture_4_sw-min_sw-min-4-run04-20260809T063534_8.pcap,,2026-08-08T20:14:41.246145+00:00,True,0.902
sw-min-4-run04-20260809T063534,sw-min,4,9,data/raw/4/capture_4_sw-min_sw-min-4-run04-20260809T063534_9.pcap,,2026-08-08T20:14:44.203018+00:00,True,0.915
sw-min-4-run04-20260809T063534,sw-min,4,10,data/raw/4/capture_4_sw-min_sw-min-4-run04-20260809T063534_10.pcap,,2026-08-08T20:14:47.469822+00:00,True,0.885
sw-min-4-run04-20260809T063534,sw-min,4,11,data/raw/4/capture_4_sw-min_sw-min-4-run04-20260809T063534_11.pcap,,2026-08-08T20:14:50.497795+00:00,True,0.918
sw-min-4-run04-20260809T063534,sw-min,4,12,data/raw/4/capture_4_sw-min_sw-min-4-run04-20260809T063534_12.pcap,,2026-08-08T20:14:53.563659+00:00,True,0.856
sw-min-4-run04-20260809T063534,sw-min,4,13,data/raw/4/capture_4_sw-min_sw-min-4-run04-20260809T063534_13.pcap,,2026-08-08T20:14:56.830094+00:00,True,0.563
sw-min-4-run04-20260809T063534,sw-min,4,14,data/raw/4/capture_4_sw-min_sw-min-4-run04-20260809T063534_14.pcap,,2026-08-08T20:14:59.834554+00:00,True,0.561
sw-min-4-run04-20260809T063534,sw-min,4,15,data/raw/4/capture_4_sw-min_sw-min-4-run04-20260809T063534_15.pcap,,2026-08-08T20:15:03.065959+00:00,True,0.587
sw-min-4-run04-20260809T063534,sw-min,4,16,data/raw/4/capture_4_sw-min_sw-min-4-run04-20260809T063534_16.pcap,,2026-08-08T20:15:06.144071+00:00,True,0.892
sw-min-4-run04-20260809T063534,sw-min,4,17,data/raw/4/capture_4_sw-min_sw-min-4-run04-20260809T063534_17.pcap,,2026-08-08T20:15:09.378519+00:00,True,1.162
sw-min-4-run04-20260809T063534,sw-min,4,18,data/raw/4/capture_4_sw-min_sw-min-4-run04-20260809T063534_18.pcap,,2026-08-08T20:15:12.656901+00:00,True,0.922
sw-min-4-run04-20260809T063534,sw-min,4,19,data/raw/4/capture_4_sw-min_sw-min-4-run04-20260809T063534_19.pcap,,2026-08-08T20:15:15.919439+00:00,True,0.901
sw-min-4-run04-20260809T063534,sw-min,4,20,data/raw/4/capture_4_sw-min_sw-min-4-run04-20260809T063534_20.pcap,,2026-08-08T20:15:18.933961+00:00,True,0.890
sw-min-4-run05-20260809T063534,sw-min,4,1,data/raw/4/capture_4_sw-min_sw-min-4-run05-20260809T063534_1.pcap,,2026-08-08T20:15:22.121809+00:00,True,0.893
sw-min-4-run05-20260809T063534,sw-min,4,2,data/raw/4/capture_4_sw-min_sw-min-4-run05-20260809T063534_2.pcap,,2026-08-08T20:15:25.122926+00:00,True,0.908
sw-min-4-run05-20260809T063534,sw-min,4,3,data/raw/4/capture_4_sw-min_sw-min-4-run05-20260809T063534_3.pcap,,2026-08-08T20:15:28.170059+00:00,True,0.875
sw-min-4-run05-20260809T063534,sw-min,4,4,data/raw/4/capture_4_sw-min_sw-min-4-run05-20260809T063534_4.pcap,,2026-08-08T20:15:31.358599+00:00,True,0.927
sw-min-4-run05-20260809T063534,sw-min,4,5,data/raw/4/capture_4_sw-min_sw-min-4-run05-20260809T063534_5.pcap,,2026-08-08T20:15:34.318379+00:00,True,0.872
sw-min-4-run05-20260809T063534,sw-min,4,6,data/raw/4/capture_4_sw-min_sw-min-4-run05-20260809T063534_6.pcap,,2026-08-08T20:15:37.577840+00:00,True,0.852
sw-min-4-run05-20260809T063534,sw-min,4,7,data/raw/4/capture_4_sw-min_sw-min-4-run05-20260809T063534_7.pcap,,2026-08-08T20:15:40.839338+00:00,True,0.541
sw-min-4-run05-20260809T063534,sw-min,4,8,data/raw/4/capture_4_sw-min_sw-min-4-run05-20260809T063534_8.pcap,,2026-08-08T20:15:43.836043+00:00,True,0.577
sw-min-4-run05-20260809T063534,sw-min,4,9,data/raw/4/capture_4_sw-min_sw-min-4-run05-20260809T063534_9.pcap,,2026-08-08T20:15:47.127066+00:00,True,0.543
sw-min-4-run05-20260809T063534,sw-min,4,10,data/raw/4/capture_4_sw-min_sw-min-4-run05-20260809T063534_10.pcap,,2026-08-08T20:15:50.090690+00:00,True,1.041
sw-min-4-run05-20260809T063534,sw-min,4,11,data/raw/4/capture_4_sw-min_sw-min-4-run05-20260809T063534_11.pcap,,2026-08-08T20:15:53.141484+00:00,True,0.933
sw-min-4-run05-20260809T063534,sw-min,4,12,data/raw/4/capture_4_sw-min_sw-min-4-run05-20260809T063534_12.pcap,,2026-08-08T20:15:56.259345+00:00,True,0.951
sw-min-4-run05-20260809T063534,sw-min,4,13,data/raw/4/capture_4_sw-min_sw-min-4-run05-20260809T063534_13.pcap,,2026-08-08T20:15:59.306775+00:00,True,0.903
sw-min-4-run05-20260809T063534,sw-min,4,14,data/raw/4/capture_4_sw-min_sw-min-4-run05-20260809T063534_14.pcap,,2026-08-08T20:16:02.338707+00:00,True,1.000
sw-min-4-run05-20260809T063534,sw-min,4,15,data/raw/4/capture_4_sw-min_sw-min-4-run05-20260809T063534_15.pcap,,2026-08-08T20:16:05.370184+00:00,True,0.943
sw-min-4-run05-20260809T063534,sw-min,4,16,data/raw/4/capture_4_sw-min_sw-min-4-run05-20260809T063534_16.pcap,,2026-08-08T20:16:08.642407+00:00,True,0.896
sw-min-4-run05-20260809T063534,sw-min,4,17,data/raw/4/capture_4_sw-min_sw-min-4-run05-20260809T063534_17.pcap,,2026-08-08T20:16:11.662774+00:00,True,0.906
sw-min-4-run05-20260809T063534,sw-min,4,18,data/raw/4/capture_4_sw-min_sw-min-4-run05-20260809T063534_18.pcap,,2026-08-08T20:16:14.680787+00:00,True,0.923
sw-min-4-run05-20260809T063534,sw-min,4,19,data/raw/4/capture_4_sw-min_sw-min-4-run05-20260809T063534_19.pcap,,2026-08-08T20:16:17.701617+00:00,True,0.923
sw-min-4-run05-20260809T063534,sw-min,4,20,data/raw/4/capture_4_sw-min_sw-min-4-run05-20260809T063534_20.pcap,,2026-08-08T20:16:20.894801+00:00,True,0.889
sw-min-5-run01-20260809T063534,sw-min,5,1,data/raw/5/capture_5_sw-min_sw-min-5-run01-20260809T063534_1.pcap,,2026-08-08T20:16:28.284536+00:00,True,0.910
sw-min-5-run01-20260809T063534,sw-min,5,2,data/raw/5/capture_5_sw-min_sw-min-5-run01-20260809T063534_2.pcap,,2026-08-08T20:16:31.233955+00:00,True,0.930
sw-min-5-run01-20260809T063534,sw-min,5,3,data/raw/5/capture_5_sw-min_sw-min-5-run01-20260809T063534_3.pcap,,2026-08-08T20:16:34.500627+00:00,True,0.945
sw-min-5-run01-20260809T063534,sw-min,5,4,data/raw/5/capture_5_sw-min_sw-min-5-run01-20260809T063534_4.pcap,,2026-08-08T20:16:37.472829+00:00,True,0.962
sw-min-5-run01-20260809T063534,sw-min,5,5,data/raw/5/capture_5_sw-min_sw-min-5-run01-20260809T063534_5.pcap,,2026-08-08T20:16:40.508562+00:00,True,0.888
sw-min-5-run01-20260809T063534,sw-min,5,6,data/raw/5/capture_5_sw-min_sw-min-5-run01-20260809T063534_6.pcap,,2026-08-08T20:16:43.808158+00:00,True,0.908
sw-min-5-run01-20260809T063534,sw-min,5,7,data/raw/5/capture_5_sw-min_sw-min-5-run01-20260809T063534_7.pcap,,2026-08-08T20:16:47.031486+00:00,True,0.571
sw-min-5-run01-20260809T063534,sw-min,5,8,data/raw/5/capture_5_sw-min_sw-min-5-run01-20260809T063534_8.pcap,,2026-08-08T20:16:50.251306+00:00,True,0.915
sw-min-5-run01-20260809T063534,sw-min,5,9,data/raw/5/capture_5_sw-min_sw-min-5-run01-20260809T063534_9.pcap,,2026-08-08T20:16:53.266724+00:00,True,0.928
sw-min-5-run01-20260809T063534,sw-min,5,10,data/raw/5/capture_5_sw-min_sw-min-5-run01-20260809T063534_10.pcap,,2026-08-08T20:16:56.313476+00:00,True,1.055
sw-min-5-run01-20260809T063534,sw-min,5,11,data/raw/5/capture_5_sw-min_sw-min-5-run01-20260809T063534_11.pcap,,2026-08-08T20:16:59.320967+00:00,True,0.960
sw-min-5-run01-20260809T063534,sw-min,5,12,data/raw/5/capture_5_sw-min_sw-min-5-run01-20260809T063534_12.pcap,,2026-08-08T20:17:02.318768+00:00,True,1.071
sw-min-5-run01-20260809T063534,sw-min,5,13,data/raw/5/capture_5_sw-min_sw-min-5-run01-20260809T063534_13.pcap,,2026-08-08T20:17:05.397063+00:00,True,0.914
sw-min-5-run01-20260809T063534,sw-min,5,14,data/raw/5/capture_5_sw-min_sw-min-5-run01-20260809T063534_14.pcap,,2026-08-08T20:17:08.450557+00:00,True,0.901
sw-min-5-run01-20260809T063534,sw-min,5,15,data/raw/5/capture_5_sw-min_sw-min-5-run01-20260809T063534_15.pcap,,2026-08-08T20:17:11.471410+00:00,True,0.884
sw-min-5-run01-20260809T063534,sw-min,5,16,data/raw/5/capture_5_sw-min_sw-min-5-run01-20260809T063534_16.pcap,,2026-08-08T20:17:14.665621+00:00,True,0.949
sw-min-5-run01-20260809T063534,sw-min,5,17,data/raw/5/capture_5_sw-min_sw-min-5-run01-20260809T063534_17.pcap,,2026-08-08T20:17:17.692668+00:00,True,1.036
sw-min-5-run01-20260809T063534,sw-min,5,18,data/raw/5/capture_5_sw-min_sw-min-5-run01-20260809T063534_18.pcap,,2026-08-08T20:17:20.752616+00:00,True,0.965
sw-min-5-run01-20260809T063534,sw-min,5,19,data/raw/5/capture_5_sw-min_sw-min-5-run01-20260809T063534_19.pcap,,2026-08-08T20:17:23.766017+00:00,True,0.590
sw-min-5-run01-20260809T063534,sw-min,5,20,data/raw/5/capture_5_sw-min_sw-min-5-run01-20260809T063534_20.pcap,,2026-08-08T20:17:26.803616+00:00,True,0.627
sw-min-5-run02-20260809T063534,sw-min,5,1,data/raw/5/capture_5_sw-min_sw-min-5-run02-20260809T063534_1.pcap,,2026-08-08T20:17:29.825721+00:00,True,0.969
sw-min-5-run02-20260809T063534,sw-min,5,2,data/raw/5/capture_5_sw-min_sw-min-5-run02-20260809T063534_2.pcap,,2026-08-08T20:17:32.879621+00:00,True,0.559
sw-min-5-run02-20260809T063534,sw-min,5,3,data/raw/5/capture_5_sw-min_sw-min-5-run02-20260809T063534_3.pcap,,2026-08-08T20:17:35.945195+00:00,True,0.931
sw-min-5-run02-20260809T063534,sw-min,5,4,data/raw/5/capture_5_sw-min_sw-min-5-run02-20260809T063534_4.pcap,,2026-08-08T20:17:39.001965+00:00,True,0.929
sw-min-5-run02-20260809T063534,sw-min,5,5,data/raw/5/capture_5_sw-min_sw-min-5-run02-20260809T063534_5.pcap,,2026-08-08T20:17:41.995063+00:00,True,0.918
sw-min-5-run02-20260809T063534,sw-min,5,6,data/raw/5/capture_5_sw-min_sw-min-5-run02-20260809T063534_6.pcap,,2026-08-08T20:17:45.047303+00:00,True,0.932
sw-min-5-run02-20260809T063534,sw-min,5,7,data/raw/5/capture_5_sw-min_sw-min-5-run02-20260809T063534_7.pcap,,2026-08-08T20:17:48.103037+00:00,True,1.008
sw-min-5-run02-20260809T063534,sw-min,5,8,data/raw/5/capture_5_sw-min_sw-min-5-run02-20260809T063534_8.pcap,,2026-08-08T20:17:51.153484+00:00,True,0.952
sw-min-5-run02-20260809T063534,sw-min,5,9,data/raw/5/capture_5_sw-min_sw-min-5-run02-20260809T063534_9.pcap,,2026-08-08T20:17:54.434752+00:00,True,0.882
sw-min-5-run02-20260809T063534,sw-min,5,10,data/raw/5/capture_5_sw-min_sw-min-5-run02-20260809T063534_10.pcap,,2026-08-08T20:17:57.716641+00:00,True,0.892
sw-min-5-run02-20260809T063534,sw-min,5,11,data/raw/5/capture_5_sw-min_sw-min-5-run02-20260809T063534_11.pcap,,2026-08-08T20:18:00.782610+00:00,True,1.194
sw-min-5-run02-20260809T063534,sw-min,5,12,data/raw/5/capture_5_sw-min_sw-min-5-run02-20260809T063534_12.pcap,,2026-08-08T20:18:03.845279+00:00,True,0.954
sw-min-5-run02-20260809T063534,sw-min,5,13,data/raw/5/capture_5_sw-min_sw-min-5-run02-20260809T063534_13.pcap,,2026-08-08T20:18:06.819059+00:00,True,0.944
sw-min-5-run02-20260809T063534,sw-min,5,14,data/raw/5/capture_5_sw-min_sw-min-5-run02-20260809T063534_14.pcap,,2026-08-08T20:18:09.769235+00:00,True,0.939
sw-min-5-run02-20260809T063534,sw-min,5,15,data/raw/5/capture_5_sw-min_sw-min-5-run02-20260809T063534_15.pcap,,2026-08-08T20:18:12.831315+00:00,True,0.961
sw-min-5-run02-20260809T063534,sw-min,5,16,data/raw/5/capture_5_sw-min_sw-min-5-run02-20260809T063534_16.pcap,,2026-08-08T20:18:15.911535+00:00,True,0.597
sw-min-5-run02-20260809T063534,sw-min,5,17,data/raw/5/capture_5_sw-min_sw-min-5-run02-20260809T063534_17.pcap,,2026-08-08T20:18:19.140095+00:00,True,1.056
sw-min-5-run02-20260809T063534,sw-min,5,18,data/raw/5/capture_5_sw-min_sw-min-5-run02-20260809T063534_18.pcap,,2026-08-08T20:18:22.157413+00:00,True,0.933
sw-min-5-run02-20260809T063534,sw-min,5,19,data/raw/5/capture_5_sw-min_sw-min-5-run02-20260809T063534_19.pcap,,2026-08-08T20:18:25.130744+00:00,True,0.939
sw-min-5-run02-20260809T063534,sw-min,5,20,data/raw/5/capture_5_sw-min_sw-min-5-run02-20260809T063534_20.pcap,,2026-08-08T20:18:28.181507+00:00,True,0.964
sw-min-5-run03-20260809T063534,sw-min,5,1,data/raw/5/capture_5_sw-min_sw-min-5-run03-20260809T063534_1.pcap,,2026-08-08T20:18:31.213864+00:00,True,0.552
sw-min-5-run03-20260809T063534,sw-min,5,2,data/raw/5/capture_5_sw-min_sw-min-5-run03-20260809T063534_2.pcap,,2026-08-08T20:18:34.462387+00:00,True,0.940
sw-min-5-run03-20260809T063534,sw-min,5,3,data/raw/5/capture_5_sw-min_sw-min-5-run03-20260809T063534_3.pcap,,2026-08-08T20:18:37.510413+00:00,True,0.937
sw-min-5-run03-20260809T063534,sw-min,5,4,data/raw/5/capture_5_sw-min_sw-min-5-run03-20260809T063534_4.pcap,,2026-08-08T20:18:40.726529+00:00,True,0.900
sw-min-5-run03-20260809T063534,sw-min,5,5,data/raw/5/capture_5_sw-min_sw-min-5-run03-20260809T063534_5.pcap,,2026-08-08T20:18:43.794919+00:00,True,0.957
sw-min-5-run03-20260809T063534,sw-min,5,6,data/raw/5/capture_5_sw-min_sw-min-5-run03-20260809T063534_6.pcap,,2026-08-08T20:18:46.859186+00:00,True,0.872
sw-min-5-run03-20260809T063534,sw-min,5,7,data/raw/5/capture_5_sw-min_sw-min-5-run03-20260809T063534_7.pcap,,2026-08-08T20:18:50.096898+00:00,True,0.919
sw-min-5-run03-20260809T063534,sw-min,5,8,data/raw/5/capture_5_sw-min_sw-min-5-run03-20260809T063534_8.pcap,,2026-08-08T20:18:53.149381+00:00,True,0.885
sw-min-5-run03-20260809T063534,sw-min,5,9,data/raw/5/capture_5_sw-min_sw-min-5-run03-20260809T063534_9.pcap,,2026-08-08T20:18:56.174633+00:00,True,1.079
sw-min-5-run03-20260809T063534,sw-min,5,10,data/raw/5/capture_5_sw-min_sw-min-5-run03-20260809T063534_10.pcap,,2026-08-08T20:18:59.231087+00:00,True,0.923
sw-min-5-run03-20260809T063534,sw-min,5,11,data/raw/5/capture_5_sw-min_sw-min-5-run03-20260809T063534_11.pcap,,2026-08-08T20:19:02.525684+00:00,True,0.551
sw-min-5-run03-20260809T063534,sw-min,5,12,data/raw/5/capture_5_sw-min_sw-min-5-run03-20260809T063534_12.pcap,,2026-08-08T20:19:05.578205+00:00,True,0.982
sw-min-5-run03-20260809T063534,sw-min,5,13,data/raw/5/capture_5_sw-min_sw-min-5-run03-20260809T063534_13.pcap,,2026-08-08T20:19:08.701396+00:00,True,0.908
sw-min-5-run03-20260809T063534,sw-min,5,14,data/raw/5/capture_5_sw-min_sw-min-5-run03-20260809T063534_14.pcap,,2026-08-08T20:19:11.786294+00:00,True,0.937
sw-min-5-run03-20260809T063534,sw-min,5,15,data/raw/5/capture_5_sw-min_sw-min-5-run03-20260809T063534_15.pcap,,2026-08-08T20:19:14.871093+00:00,True,0.930
sw-min-5-run03-20260809T063534,sw-min,5,16,data/raw/5/capture_5_sw-min_sw-min-5-run03-20260809T063534_16.pcap,,2026-08-08T20:19:18.069035+00:00,True,0.613
sw-min-5-run03-20260809T063534,sw-min,5,17,data/raw/5/capture_5_sw-min_sw-min-5-run03-20260809T063534_17.pcap,,2026-08-08T20:19:21.253516+00:00,True,0.611
sw-min-5-run03-20260809T063534,sw-min,5,18,data/raw/5/capture_5_sw-min_sw-min-5-run03-20260809T063534_18.pcap,,2026-08-08T20:19:24.255762+00:00,True,0.904
sw-min-5-run03-20260809T063534,sw-min,5,19,data/raw/5/capture_5_sw-min_sw-min-5-run03-20260809T063534_19.pcap,,2026-08-08T20:19:27.446838+00:00,True,0.911
sw-min-5-run03-20260809T063534,sw-min,5,20,data/raw/5/capture_5_sw-min_sw-min-5-run03-20260809T063534_20.pcap,,2026-08-08T20:19:30.428932+00:00,True,0.935
sw-min-5-run04-20260809T063534,sw-min,5,1,data/raw/5/capture_5_sw-min_sw-min-5-run04-20260809T063534_1.pcap,,2026-08-08T20:19:33.433726+00:00,True,1.140
sw-min-5-run04-20260809T063534,sw-min,5,2,data/raw/5/capture_5_sw-min_sw-min-5-run04-20260809T063534_2.pcap,,2026-08-08T20:19:36.706319+00:00,True,0.979
sw-min-5-run04-20260809T063534,sw-min,5,3,data/raw/5/capture_5_sw-min_sw-min-5-run04-20260809T063534_3.pcap,,2026-08-08T20:19:39.926618+00:00,True,0.589
sw-min-5-run04-20260809T063534,sw-min,5,4,data/raw/5/capture_5_sw-min_sw-min-5-run04-20260809T063534_4.pcap,,2026-08-08T20:19:42.995368+00:00,True,0.578
sw-min-5-run04-20260809T063534,sw-min,5,5,data/raw/5/capture_5_sw-min_sw-min-5-run04-20260809T063534_5.pcap,,2026-08-08T20:19:46.006473+00:00,True,0.889
sw-min-5-run04-20260809T063534,sw-min,5,6,data/raw/5/capture_5_sw-min_sw-min-5-run04-20260809T063534_6.pcap,,2026-08-08T20:19:49.010922+00:00,True,0.956
sw-min-5-run04-20260809T063534,sw-min,5,7,data/raw/5/capture_5_sw-min_sw-min-5-run04-20260809T063534_7.pcap,,2026-08-08T20:19:51.991452+00:00,True,0.929
sw-min-5-run04-20260809T063534,sw-min,5,8,data/raw/5/capture_5_sw-min_sw-min-5-run04-20260809T063534_8.pcap,,2026-08-08T20:19:55.002189+00:00,True,1.012
sw-min-5-run04-20260809T063534,sw-min,5,9,data/raw/5/capture_5_sw-min_sw-min-5-run04-20260809T063534_9.pcap,,2026-08-08T20:19:58.062620+00:00,True,0.881
sw-min-5-run04-20260809T063534,sw-min,5,10,data/raw/5/capture_5_sw-min_sw-min-5-run04-20260809T063534_10.pcap,,2026-08-08T20:20:01.067504+00:00,True,0.935
sw-min-5-run04-20260809T063534,sw-min,5,11,data/raw/5/capture_5_sw-min_sw-min-5-run04-20260809T063534_11.pcap,,2026-08-08T20:20:04.291231+00:00,True,0.894
sw-min-5-run04-20260809T063534,sw-min,5,12,data/raw/5/capture_5_sw-min_sw-min-5-run04-20260809T063534_12.pcap,,2026-08-08T20:20:07.295881+00:00,True,0.643
sw-min-5-run04-20260809T063534,sw-min,5,13,data/raw/5/capture_5_sw-min_sw-min-5-run04-20260809T063534_13.pcap,,2026-08-08T20:20:10.356129+00:00,True,0.544
sw-min-5-run04-20260809T063534,sw-min,5,14,data/raw/5/capture_5_sw-min_sw-min-5-run04-20260809T063534_14.pcap,,2026-08-08T20:20:13.605285+00:00,True,0.985
sw-min-5-run04-20260809T063534,sw-min,5,15,data/raw/5/capture_5_sw-min_sw-min-5-run04-20260809T063534_15.pcap,,2026-08-08T20:20:16.819599+00:00,True,0.962
sw-min-5-run04-20260809T063534,sw-min,5,16,data/raw/5/capture_5_sw-min_sw-min-5-run04-20260809T063534_16.pcap,,2026-08-08T20:20:19.875198+00:00,True,0.905
sw-min-5-run04-20260809T063534,sw-min,5,17,data/raw/5/capture_5_sw-min_sw-min-5-run04-20260809T063534_17.pcap,,2026-08-08T20:20:23.132807+00:00,True,0.898
sw-min-5-run04-20260809T063534,sw-min,5,18,data/raw/5/capture_5_sw-min_sw-min-5-run04-20260809T063534_18.pcap,,2026-08-08T20:20:26.211675+00:00,True,0.563
sw-min-5-run04-20260809T063534,sw-min,5,19,data/raw/5/capture_5_sw-min_sw-min-5-run04-20260809T063534_19.pcap,,2026-08-08T20:20:29.261299+00:00,True,0.941
sw-min-5-run04-20260809T063534,sw-min,5,20,data/raw/5/capture_5_sw-min_sw-min-5-run04-20260809T063534_20.pcap,,2026-08-08T20:20:32.286663+00:00,True,0.936
sw-min-5-run05-20260809T063534,sw-min,5,1,data/raw/5/capture_5_sw-min_sw-min-5-run05-20260809T063534_1.pcap,,2026-08-08T20:20:35.353992+00:00,True,1.082
sw-min-5-run05-20260809T063534,sw-min,5,2,data/raw/5/capture_5_sw-min_sw-min-5-run05-20260809T063534_2.pcap,,2026-08-08T20:20:38.409797+00:00,True,0.563
sw-min-5-run05-20260809T063534,sw-min,5,3,data/raw/5/capture_5_sw-min_sw-min-5-run05-20260809T063534_3.pcap,,2026-08-08T20:20:41.635198+00:00,True,0.576
sw-min-5-run05-20260809T063534,sw-min,5,4,data/raw/5/capture_5_sw-min_sw-min-5-run05-20260809T063534_4.pcap,,2026-08-08T20:20:44.690416+00:00,True,0.938
sw-min-5-run05-20260809T063534,sw-min,5,5,data/raw/5/capture_5_sw-min_sw-min-5-run05-20260809T063534_5.pcap,,2026-08-08T20:20:47.707280+00:00,True,0.887
sw-min-5-run05-20260809T063534,sw-min,5,6,data/raw/5/capture_5_sw-min_sw-min-5-run05-20260809T063534_6.pcap,,2026-08-08T20:20:50.994088+00:00,True,0.934
sw-min-5-run05-20260809T063534,sw-min,5,7,data/raw/5/capture_5_sw-min_sw-min-5-run05-20260809T063534_7.pcap,,2026-08-08T20:20:54.059912+00:00,True,0.927
sw-min-5-run05-20260809T063534,sw-min,5,8,data/raw/5/capture_5_sw-min_sw-min-5-run05-20260809T063534_8.pcap,,2026-08-08T20:20:57.074744+00:00,True,0.896
sw-min-5-run05-20260809T063534,sw-min,5,9,data/raw/5/capture_5_sw-min_sw-min-5-run05-20260809T063534_9.pcap,,2026-08-08T20:21:00.350965+00:00,True,0.925
sw-min-5-run05-20260809T063534,sw-min,5,10,data/raw/5/capture_5_sw-min_sw-min-5-run05-20260809T063534_10.pcap,,2026-08-08T20:21:03.425543+00:00,True,0.957
sw-min-5-run05-20260809T063534,sw-min,5,11,data/raw/5/capture_5_sw-min_sw-min-5-run05-20260809T063534_11.pcap,,2026-08-08T20:21:06.449398+00:00,True,0.940
sw-min-5-run05-20260809T063534,sw-min,5,12,data/raw/5/capture_5_sw-min_sw-min-5-run05-20260809T063534_12.pcap,,2026-08-08T20:21:09.470107+00:00,True,0.910
sw-min-5-run05-20260809T063534,sw-min,5,13,data/raw/5/capture_5_sw-min_sw-min-5-run05-20260809T063534_13.pcap,,2026-08-08T20:21:12.659701+00:00,True,0.938
sw-min-5-run05-20260809T063534,sw-min,5,14,data/raw/5/capture_5_sw-min_sw-min-5-run05-20260809T063534_14.pcap,,2026-08-08T20:21:15.718425+00:00,True,0.588
sw-min-5-run05-20260809T063534,sw-min,5,15,data/raw/5/capture_5_sw-min_sw-min-5-run05-20260809T063534_15.pcap,,2026-08-08T20:21:18.991227+00:00,True,0.823
sw-min-5-run05-20260809T063534,sw-min,5,16,data/raw/5/capture_5_sw-min_sw-min-5-run05-20260809T063534_16.pcap,,2026-08-08T20:21:21.988218+00:00,True,0.968
sw-min-5-run05-20260809T063534,sw-min,5,17,data/raw/5/capture_5_sw-min_sw-min-5-run05-20260809T063534_17.pcap,,2026-08-08T20:21:25.054515+00:00,True,0.980
sw-min-5-run05-20260809T063534,sw-min,5,18,data/raw/5/capture_5_sw-min_sw-min-5-run05-20260809T063534_18.pcap,,2026-08-08T20:21:28.046491+00:00,True,0.960
sw-min-5-run05-20260809T063534,sw-min,5,19,data/raw/5/capture_5_sw-min_sw-min-5-run05-20260809T063534_19.pcap,,2026-08-08T20:21:31.091009+00:00,True,0.903
sw-min-5-run05-20260809T063534,sw-min,5,20,data/raw/5/capture_5_sw-min_sw-min-5-run05-20260809T063534_20.pcap,,2026-08-08T20:21:34.116974+00:00,True,0.879
sw-min-6-run01-20260809T063534,sw-min,6,1,data/raw/6/capture_6_sw-min_sw-min-6-run01-20260809T063534_1.pcap,,2026-08-08T20:21:41.514094+00:00,True,0.912
sw-min-6-run01-20260809T063534,sw-min,6,2,data/raw/6/capture_6_sw-min_sw-min-6-run01-20260809T063534_2.pcap,,2026-08-08T20:21:44.571951+00:00,True,0.638
sw-min-6-run01-20260809T063534,sw-min,6,3,data/raw/6/capture_6_sw-min_sw-min-6-run01-20260809T063534_3.pcap,,2026-08-08T20:21:47.637864+00:00,True,0.623
sw-min-6-run01-20260809T063534,sw-min,6,4,data/raw/6/capture_6_sw-min_sw-min-6-run01-20260809T063534_4.pcap,,2026-08-08T20:21:50.695383+00:00,True,0.558
sw-min-6-run01-20260809T063534,sw-min,6,5,data/raw/6/capture_6_sw-min_sw-min-6-run01-20260809T063534_5.pcap,,2026-08-08T20:21:53.771279+00:00,True,0.886
sw-min-6-run01-20260809T063534,sw-min,6,6,data/raw/6/capture_6_sw-min_sw-min-6-run01-20260809T063534_6.pcap,,2026-08-08T20:21:56.742361+00:00,True,0.832
sw-min-6-run01-20260809T063534,sw-min,6,7,data/raw/6/capture_6_sw-min_sw-min-6-run01-20260809T063534_7.pcap,,2026-08-08T20:21:59.745870+00:00,True,0.691
sw-min-6-run01-20260809T063534,sw-min,6,8,data/raw/6/capture_6_sw-min_sw-min-6-run01-20260809T063534_8.pcap,,2026-08-08T20:22:02.743048+00:00,True,0.954
sw-min-6-run01-20260809T063534,sw-min,6,9,data/raw/6/capture_6_sw-min_sw-min-6-run01-20260809T063534_9.pcap,,2026-08-08T20:22:05.934937+00:00,True,0.924
sw-min-6-run01-20260809T063534,sw-min,6,10,data/raw/6/capture_6_sw-min_sw-min-6-run01-20260809T063534_10.pcap,,2026-08-08T20:22:08.915067+00:00,True,0.600
sw-min-6-run01-20260809T063534,sw-min,6,11,data/raw/6/capture_6_sw-min_sw-min-6-run01-20260809T063534_11.pcap,,2026-08-08T20:22:11.967772+00:00,True,0.982
sw-min-6-run01-20260809T063534,sw-min,6,12,data/raw/6/capture_6_sw-min_sw-min-6-run01-20260809T063534_12.pcap,,2026-08-08T20:22:15.052337+00:00,True,0.978
sw-min-6-run01-20260809T063534,sw-min,6,13,data/raw/6/capture_6_sw-min_sw-min-6-run01-20260809T063534_13.pcap,,2026-08-08T20:22:18.106640+00:00,True,0.657
sw-min-6-run01-20260809T063534,sw-min,6,14,data/raw/6/capture_6_sw-min_sw-min-6-run01-20260809T063534_14.pcap,,2026-08-08T20:22:21.170689+00:00,True,0.955
sw-min-6-run01-20260809T063534,sw-min,6,15,data/raw/6/capture_6_sw-min_sw-min-6-run01-20260809T063534_15.pcap,,2026-08-08T20:22:24.422361+00:00,True,0.917
sw-min-6-run01-20260809T063534,sw-min,6,16,data/raw/6/capture_6_sw-min_sw-min-6-run01-20260809T063534_16.pcap,,2026-08-08T20:22:27.690385+00:00,True,0.969
sw-min-6-run01-20260809T063534,sw-min,6,17,data/raw/6/capture_6_sw-min_sw-min-6-run01-20260809T063534_17.pcap,,2026-08-08T20:22:30.914763+00:00,True,0.913
sw-min-6-run01-20260809T063534,sw-min,6,18,data/raw/6/capture_6_sw-min_sw-min-6-run01-20260809T063534_18.pcap,,2026-08-08T20:22:33.976130+00:00,True,1.009
sw-min-6-run01-20260809T063534,sw-min,6,19,data/raw/6/capture_6_sw-min_sw-min-6-run01-20260809T063534_19.pcap,,2026-08-08T20:22:36.962440+00:00,True,0.926
sw-min-6-run01-20260809T063534,sw-min,6,20,data/raw/6/capture_6_sw-min_sw-min-6-run01-20260809T063534_20.pcap,,2026-08-08T20:22:40.022434+00:00,True,0.626
sw-min-6-run02-20260809T063534,sw-min,6,1,data/raw/6/capture_6_sw-min_sw-min-6-run02-20260809T063534_1.pcap,,2026-08-08T20:22:43.050194+00:00,True,1.231
sw-min-6-run02-20260809T063534,sw-min,6,2,data/raw/6/capture_6_sw-min_sw-min-6-run02-20260809T063534_2.pcap,,2026-08-08T20:22:46.051527+00:00,True,0.874
sw-min-6-run02-20260809T063534,sw-min,6,3,data/raw/6/capture_6_sw-min_sw-min-6-run02-20260809T063534_3.pcap,,2026-08-08T20:22:49.030567+00:00,True,0.942
sw-min-6-run02-20260809T063534,sw-min,6,4,data/raw/6/capture_6_sw-min_sw-min-6-run02-20260809T063534_4.pcap,,2026-08-08T20:22:52.082730+00:00,True,0.946
sw-min-6-run02-20260809T063534,sw-min,6,5,data/raw/6/capture_6_sw-min_sw-min-6-run02-20260809T063534_5.pcap,,2026-08-08T20:22:55.098591+00:00,True,0.874
sw-min-6-run02-20260809T063534,sw-min,6,6,data/raw/6/capture_6_sw-min_sw-min-6-run02-20260809T063534_6.pcap,,2026-08-08T20:22:58.116524+00:00,True,0.950
sw-min-6-run02-20260809T063534,sw-min,6,7,data/raw/6/capture_6_sw-min_sw-min-6-run02-20260809T063534_7.pcap,,2026-08-08T20:23:01.142942+00:00,True,0.628
sw-min-6-run02-20260809T063534,sw-min,6,8,data/raw/6/capture_6_sw-min_sw-min-6-run02-20260809T063534_8.pcap,,2026-08-08T20:23:04.424014+00:00,True,0.900
sw-min-6-run02-20260809T063534,sw-min,6,9,data/raw/6/capture_6_sw-min_sw-min-6-run02-20260809T063534_9.pcap,,2026-08-08T20:23:07.477068+00:00,True,0.889
sw-min-6-run02-20260809T063534,sw-min,6,10,data/raw/6/capture_6_sw-min_sw-min-6-run02-20260809T063534_10.pcap,,2026-08-08T20:23:10.501193+00:00,True,1.190
sw-min-6-run02-20260809T063534,sw-min,6,11,data/raw/6/capture_6_sw-min_sw-min-6-run02-20260809T063534_11.pcap,,2026-08-08T20:23:13.521640+00:00,True,0.961
sw-min-6-run02-20260809T063534,sw-min,6,12,data/raw/6/capture_6_sw-min_sw-min-6-run02-20260809T063534_12.pcap,,2026-08-08T20:23:16.519454+00:00,True,0.888
sw-min-6-run02-20260809T063534,sw-min,6,13,data/raw/6/capture_6_sw-min_sw-min-6-run02-20260809T063534_13.pcap,,2026-08-08T20:23:19.586989+00:00,True,0.903
sw-min-6-run02-20260809T063534,sw-min,6,14,data/raw/6/capture_6_sw-min_sw-min-6-run02-20260809T063534_14.pcap,,2026-08-08T20:23:22.643288+00:00,True,0.892
sw-min-6-run02-20260809T063534,sw-min,6,15,data/raw/6/capture_6_sw-min_sw-min-6-run02-20260809T063534_15.pcap,,2026-08-08T20:23:25.861504+00:00,True,0.640
sw-min-6-run02-20260809T063534,sw-min,6,16,data/raw/6/capture_6_sw-min_sw-min-6-run02-20260809T063534_16.pcap,,2026-08-08T20:23:28.919198+00:00,True,0.912
sw-min-6-run02-20260809T063534,sw-min,6,17,data/raw/6/capture_6_sw-min_sw-min-6-run02-20260809T063534_17.pcap,,2026-08-08T20:23:31.927012+00:00,True,0.547
sw-min-6-run02-20260809T063534,sw-min,6,18,data/raw/6/capture_6_sw-min_sw-min-6-run02-20260809T063534_18.pcap,,2026-08-08T20:23:34.953845+00:00,True,0.908
sw-min-6-run02-20260809T063534,sw-min,6,19,data/raw/6/capture_6_sw-min_sw-min-6-run02-20260809T063534_19.pcap,,2026-08-08T20:23:38.005483+00:00,True,0.935
sw-min-6-run02-20260809T063534,sw-min,6,20,data/raw/6/capture_6_sw-min_sw-min-6-run02-20260809T063534_20.pcap,,2026-08-08T20:23:41.069951+00:00,True,0.896
sw-min-6-run03-20260809T063534,sw-min,6,1,data/raw/6/capture_6_sw-min_sw-min-6-run03-20260809T063534_1.pcap,,2026-08-08T20:23:44.127484+00:00,True,0.908
sw-min-6-run03-20260809T063534,sw-min,6,2,data/raw/6/capture_6_sw-min_sw-min-6-run03-20260809T063534_2.pcap,,2026-08-08T20:23:47.194877+00:00,True,0.905
sw-min-6-run03-20260809T063534,sw-min,6,3,data/raw/6/capture_6_sw-min_sw-min-6-run03-20260809T063534_3.pcap,,2026-08-08T20:23:50.227507+00:00,True,0.953
sw-min-6-run03-20260809T063534,sw-min,6,4,data/raw/6/capture_6_sw-min_sw-min-6-run03-20260809T063534_4.pcap,,2026-08-08T20:23:53.197733+00:00,True,0.551
sw-min-6-run03-20260809T063534,sw-min,6,5,data/raw/6/capture_6_sw-min_sw-min-6-run03-20260809T063534_5.pcap,,2026-08-08T20:23:56.196173+00:00,True,0.877
sw-min-6-run03-20260809T063534,sw-min,6,6,data/raw/6/capture_6_sw-min_sw-min-6-run03-20260809T063534_6.pcap,,2026-08-08T20:23:59.172604+00:00,True,0.948
sw-min-6-run03-20260809T063534,sw-min,6,7,data/raw/6/capture_6_sw-min_sw-min-6-run03-20260809T063534_7.pcap,,2026-08-08T20:24:02.233888+00:00,True,0.993
sw-min-6-run03-20260809T063534,sw-min,6,8,data/raw/6/capture_6_sw-min_sw-min-6-run03-20260809T063534_8.pcap,,2026-08-08T20:24:05.232863+00:00,True,0.582
sw-min-6-run03-20260809T063534,sw-min,6,9,data/raw/6/capture_6_sw-min_sw-min-6-run03-20260809T063534_9.pcap,,2026-08-08T20:24:08.259481+00:00,True,0.572
sw-min-6-run03-20260809T063534,sw-min,6,10,data/raw/6/capture_6_sw-min_sw-min-6-run03-20260809T063534_10.pcap,,2026-08-08T20:24:11.307155+00:00,True,0.919
sw-min-6-run03-20260809T063534,sw-min,6,11,data/raw/6/capture_6_sw-min_sw-min-6-run03-20260809T063534_11.pcap,,2026-08-08T20:24:16.918791+00:00,True,0.610
sw-min-6-run03-20260809T063534,sw-min,6,12,data/raw/6/capture_6_sw-min_sw-min-6-run03-20260809T063534_12.pcap,,2026-08-08T20:24:20.118157+00:00,True,0.877
sw-min-6-run03-20260809T063534,sw-min,6,13,data/raw/6/capture_6_sw-min_sw-min-6-run03-20260809T063534_13.pcap,,2026-08-08T20:24:23.198543+00:00,True,0.892
sw-min-6-run03-20260809T063534,sw-min,6,14,data/raw/6/capture_6_sw-min_sw-min-6-run03-20260809T063534_14.pcap,,2026-08-08T20:24:26.200480+00:00,True,0.916
sw-min-6-run03-20260809T063534,sw-min,6,15,data/raw/6/capture_6_sw-min_sw-min-6-run03-20260809T063534_15.pcap,,2026-08-08T20:24:29.206696+00:00,True,0.882
sw-min-6-run03-20260809T063534,sw-min,6,16,data/raw/6/capture_6_sw-min_sw-min-6-run03-20260809T063534_16.pcap,,2026-08-08T20:24:32.261638+00:00,True,0.855
sw-min-6-run03-20260809T063534,sw-min,6,17,data/raw/6/capture_6_sw-min_sw-min-6-run03-20260809T063534_17.pcap,,2026-08-08T20:24:35.336592+00:00,True,0.616
sw-min-6-run03-20260809T063534,sw-min,6,18,data/raw/6/capture_6_sw-min_sw-min-6-run03-20260809T063534_18.pcap,,2026-08-08T20:24:38.305807+00:00,True,0.719
sw-min-6-run03-20260809T063534,sw-min,6,19,data/raw/6/capture_6_sw-min_sw-min-6-run03-20260809T063534_19.pcap,,2026-08-08T20:24:41.357924+00:00,True,0.881
sw-min-6-run03-20260809T063534,sw-min,6,20,data/raw/6/capture_6_sw-min_sw-min-6-run03-20260809T063534_20.pcap,,2026-08-08T20:24:44.371340+00:00,True,0.938
sw-min-6-run04-20260809T063534,sw-min,6,1,data/raw/6/capture_6_sw-min_sw-min-6-run04-20260809T063534_1.pcap,,2026-08-08T20:24:47.438322+00:00,True,0.894
sw-min-6-run04-20260809T063534,sw-min,6,2,data/raw/6/capture_6_sw-min_sw-min-6-run04-20260809T063534_2.pcap,,2026-08-08T20:24:50.706771+00:00,True,0.728
sw-min-6-run04-20260809T063534,sw-min,6,3,data/raw/6/capture_6_sw-min_sw-min-6-run04-20260809T063534_3.pcap,,2026-08-08T20:24:53.681877+00:00,True,0.945
sw-min-6-run04-20260809T063534,sw-min,6,4,data/raw/6/capture_6_sw-min_sw-min-6-run04-20260809T063534_4.pcap,,2026-08-08T20:24:56.738481+00:00,True,1.011
sw-min-6-run04-20260809T063534,sw-min,6,5,data/raw/6/capture_6_sw-min_sw-min-6-run04-20260809T063534_5.pcap,,2026-08-08T20:24:59.711531+00:00,True,0.965
sw-min-6-run04-20260809T063534,sw-min,6,6,data/raw/6/capture_6_sw-min_sw-min-6-run04-20260809T063534_6.pcap,,2026-08-08T20:25:02.778800+00:00,True,0.911
sw-min-6-run04-20260809T063534,sw-min,6,7,data/raw/6/capture_6_sw-min_sw-min-6-run04-20260809T063534_7.pcap,,2026-08-08T20:25:05.852176+00:00,True,0.827
sw-min-6-run04-20260809T063534,sw-min,6,8,data/raw/6/capture_6_sw-min_sw-min-6-run04-20260809T063534_8.pcap,,2026-08-08T20:25:08.852494+00:00,True,0.881
sw-min-6-run04-20260809T063534,sw-min,6,9,data/raw/6/capture_6_sw-min_sw-min-6-run04-20260809T063534_9.pcap,,2026-08-08T20:25:11.878571+00:00,True,0.918
sw-min-6-run04-20260809T063534,sw-min,6,10,data/raw/6/capture_6_sw-min_sw-min-6-run04-20260809T063534_10.pcap,,2026-08-08T20:25:14.926764+00:00,True,0.972
sw-min-6-run04-20260809T063534,sw-min,6,11,data/raw/6/capture_6_sw-min_sw-min-6-run04-20260809T063534_11.pcap,,2026-08-08T20:25:17.906627+00:00,True,0.887
sw-min-6-run04-20260809T063534,sw-min,6,12,data/raw/6/capture_6_sw-min_sw-min-6-run04-20260809T063534_12.pcap,,2026-08-08T20:25:20.910015+00:00,True,0.869
sw-min-6-run04-20260809T063534,sw-min,6,13,data/raw/6/capture_6_sw-min_sw-min-6-run04-20260809T063534_13.pcap,,2026-08-08T20:25:23.942697+00:00,True,0.549
sw-min-6-run04-20260809T063534,sw-min,6,14,data/raw/6/capture_6_sw-min_sw-min-6-run04-20260809T063534_14.pcap,,2026-08-08T20:25:27.213045+00:00,True,0.557
sw-min-6-run04-20260809T063534,sw-min,6,15,data/raw/6/capture_6_sw-min_sw-min-6-run04-20260809T063534_15.pcap,,2026-08-08T20:25:30.228211+00:00,True,0.847
sw-min-6-run04-20260809T063534,sw-min,6,16,data/raw/6/capture_6_sw-min_sw-min-6-run04-20260809T063534_16.pcap,,2026-08-08T20:25:33.255073+00:00,True,0.965
sw-min-6-run04-20260809T063534,sw-min,6,17,data/raw/6/capture_6_sw-min_sw-min-6-run04-20260809T063534_17.pcap,,2026-08-08T20:25:36.312920+00:00,True,0.932
sw-min-6-run04-20260809T063534,sw-min,6,18,data/raw/6/capture_6_sw-min_sw-min-6-run04-20260809T063534_18.pcap,,2026-08-08T20:25:39.313063+00:00,True,0.899
sw-min-6-run04-20260809T063534,sw-min,6,19,data/raw/6/capture_6_sw-min_sw-min-6-run04-20260809T063534_19.pcap,,2026-08-08T20:25:42.327425+00:00,True,0.871
sw-min-6-run04-20260809T063534,sw-min,6,20,data/raw/6/capture_6_sw-min_sw-min-6-run04-20260809T063534_20.pcap,,2026-08-08T20:25:45.389259+00:00,True,0.898
sw-min-6-run05-20260809T063534,sw-min,6,1,data/raw/6/capture_6_sw-min_sw-min-6-run05-20260809T063534_1.pcap,,2026-08-08T20:25:48.452767+00:00,True,0.901
sw-min-6-run05-20260809T063534,sw-min,6,2,data/raw/6/capture_6_sw-min_sw-min-6-run05-20260809T063534_2.pcap,,2026-08-08T20:25:51.501737+00:00,True,0.877
sw-min-6-run05-20260809T063534,sw-min,6,3,data/raw/6/capture_6_sw-min_sw-min-6-run05-20260809T063534_3.pcap,,2026-08-08T20:25:54.478111+00:00,True,0.687
sw-min-6-run05-20260809T063534,sw-min,6,4,data/raw/6/capture_6_sw-min_sw-min-6-run05-20260809T063534_4.pcap,,2026-08-08T20:25:57.542718+00:00,True,0.939
sw-min-6-run05-20260809T063534,sw-min,6,5,data/raw/6/capture_6_sw-min_sw-min-6-run05-20260809T063534_5.pcap,,2026-08-08T20:26:00.546538+00:00,True,1.426
sw-min-6-run05-20260809T063534,sw-min,6,6,data/raw/6/capture_6_sw-min_sw-min-6-run05-20260809T063534_6.pcap,,2026-08-08T20:26:03.554654+00:00,True,0.876
sw-min-6-run05-20260809T063534,sw-min,6,7,data/raw/6/capture_6_sw-min_sw-min-6-run05-20260809T063534_7.pcap,,2026-08-08T20:26:06.569140+00:00,True,0.965
sw-min-6-run05-20260809T063534,sw-min,6,8,data/raw/6/capture_6_sw-min_sw-min-6-run05-20260809T063534_8.pcap,,2026-08-08T20:26:09.562529+00:00,True,0.910
sw-min-6-run05-20260809T063534,sw-min,6,9,data/raw/6/capture_6_sw-min_sw-min-6-run05-20260809T063534_9.pcap,,2026-08-08T20:26:12.566411+00:00,True,0.590
sw-min-6-run05-20260809T063534,sw-min,6,10,data/raw/6/capture_6_sw-min_sw-min-6-run05-20260809T063534_10.pcap,,2026-08-08T20:26:15.620927+00:00,True,0.873
sw-min-6-run05-20260809T063534,sw-min,6,11,data/raw/6/capture_6_sw-min_sw-min-6-run05-20260809T063534_11.pcap,,2026-08-08T20:26:18.629294+00:00,True,1.022
sw-min-6-run05-20260809T063534,sw-min,6,12,data/raw/6/capture_6_sw-min_sw-min-6-run05-20260809T063534_12.pcap,,2026-08-08T20:26:21.675008+00:00,True,1.125
sw-min-6-run05-20260809T063534,sw-min,6,13,data/raw/6/capture_6_sw-min_sw-min-6-run05-20260809T063534_13.pcap,,2026-08-08T20:26:24.617820+00:00,True,0.729
sw-min-6-run05-20260809T063534,sw-min,6,14,data/raw/6/capture_6_sw-min_sw-min-6-run05-20260809T063534_14.pcap,,2026-08-08T20:26:27.680394+00:00,True,0.636
sw-min-6-run05-20260809T063534,sw-min,6,15,data/raw/6/capture_6_sw-min_sw-min-6-run05-20260809T063534_15.pcap,,2026-08-08T20:26:30.705373+00:00,True,0.975
sw-min-6-run05-20260809T063534,sw-min,6,16,data/raw/6/capture_6_sw-min_sw-min-6-run05-20260809T063534_16.pcap,,2026-08-08T20:26:33.758885+00:00,True,0.891
sw-min-6-run05-20260809T063534,sw-min,6,17,data/raw/6/capture_6_sw-min_sw-min-6-run05-20260809T063534_17.pcap,,2026-08-08T20:26:36.763410+00:00,True,0.932
sw-min-6-run05-20260809T063534,sw-min,6,18,data/raw/6/capture_6_sw-min_sw-min-6-run05-20260809T063534_18.pcap,,2026-08-08T20:26:39.825252+00:00,True,0.888
sw-min-6-run05-20260809T063534,sw-min,6,19,data/raw/6/capture_6_sw-min_sw-min-6-run05-20260809T063534_19.pcap,,2026-08-08T20:26:42.775018+00:00,True,0.912
sw-min-6-run05-20260809T063534,sw-min,6,20,data/raw/6/capture_6_sw-min_sw-min-6-run05-20260809T063534_20.pcap,,2026-08-08T20:26:45.838648+00:00,True,0.860
pixel8-0-run01-20260809T084559,pixel8,0,1,data/raw/0/capture_0_pixel8_pixel8-0-run01-20260809T084559_1.pcap,data/raw/rrc/rrc_0_pixel8_pixel8-0-run01-20260809T084559_1.json,2026-08-08T20:46:33.196637+00:00,True,1.157
pixel8-0-run01-20260809T090808,pixel8,0,1,data/raw/0/capture_0_pixel8_pixel8-0-run01-20260809T090808_1.pcap,data/raw/rrc/rrc_0_pixel8_pixel8-0-run01-20260809T090808_1.json,2026-08-08T21:08:35.838005+00:00,True,0.699
pixel8-0-run01-20260809T090808,pixel8,0,2,data/raw/0/capture_0_pixel8_pixel8-0-run01-20260809T090808_2.pcap,data/raw/rrc/rrc_0_pixel8_pixel8-0-run01-20260809T090808_2.json,2026-08-08T21:08:50.694446+00:00,True,0.593
pixel8-0-run01-20260809T090808,pixel8,0,3,data/raw/0/capture_0_pixel8_pixel8-0-run01-20260809T090808_3.pcap,data/raw/rrc/rrc_0_pixel8_pixel8-0-run01-20260809T090808_3.json,2026-08-08T21:09:05.940358+00:00,True,0.589
pixel8-0-run01-20260809T090808,pixel8,0,4,data/raw/0/capture_0_pixel8_pixel8-0-run01-20260809T090808_4.pcap,data/raw/rrc/rrc_0_pixel8_pixel8-0-run01-20260809T090808_4.json,2026-08-08T21:09:20.850346+00:00,True,0.680
pixel8-0-run01-20260809T090808,pixel8,0,5,data/raw/0/capture_0_pixel8_pixel8-0-run01-20260809T090808_5.pcap,data/raw/rrc/rrc_0_pixel8_pixel8-0-run01-20260809T090808_5.json,2026-08-08T21:09:30.989981+00:00,True,0.237
pixel8-0-run01-20260809T090808,pixel8,0,6,data/raw/0/capture_0_pixel8_pixel8-0-run01-20260809T090808_6.pcap,data/raw/rrc/rrc_0_pixel8_pixel8-0-run01-20260809T090808_6.json,2026-08-08T21:09:38.358741+00:00,True,0.893
pixel8-0-run01-20260809T090808,pixel8,0,7,data/raw/0/capture_0_pixel8_pixel8-0-run01-20260809T090808_7.pcap,data/raw/rrc/rrc_0_pixel8_pixel8-0-run01-20260809T090808_8.json,2026-08-08T21:09:53.353621+00:00,True,1.070
pixel8-0-run01-20260809T090808,pixel8,0,8,data/raw/0/capture_0_pixel8_pixel8-0-run01-20260809T090808_8.pcap,data/raw/rrc/rrc_0_pixel8_pixel8-0-run01-20260809T090808_10.json,2026-08-08T21:10:08.397969+00:00,True,0.710
pixel8-0-run01-20260809T090808,pixel8,0,9,data/raw/0/capture_0_pixel8_pixel8-0-run01-20260809T090808_9.pcap,data/raw/rrc/rrc_0_pixel8_pixel8-0-run01-20260809T090808_12.json,2026-08-08T21:10:23.436166+00:00,True,0.885
pixel8-0-run01-20260809T090808,pixel8,0,10,data/raw/0/capture_0_pixel8_pixel8-0-run01-20260809T090808_10.pcap,data/raw/rrc/rrc_0_pixel8_pixel8-0-run01-20260809T090808_14.json,2026-08-08T21:10:38.787182+00:00,True,0.628
pixel8-0-run01-20260809T090808,pixel8,0,11,data/raw/0/capture_0_pixel8_pixel8-0-run01-20260809T090808_11.pcap,data/raw/rrc/rrc_0_pixel8_pixel8-0-run01-20260809T090808_15.json,2026-08-08T21:10:55.377699+00:00,True,0.445
pixel8-0-run01-20260809T090808,pixel8,0,12,data/raw/0/capture_0_pixel8_pixel8-0-run01-20260809T090808_12.pcap,data/raw/rrc/rrc_0_pixel8_pixel8-0-run01-20260809T090808_17.json,2026-08-08T21:11:10.733758+00:00,True,1.754
pixel8-0-run01-20260809T090808,pixel8,0,13,data/raw/0/capture_0_pixel8_pixel8-0-run01-20260809T090808_13.pcap,data/raw/rrc/rrc_0_pixel8_pixel8-0-run01-20260809T090808_19.json,2026-08-08T21:11:26.032567+00:00,True,0.751
pixel8-0-run01-20260809T090808,pixel8,0,14,data/raw/0/capture_0_pixel8_pixel8-0-run01-20260809T090808_14.pcap,data/raw/rrc/rrc_0_pixel8_pixel8-0-run01-20260809T090808_22.json,2026-08-08T21:11:54.834085+00:00,True,0.574
pixel8-0-run01-20260809T090808,pixel8,0,15,data/raw/0/capture_0_pixel8_pixel8-0-run01-20260809T090808_15.pcap,data/raw/rrc/rrc_0_pixel8_pixel8-0-run01-20260809T090808_24.json,2026-08-08T21:12:09.778707+00:00,True,0.614
pixel8-0-run01-20260809T090808,pixel8,0,16,data/raw/0/capture_0_pixel8_pixel8-0-run01-20260809T090808_16.pcap,data/raw/rrc/rrc_0_pixel8_pixel8-0-run01-20260809T090808_25.json,2026-08-08T21:12:15.796112+00:00,True,0.896
pixel8-0-run01-20260809T090808,pixel8,0,17,data/raw/0/capture_0_pixel8_pixel8-0-run01-20260809T090808_17.pcap,data/raw/rrc/rrc_0_pixel8_pixel8-0-run01-20260809T090808_26.json,2026-08-08T21:12:24.807157+00:00,True,0.657
pixel8-0-run01-20260809T090808,pixel8,0,18,data/raw/0/capture_0_pixel8_pixel8-0-run01-20260809T090808_18.pcap,data/raw/rrc/rrc_0_pixel8_pixel8-0-run01-20260809T090808_28.json,2026-08-08T21:12:40.038932+00:00,True,0.923
pixel8-0-run01-20260809T090808,pixel8,0,19,data/raw/0/capture_0_pixel8_pixel8-0-run01-20260809T090808_19.pcap,data/raw/rrc/rrc_0_pixel8_pixel8-0-run01-20260809T090808_30.json,2026-08-08T21:12:55.202653+00:00,True,0.271
pixel8-0-run01-20260809T090808,pixel8,0,20,data/raw/0/capture_0_pixel8_pixel8-0-run01-20260809T090808_20.pcap,data/raw/rrc/rrc_0_pixel8_pixel8-0-run01-20260809T090808_32.json,2026-08-08T21:13:10.714072+00:00,True,1.271
pixel8-0-run02-20260809T090808,pixel8,0,1,data/raw/0/capture_0_pixel8_pixel8-0-run02-20260809T090808_1.pcap,data/raw/rrc/rrc_0_pixel8_pixel8-0-run02-20260809T090808_2.json,2026-08-08T21:13:26.194062+00:00,True,0.598
pixel8-0-run02-20260809T090808,pixel8,0,2,data/raw/0/capture_0_pixel8_pixel8-0-run02-20260809T090808_2.pcap,data/raw/rrc/rrc_0_pixel8_pixel8-0-run02-20260809T090808_4.json,2026-08-08T21:13:41.304644+00:00,True,1.219
pixel8-0-run02-20260809T090808,pixel8,0,3,data/raw/0/capture_0_pixel8_pixel8-0-run02-20260809T090808_3.pcap,data/raw/rrc/rrc_0_pixel8_pixel8-0-run02-20260809T090808_5.json,2026-08-08T21:13:56.494856+00:00,True,1.063
pixel8-0-run02-20260809T090808,pixel8,0,4,data/raw/0/capture_0_pixel8_pixel8-0-run02-20260809T090808_4.pcap,data/raw/rrc/rrc_0_pixel8_pixel8-0-run02-20260809T090808_6.json,2026-08-08T21:14:11.944554+00:00,True,0.601
pixel8-0-run02-20260809T090808,pixel8,0,5,data/raw/0/capture_0_pixel8_pixel8-0-run02-20260809T090808_5.pcap,data/raw/rrc/rrc_0_pixel8_pixel8-0-run02-20260809T090808_7.json,2026-08-08T21:14:27.404900+00:00,True,0.592
pixel8-0-run02-20260809T090808,pixel8,0,6,data/raw/0/capture_0_pixel8_pixel8-0-run02-20260809T090808_6.pcap,data/raw/rrc/rrc_0_pixel8_pixel8-0-run02-20260809T090808_8.json,2026-08-08T21:14:42.839598+00:00,True,0.587
pixel8-0-run02-20260809T090808,pixel8,0,7,data/raw/0/capture_0_pixel8_pixel8-0-run02-20260809T090808_7.pcap,data/raw/rrc/rrc_0_pixel8_pixel8-0-run02-20260809T090808_9.json,2026-08-08T21:14:58.262099+00:00,True,1.135
pixel8-0-run02-20260809T090808,pixel8,0,8,data/raw/0/capture_0_pixel8_pixel8-0-run02-20260809T090808_8.pcap,data/raw/rrc/rrc_0_pixel8_pixel8-0-run02-20260809T090808_10.json,2026-08-08T21:15:13.518536+00:00,True,0.994
pixel8-0-run02-20260809T090808,pixel8,0,9,data/raw/0/capture_0_pixel8_pixel8-0-run02-20260809T090808_9.pcap,data/raw/rrc/rrc_0_pixel8_pixel8-0-run02-20260809T090808_11.json,2026-08-08T21:15:29.037449+00:00,True,0.564
pixel8-0-run02-20260809T090808,pixel8,0,10,data/raw/0/capture_0_pixel8_pixel8-0-run02-20260809T090808_10.pcap,data/raw/rrc/rrc_0_pixel8_pixel8-0-run02-20260809T090808_12.json,2026-08-08T21:15:44.252538+00:00,True,0.677
pixel8-0-run02-20260809T090808,pixel8,0,11,data/raw/0/capture_0_pixel8_pixel8-0-run02-20260809T090808_11.pcap,data/raw/rrc/rrc_0_pixel8_pixel8-0-run02-20260809T090808_13.json,2026-08-08T21:15:59.813066+00:00,True,0.994
pixel8-0-run02-20260809T090808,pixel8,0,12,data/raw/0/capture_0_pixel8_pixel8-0-run02-20260809T090808_12.pcap,data/raw/rrc/rrc_0_pixel8_pixel8-0-run02-20260809T090808_14.json,2026-08-08T21:16:14.932882+00:00,True,0.477
pixel8-0-run02-20260809T090808,pixel8,0,13,data/raw/0/capture_0_pixel8_pixel8-0-run02-20260809T090808_13.pcap,data/raw/rrc/rrc_0_pixel8_pixel8-0-run02-20260809T090808_15.json,2026-08-08T21:16:30.069322+00:00,True,0.598
pixel8-0-run02-20260809T090808,pixel8,0,14,data/raw/0/capture_0_pixel8_pixel8-0-run02-20260809T090808_14.pcap,data/raw/rrc/rrc_0_pixel8_pixel8-0-run02-20260809T090808_16.json,2026-08-08T21:16:45.238178+00:00,True,1.164
pixel8-0-run02-20260809T090808,pixel8,0,15,data/raw/0/capture_0_pixel8_pixel8-0-run02-20260809T090808_15.pcap,data/raw/rrc/rrc_0_pixel8_pixel8-0-run02-20260809T090808_17.json,2026-08-08T21:17:00.388641+00:00,True,1.293
pixel8-0-run02-20260809T090808,pixel8,0,16,data/raw/0/capture_0_pixel8_pixel8-0-run02-20260809T090808_16.pcap,data/raw/rrc/rrc_0_pixel8_pixel8-0-run02-20260809T090808_18.json,2026-08-08T21:17:15.932186+00:00,True,1.198
pixel8-0-run02-20260809T090808,pixel8,0,17,data/raw/0/capture_0_pixel8_pixel8-0-run02-20260809T090808_17.pcap,data/raw/rrc/rrc_0_pixel8_pixel8-0-run02-20260809T090808_19.json,2026-08-08T21:17:31.038055+00:00,True,0.906
pixel8-0-run02-20260809T090808,pixel8,0,18,data/raw/0/capture_0_pixel8_pixel8-0-run02-20260809T090808_18.pcap,data/raw/rrc/rrc_0_pixel8_pixel8-0-run02-20260809T090808_20.json,2026-08-08T21:17:46.445176+00:00,True,0.613
pixel8-0-run02-20260809T090808,pixel8,0,19,data/raw/0/capture_0_pixel8_pixel8-0-run02-20260809T090808_19.pcap,data/raw/rrc/rrc_0_pixel8_pixel8-0-run02-20260809T090808_21.json,2026-08-08T21:18:01.915848+00:00,True,1.161
pixel8-0-run02-20260809T090808,pixel8,0,20,data/raw/0/capture_0_pixel8_pixel8-0-run02-20260809T090808_20.pcap,data/raw/rrc/rrc_0_pixel8_pixel8-0-run02-20260809T090808_22.json,2026-08-08T21:18:17.198227+00:00,True,0.565
pixel8-0-run03-20260809T090808,pixel8,0,1,data/raw/0/capture_0_pixel8_pixel8-0-run03-20260809T090808_1.pcap,data/raw/rrc/rrc_0_pixel8_pixel8-0-run03-20260809T090808_1.json,2026-08-08T21:18:32.646939+00:00,True,0.593
pixel8-0-run03-20260809T090808,pixel8,0,2,data/raw/0/capture_0_pixel8_pixel8-0-run03-20260809T090808_2.pcap,data/raw/rrc/rrc_0_pixel8_pixel8-0-run03-20260809T090808_2.json,2026-08-08T21:18:48.209608+00:00,True,0.898
pixel8-0-run03-20260809T090808,pixel8,0,3,data/raw/0/capture_0_pixel8_pixel8-0-run03-20260809T090808_3.pcap,data/raw/rrc/rrc_0_pixel8_pixel8-0-run03-20260809T090808_3.json,2026-08-08T21:19:03.521768+00:00,True,0.612
pixel8-0-run03-20260809T090808,pixel8,0,4,data/raw/0/capture_0_pixel8_pixel8-0-run03-20260809T090808_4.pcap,data/raw/rrc/rrc_0_pixel8_pixel8-0-run03-20260809T090808_4.json,2026-08-08T21:19:18.857077+00:00,True,1.042
pixel8-0-run03-20260809T090808,pixel8,0,5,data/raw/0/capture_0_pixel8_pixel8-0-run03-20260809T090808_5.pcap,data/raw/rrc/rrc_0_pixel8_pixel8-0-run03-20260809T090808_5.json,2026-08-08T21:19:34.439211+00:00,True,0.999
pixel8-0-run03-20260809T090808,pixel8,0,6,data/raw/0/capture_0_pixel8_pixel8-0-run03-20260809T090808_6.pcap,data/raw/rrc/rrc_0_pixel8_pixel8-0-run03-20260809T090808_6.json,2026-08-08T21:19:49.769608+00:00,True,1.185
pixel8-0-run03-20260809T090808,pixel8,0,7,data/raw/0/capture_0_pixel8_pixel8-0-run03-20260809T090808_7.pcap,data/raw/rrc/rrc_0_pixel8_pixel8-0-run03-20260809T090808_7.json,2026-08-08T21:20:05.039757+00:00,True,0.588
pixel8-0-run03-20260809T090808,pixel8,0,8,data/raw/0/capture_0_pixel8_pixel8-0-run03-20260809T090808_8.pcap,data/raw/rrc/rrc_0_pixel8_pixel8-0-run03-20260809T090808_8.json,2026-08-08T21:20:20.379471+00:00,True,1.078
pixel8-0-run03-20260809T090808,pixel8,0,9,data/raw/0/capture_0_pixel8_pixel8-0-run03-20260809T090808_9.pcap,data/raw/rrc/rrc_0_pixel8_pixel8-0-run03-20260809T090808_9.json,2026-08-08T21:20:35.639610+00:00,True,1.195
pixel8-0-run03-20260809T090808,pixel8,0,10,data/raw/0/capture_0_pixel8_pixel8-0-run03-20260809T090808_10.pcap,data/raw/rrc/rrc_0_pixel8_pixel8-0-run03-20260809T090808_10.json,2026-08-08T21:20:51.284728+00:00,True,0.599
pixel8-0-run03-20260809T090808,pixel8,0,11,data/raw/0/capture_0_pixel8_pixel8-0-run03-20260809T090808_11.pcap,data/raw/rrc/rrc_0_pixel8_pixel8-0-run03-20260809T090808_11.json,2026-08-08T21:21:06.636082+00:00,True,0.695
pixel8-0-run03-20260809T090808,pixel8,0,12,data/raw/0/capture_0_pixel8_pixel8-0-run03-20260809T090808_12.pcap,data/raw/rrc/rrc_0_pixel8_pixel8-0-run03-20260809T090808_12.json,2026-08-08T21:21:22.154883+00:00,True,0.648
pixel8-0-run03-20260809T090808,pixel8,0,13,data/raw/0/capture_0_pixel8_pixel8-0-run03-20260809T090808_13.pcap,data/raw/rrc/rrc_0_pixel8_pixel8-0-run03-20260809T090808_13.json,2026-08-08T21:21:37.501079+00:00,True,1.074
pixel8-0-run03-20260809T090808,pixel8,0,14,data/raw/0/capture_0_pixel8_pixel8-0-run03-20260809T090808_14.pcap,data/raw/rrc/rrc_0_pixel8_pixel8-0-run03-20260809T090808_14.json,2026-08-08T21:21:52.828187+00:00,True,0.596
pixel8-0-run03-20260809T090808,pixel8,0,15,data/raw/0/capture_0_pixel8_pixel8-0-run03-20260809T090808_15.pcap,data/raw/rrc/rrc_0_pixel8_pixel8-0-run03-20260809T090808_15.json,2026-08-08T21:22:08.206034+00:00,True,1.419
pixel8-0-run03-20260809T090808,pixel8,0,16,data/raw/0/capture_0_pixel8_pixel8-0-run03-20260809T090808_16.pcap,data/raw/rrc/rrc_0_pixel8_pixel8-0-run03-20260809T090808_16.json,2026-08-08T21:22:23.880891+00:00,True,0.645
pixel8-0-run03-20260809T090808,pixel8,0,17,data/raw/0/capture_0_pixel8_pixel8-0-run03-20260809T090808_17.pcap,data/raw/rrc/rrc_0_pixel8_pixel8-0-run03-20260809T090808_17.json,2026-08-08T21:22:39.305965+00:00,True,1.156
pixel8-0-run03-20260809T090808,pixel8,0,18,data/raw/0/capture_0_pixel8_pixel8-0-run03-20260809T090808_18.pcap,data/raw/rrc/rrc_0_pixel8_pixel8-0-run03-20260809T090808_18.json,2026-08-08T21:22:54.940160+00:00,True,0.723
pixel8-0-run03-20260809T090808,pixel8,0,19,data/raw/0/capture_0_pixel8_pixel8-0-run03-20260809T090808_19.pcap,data/raw/rrc/rrc_0_pixel8_pixel8-0-run03-20260809T090808_19.json,2026-08-08T21:23:10.608476+00:00,True,0.870
pixel8-0-run03-20260809T090808,pixel8,0,20,data/raw/0/capture_0_pixel8_pixel8-0-run03-20260809T090808_20.pcap,data/raw/rrc/rrc_0_pixel8_pixel8-0-run03-20260809T090808_20.json,2026-08-08T21:23:26.054502+00:00,True,0.893
pixel8-0-run04-20260809T090808,pixel8,0,1,data/raw/0/capture_0_pixel8_pixel8-0-run04-20260809T090808_1.pcap,data/raw/rrc/rrc_0_pixel8_pixel8-0-run04-20260809T090808_1.json,2026-08-08T21:23:41.411978+00:00,True,0.750
pixel8-0-run04-20260809T090808,pixel8,0,2,data/raw/0/capture_0_pixel8_pixel8-0-run04-20260809T090808_2.pcap,data/raw/rrc/rrc_0_pixel8_pixel8-0-run04-20260809T090808_2.json,2026-08-08T21:23:57.026013+00:00,True,1.197
pixel8-0-run04-20260809T090808,pixel8,0,3,data/raw/0/capture_0_pixel8_pixel8-0-run04-20260809T090808_3.pcap,data/raw/rrc/rrc_0_pixel8_pixel8-0-run04-20260809T090808_3.json,2026-08-08T21:24:12.719592+00:00,True,0.999
pixel8-0-run04-20260809T090808,pixel8,0,4,data/raw/0/capture_0_pixel8_pixel8-0-run04-20260809T090808_4.pcap,data/raw/rrc/rrc_0_pixel8_pixel8-0-run04-20260809T090808_4.json,2026-08-08T21:24:28.149310+00:00,True,0.669
pixel8-0-run04-20260809T090808,pixel8,0,5,data/raw/0/capture_0_pixel8_pixel8-0-run04-20260809T090808_5.pcap,data/raw/rrc/rrc_0_pixel8_pixel8-0-run04-20260809T090808_5.json,2026-08-08T21:24:43.743903+00:00,True,1.152
pixel8-0-run04-20260809T090808,pixel8,0,6,data/raw/0/capture_0_pixel8_pixel8-0-run04-20260809T090808_6.pcap,data/raw/rrc/rrc_0_pixel8_pixel8-0-run04-20260809T090808_6.json,2026-08-08T21:24:59.492321+00:00,True,1.039
pixel8-0-run04-20260809T090808,pixel8,0,7,data/raw/0/capture_0_pixel8_pixel8-0-run04-20260809T090808_7.pcap,data/raw/rrc/rrc_0_pixel8_pixel8-0-run04-20260809T090808_7.json,2026-08-08T21:25:14.761617+00:00,True,0.585
pixel8-0-run04-20260809T090808,pixel8,0,8,data/raw/0/capture_0_pixel8_pixel8-0-run04-20260809T090808_8.pcap,data/raw/rrc/rrc_0_pixel8_pixel8-0-run04-20260809T090808_8.json,2026-08-08T21:25:30.065012+00:00,True,1.862
pixel8-0-run04-20260809T090808,pixel8,0,9,data/raw/0/capture_0_pixel8_pixel8-0-run04-20260809T090808_9.pcap,data/raw/rrc/rrc_0_pixel8_pixel8-0-run04-20260809T090808_9.json,2026-08-08T21:25:45.469665+00:00,True,0.607
pixel8-0-run04-20260809T090808,pixel8,0,10,data/raw/0/capture_0_pixel8_pixel8-0-run04-20260809T090808_10.pcap,data/raw/rrc/rrc_0_pixel8_pixel8-0-run04-20260809T090808_10.json,2026-08-08T21:25:57.920890+00:00,True,0.395
pixel8-0-run04-20260809T090808,pixel8,0,11,data/raw/0/capture_0_pixel8_pixel8-0-run04-20260809T090808_11.pcap,data/raw/rrc/rrc_0_pixel8_pixel8-0-run04-20260809T090808_12.json,2026-08-08T21:26:04.155426+00:00,True,0.438
pixel8-0-run04-20260809T090808,pixel8,0,12,data/raw/0/capture_0_pixel8_pixel8-0-run04-20260809T090808_12.pcap,data/raw/rrc/rrc_0_pixel8_pixel8-0-run04-20260809T090808_14.json,2026-08-08T21:26:19.954608+00:00,True,0.604
pixel8-0-run04-20260809T090808,pixel8,0,13,data/raw/0/capture_0_pixel8_pixel8-0-run04-20260809T090808_13.pcap,data/raw/rrc/rrc_0_pixel8_pixel8-0-run04-20260809T090808_16.json,2026-08-08T21:26:35.377086+00:00,True,1.162
pixel8-0-run04-20260809T090808,pixel8,0,14,data/raw/0/capture_0_pixel8_pixel8-0-run04-20260809T090808_14.pcap,data/raw/rrc/rrc_0_pixel8_pixel8-0-run04-20260809T090808_18.json,2026-08-08T21:26:50.840616+00:00,True,0.610
pixel8-0-run04-20260809T090808,pixel8,0,15,data/raw/0/capture_0_pixel8_pixel8-0-run04-20260809T090808_15.pcap,data/raw/rrc/rrc_0_pixel8_pixel8-0-run04-20260809T090808_20.json,2026-08-08T21:27:06.280665+00:00,True,0.529
pixel8-0-run04-20260809T090808,pixel8,0,16,data/raw/0/capture_0_pixel8_pixel8-0-run04-20260809T090808_16.pcap,data/raw/rrc/rrc_0_pixel8_pixel8-0-run04-20260809T090808_21.json,2026-08-08T21:27:22.108789+00:00,True,1.057
pixel8-0-run04-20260809T090808,pixel8,0,17,data/raw/0/capture_0_pixel8_pixel8-0-run04-20260809T090808_17.pcap,data/raw/rrc/rrc_0_pixel8_pixel8-0-run04-20260809T090808_22.json,2026-08-08T21:27:37.858163+00:00,True,1.228
pixel8-0-run04-20260809T090808,pixel8,0,18,data/raw/0/capture_0_pixel8_pixel8-0-run04-20260809T090808_18.pcap,data/raw/rrc/rrc_0_pixel8_pixel8-0-run04-20260809T090808_23.json,2026-08-08T21:27:53.797425+00:00,True,0.245
pixel8-0-run04-20260809T090808,pixel8,0,19,data/raw/0/capture_0_pixel8_pixel8-0-run04-20260809T090808_19.pcap,data/raw/rrc/rrc_0_pixel8_pixel8-0-run04-20260809T090808_24.json,2026-08-08T21:28:09.506859+00:00,True,1.103
pixel8-0-run04-20260809T090808,pixel8,0,20,data/raw/0/capture_0_pixel8_pixel8-0-run04-20260809T090808_20.pcap,data/raw/rrc/rrc_0_pixel8_pixel8-0-run04-20260809T090808_25.json,2026-08-08T21:28:25.279386+00:00,True,0.262
pixel8-0-run05-20260809T090808,pixel8,0,1,data/raw/0/capture_0_pixel8_pixel8-0-run05-20260809T090808_1.pcap,data/raw/rrc/rrc_0_pixel8_pixel8-0-run05-20260809T090808_1.json,2026-08-08T21:28:41.046642+00:00,True,0.582
pixel8-0-run05-20260809T090808,pixel8,0,2,data/raw/0/capture_0_pixel8_pixel8-0-run05-20260809T090808_2.pcap,data/raw/rrc/rrc_0_pixel8_pixel8-0-run05-20260809T090808_2.json,2026-08-08T21:28:56.887057+00:00,True,0.607
pixel8-0-run05-20260809T090808,pixel8,0,3,data/raw/0/capture_0_pixel8_pixel8-0-run05-20260809T090808_3.pcap,data/raw/rrc/rrc_0_pixel8_pixel8-0-run05-20260809T090808_3.json,2026-08-08T21:29:12.423636+00:00,True,0.632
pixel8-0-run05-20260809T090808,pixel8,0,4,data/raw/0/capture_0_pixel8_pixel8-0-run05-20260809T090808_4.pcap,data/raw/rrc/rrc_0_pixel8_pixel8-0-run05-20260809T090808_4.json,2026-08-08T21:29:28.143622+00:00,True,0.776
pixel8-0-run05-20260809T090808,pixel8,0,5,data/raw/0/capture_0_pixel8_pixel8-0-run05-20260809T090808_5.pcap,data/raw/rrc/rrc_0_pixel8_pixel8-0-run05-20260809T090808_5.json,2026-08-08T21:29:43.932906+00:00,True,0.598
pixel8-0-run05-20260809T090808,pixel8,0,6,data/raw/0/capture_0_pixel8_pixel8-0-run05-20260809T090808_6.pcap,data/raw/rrc/rrc_0_pixel8_pixel8-0-run05-20260809T090808_6.json,2026-08-08T21:29:59.678334+00:00,True,1.123
pixel8-0-run05-20260809T090808,pixel8,0,7,data/raw/0/capture_0_pixel8_pixel8-0-run05-20260809T090808_7.pcap,data/raw/rrc/rrc_0_pixel8_pixel8-0-run05-20260809T090808_7.json,2026-08-08T21:30:15.483789+00:00,True,1.550
pixel8-0-run05-20260809T090808,pixel8,0,8,data/raw/0/capture_0_pixel8_pixel8-0-run05-20260809T090808_8.pcap,data/raw/rrc/rrc_0_pixel8_pixel8-0-run05-20260809T090808_8.json,2026-08-08T21:30:31.094382+00:00,True,1.714
pixel8-0-run05-20260809T090808,pixel8,0,9,data/raw/0/capture_0_pixel8_pixel8-0-run05-20260809T090808_9.pcap,data/raw/rrc/rrc_0_pixel8_pixel8-0-run05-20260809T090808_9.json,2026-08-08T21:30:46.975618+00:00,True,0.599
pixel8-0-run05-20260809T090808,pixel8,0,10,data/raw/0/capture_0_pixel8_pixel8-0-run05-20260809T090808_10.pcap,data/raw/rrc/rrc_0_pixel8_pixel8-0-run05-20260809T090808_10.json,2026-08-08T21:31:02.809372+00:00,True,1.079
pixel8-0-run05-20260809T090808,pixel8,0,11,data/raw/0/capture_0_pixel8_pixel8-0-run05-20260809T090808_11.pcap,data/raw/rrc/rrc_0_pixel8_pixel8-0-run05-20260809T090808_11.json,2026-08-08T21:31:18.609137+00:00,True,1.033
pixel8-0-run05-20260809T090808,pixel8,0,12,data/raw/0/capture_0_pixel8_pixel8-0-run05-20260809T090808_12.pcap,data/raw/rrc/rrc_0_pixel8_pixel8-0-run05-20260809T090808_13.json,2026-08-08T21:31:34.136959+00:00,True,1.254
pixel8-0-run05-20260809T090808,pixel8,0,13,data/raw/0/capture_0_pixel8_pixel8-0-run05-20260809T090808_13.pcap,data/raw/rrc/rrc_0_pixel8_pixel8-0-run05-20260809T090808_15.json,2026-08-08T21:31:50.085790+00:00,True,0.588
pixel8-0-run05-20260809T090808,pixel8,0,14,data/raw/0/capture_0_pixel8_pixel8-0-run05-20260809T090808_14.pcap,data/raw/rrc/rrc_0_pixel8_pixel8-0-run05-20260809T090808_17.json,2026-08-08T21:32:05.881433+00:00,True,0.612
pixel8-0-run05-20260809T090808,pixel8,0,15,data/raw/0/capture_0_pixel8_pixel8-0-run05-20260809T090808_15.pcap,data/raw/rrc/rrc_0_pixel8_pixel8-0-run05-20260809T090808_19.json,2026-08-08T21:32:21.966707+00:00,True,0.621
pixel8-0-run05-20260809T090808,pixel8,0,16,data/raw/0/capture_0_pixel8_pixel8-0-run05-20260809T090808_16.pcap,data/raw/rrc/rrc_0_pixel8_pixel8-0-run05-20260809T090808_21.json,2026-08-08T21:32:37.799260+00:00,True,0.584
pixel8-0-run05-20260809T090808,pixel8,0,17,data/raw/0/capture_0_pixel8_pixel8-0-run05-20260809T090808_17.pcap,data/raw/rrc/rrc_0_pixel8_pixel8-0-run05-20260809T090808_22.json,2026-08-08T21:32:53.581501+00:00,True,0.587
pixel8-0-run05-20260809T090808,pixel8,0,18,data/raw/0/capture_0_pixel8_pixel8-0-run05-20260809T090808_18.pcap,data/raw/rrc/rrc_0_pixel8_pixel8-0-run05-20260809T090808_23.json,2026-08-08T21:33:09.431001+00:00,True,0.998
pixel8-0-run05-20260809T090808,pixel8,0,19,data/raw/0/capture_0_pixel8_pixel8-0-run05-20260809T090808_19.pcap,data/raw/rrc/rrc_0_pixel8_pixel8-0-run05-20260809T090808_24.json,2026-08-08T21:33:25.282345+00:00,True,0.666
pixel8-0-run05-20260809T090808,pixel8,0,20,data/raw/0/capture_0_pixel8_pixel8-0-run05-20260809T090808_20.pcap,data/raw/rrc/rrc_0_pixel8_pixel8-0-run05-20260809T090808_25.json,2026-08-08T21:33:41.143981+00:00,True,1.074
pixel8-1-run01-20260809T093353,pixel8,1,1,data/raw/1/capture_1_pixel8_pixel8-1-run01-20260809T093353_1.pcap,data/raw/rrc/rrc_1_pixel8_pixel8-1-run01-20260809T093353_2.json,2026-08-08T21:34:19.143001+00:00,True,0.713
pixel8-1-run01-20260809T095301,pixel8,1,1,data/raw/1/capture_1_pixel8_pixel8-1-run01-20260809T095301_1.pcap,data/raw/rrc/rrc_1_pixel8_pixel8-1-run01-20260809T095301_2.json,2026-08-08T21:53:24.840869+00:00,True,0.674
pixel8-1-run01-20260809T095301,pixel8,1,2,data/raw/1/capture_1_pixel8_pixel8-1-run01-20260809T095301_2.pcap,data/raw/rrc/rrc_1_pixel8_pixel8-1-run01-20260809T095301_4.json,2026-08-08T21:53:40.410431+00:00,True,1.129
pixel8-1-run01-20260809T095301,pixel8,1,3,data/raw/1/capture_1_pixel8_pixel8-1-run01-20260809T095301_3.pcap,data/raw/rrc/rrc_1_pixel8_pixel8-1-run01-20260809T095301_6.json,2026-08-08T21:53:56.298614+00:00,True,0.613
pixel8-1-run01-20260809T095301,pixel8,1,4,data/raw/1/capture_1_pixel8_pixel8-1-run01-20260809T095301_4.pcap,data/raw/rrc/rrc_1_pixel8_pixel8-1-run01-20260809T095301_8.json,2026-08-08T21:54:12.218493+00:00,True,1.098
pixel8-1-run01-20260809T095301,pixel8,1,5,data/raw/1/capture_1_pixel8_pixel8-1-run01-20260809T095301_5.pcap,data/raw/rrc/rrc_1_pixel8_pixel8-1-run01-20260809T095301_10.json,2026-08-08T21:54:28.222432+00:00,True,0.732
pixel8-1-run01-20260809T095301,pixel8,1,6,data/raw/1/capture_1_pixel8_pixel8-1-run01-20260809T095301_6.pcap,data/raw/rrc/rrc_1_pixel8_pixel8-1-run01-20260809T095301_12.json,2026-08-08T21:54:43.833598+00:00,True,0.273
pixel8-1-run01-20260809T095301,pixel8,1,7,data/raw/1/capture_1_pixel8_pixel8-1-run01-20260809T095301_7.pcap,data/raw/rrc/rrc_1_pixel8_pixel8-1-run01-20260809T095301_14.json,2026-08-08T21:54:59.449263+00:00,True,0.455
pixel8-1-run01-20260809T095301,pixel8,1,8,data/raw/1/capture_1_pixel8_pixel8-1-run01-20260809T095301_8.pcap,data/raw/rrc/rrc_1_pixel8_pixel8-1-run01-20260809T095301_16.json,2026-08-08T21:55:15.327348+00:00,True,1.041
pixel8-1-run01-20260809T095301,pixel8,1,9,data/raw/1/capture_1_pixel8_pixel8-1-run01-20260809T095301_9.pcap,data/raw/rrc/rrc_1_pixel8_pixel8-1-run01-20260809T095301_17.json,2026-08-08T21:55:31.317026+00:00,True,0.862
pixel8-1-run01-20260809T095301,pixel8,1,10,data/raw/1/capture_1_pixel8_pixel8-1-run01-20260809T095301_10.pcap,data/raw/rrc/rrc_1_pixel8_pixel8-1-run01-20260809T095301_19.json,2026-08-08T21:55:47.060474+00:00,True,1.012
pixel8-1-run01-20260809T095301,pixel8,1,11,data/raw/1/capture_1_pixel8_pixel8-1-run01-20260809T095301_11.pcap,data/raw/rrc/rrc_1_pixel8_pixel8-1-run01-20260809T095301_21.json,2026-08-08T21:56:03.030674+00:00,True,1.070
pixel8-1-run01-20260809T095301,pixel8,1,12,data/raw/1/capture_1_pixel8_pixel8-1-run01-20260809T095301_12.pcap,data/raw/rrc/rrc_1_pixel8_pixel8-1-run01-20260809T095301_23.json,2026-08-08T21:56:19.030184+00:00,True,0.534
pixel8-1-run01-20260809T095301,pixel8,1,13,data/raw/1/capture_1_pixel8_pixel8-1-run01-20260809T095301_13.pcap,data/raw/rrc/rrc_1_pixel8_pixel8-1-run01-20260809T095301_25.json,2026-08-08T21:56:35.120057+00:00,True,0.601
pixel8-1-run01-20260809T095301,pixel8,1,14,data/raw/1/capture_1_pixel8_pixel8-1-run01-20260809T095301_14.pcap,data/raw/rrc/rrc_1_pixel8_pixel8-1-run01-20260809T095301_27.json,2026-08-08T21:56:50.808193+00:00,True,0.641
pixel8-1-run01-20260809T095301,pixel8,1,15,data/raw/1/capture_1_pixel8_pixel8-1-run01-20260809T095301_15.pcap,data/raw/rrc/rrc_1_pixel8_pixel8-1-run01-20260809T095301_29.json,2026-08-08T21:57:06.582154+00:00,True,0.392
pixel8-1-run01-20260809T095301,pixel8,1,16,data/raw/1/capture_1_pixel8_pixel8-1-run01-20260809T095301_16.pcap,data/raw/rrc/rrc_1_pixel8_pixel8-1-run01-20260809T095301_31.json,2026-08-08T21:57:22.334340+00:00,True,0.711
pixel8-1-run01-20260809T095301,pixel8,1,17,data/raw/1/capture_1_pixel8_pixel8-1-run01-20260809T095301_17.pcap,data/raw/rrc/rrc_1_pixel8_pixel8-1-run01-20260809T095301_32.json,2026-08-08T21:57:39.629935+00:00,True,0.246
pixel8-1-run01-20260809T095301,pixel8,1,18,data/raw/1/capture_1_pixel8_pixel8-1-run01-20260809T095301_18.pcap,data/raw/rrc/rrc_1_pixel8_pixel8-1-run01-20260809T095301_33.json,2026-08-08T21:57:55.039414+00:00,True,0.732
pixel8-1-run01-20260809T095301,pixel8,1,19,data/raw/1/capture_1_pixel8_pixel8-1-run01-20260809T095301_19.pcap,data/raw/rrc/rrc_1_pixel8_pixel8-1-run01-20260809T095301_34.json,2026-08-08T21:58:10.768731+00:00,True,0.278
pixel8-1-run01-20260809T095301,pixel8,1,20,data/raw/1/capture_1_pixel8_pixel8-1-run01-20260809T095301_20.pcap,data/raw/rrc/rrc_1_pixel8_pixel8-1-run01-20260809T095301_35.json,2026-08-08T21:58:26.562438+00:00,True,1.078
pixel8-1-run02-20260809T095301,pixel8,1,1,data/raw/1/capture_1_pixel8_pixel8-1-run02-20260809T095301_1.pcap,data/raw/rrc/rrc_1_pixel8_pixel8-1-run02-20260809T095301_1.json,2026-08-08T21:58:42.639493+00:00,True,0.658
pixel8-1-run02-20260809T095301,pixel8,1,2,data/raw/1/capture_1_pixel8_pixel8-1-run02-20260809T095301_2.pcap,data/raw/rrc/rrc_1_pixel8_pixel8-1-run02-20260809T095301_2.json,2026-08-08T21:58:58.715677+00:00,True,1.058
pixel8-1-run02-20260809T095301,pixel8,1,3,data/raw/1/capture_1_pixel8_pixel8-1-run02-20260809T095301_3.pcap,data/raw/rrc/rrc_1_pixel8_pixel8-1-run02-20260809T095301_3.json,2026-08-08T21:59:14.989714+00:00,True,0.692
pixel8-1-run02-20260809T095301,pixel8,1,4,data/raw/1/capture_1_pixel8_pixel8-1-run02-20260809T095301_4.pcap,data/raw/rrc/rrc_1_pixel8_pixel8-1-run02-20260809T095301_4.json,2026-08-08T21:59:24.187758+00:00,True,1.195
pixel8-1-run02-20260809T095301,pixel8,1,5,data/raw/1/capture_1_pixel8_pixel8-1-run02-20260809T095301_5.pcap,data/raw/rrc/rrc_1_pixel8_pixel8-1-run02-20260809T095301_5.json,2026-08-08T21:59:31.984123+00:00,True,1.224
pixel8-1-run02-20260809T095301,pixel8,1,6,data/raw/1/capture_1_pixel8_pixel8-1-run02-20260809T095301_6.pcap,data/raw/rrc/rrc_1_pixel8_pixel8-1-run02-20260809T095301_6.json,2026-08-08T22:00:01.198560+00:00,True,0.596
pixel8-1-run02-20260809T095301,pixel8,1,7,data/raw/1/capture_1_pixel8_pixel8-1-run02-20260809T095301_7.pcap,data/raw/rrc/rrc_1_pixel8_pixel8-1-run02-20260809T095301_7.json,2026-08-08T22:00:17.713140+00:00,True,0.653
pixel8-1-run02-20260809T095301,pixel8,1,8,data/raw/1/capture_1_pixel8_pixel8-1-run02-20260809T095301_8.pcap,data/raw/rrc/rrc_1_pixel8_pixel8-1-run02-20260809T095301_8.json,2026-08-08T22:00:33.711551+00:00,True,0.631
pixel8-1-run02-20260809T095301,pixel8,1,9,data/raw/1/capture_1_pixel8_pixel8-1-run02-20260809T095301_9.pcap,data/raw/rrc/rrc_1_pixel8_pixel8-1-run02-20260809T095301_9.json,2026-08-08T22:00:49.495106+00:00,True,0.662
pixel8-1-run02-20260809T095301,pixel8,1,10,data/raw/1/capture_1_pixel8_pixel8-1-run02-20260809T095301_10.pcap,data/raw/rrc/rrc_1_pixel8_pixel8-1-run02-20260809T095301_10.json,2026-08-08T22:01:05.356723+00:00,True,0.685
pixel8-1-run02-20260809T095301,pixel8,1,11,data/raw/1/capture_1_pixel8_pixel8-1-run02-20260809T095301_11.pcap,data/raw/rrc/rrc_1_pixel8_pixel8-1-run02-20260809T095301_11.json,2026-08-08T22:01:21.169897+00:00,True,1.123
pixel8-1-run02-20260809T095301,pixel8,1,12,data/raw/1/capture_1_pixel8_pixel8-1-run02-20260809T095301_12.pcap,data/raw/rrc/rrc_1_pixel8_pixel8-1-run02-20260809T095301_12.json,2026-08-08T22:01:37.005914+00:00,True,1.157
pixel8-1-run02-20260809T095301,pixel8,1,13,data/raw/1/capture_1_pixel8_pixel8-1-run02-20260809T095301_13.pcap,data/raw/rrc/rrc_1_pixel8_pixel8-1-run02-20260809T095301_13.json,2026-08-08T22:01:52.940091+00:00,True,1.043
pixel8-1-run02-20260809T095301,pixel8,1,14,data/raw/1/capture_1_pixel8_pixel8-1-run02-20260809T095301_14.pcap,data/raw/rrc/rrc_1_pixel8_pixel8-1-run02-20260809T095301_14.json,2026-08-08T22:02:08.952902+00:00,True,1.074
pixel8-1-run02-20260809T095301,pixel8,1,15,data/raw/1/capture_1_pixel8_pixel8-1-run02-20260809T095301_15.pcap,data/raw/rrc/rrc_1_pixel8_pixel8-1-run02-20260809T095301_15.json,2026-08-08T22:02:24.810069+00:00,True,1.129
pixel8-1-run02-20260809T095301,pixel8,1,16,data/raw/1/capture_1_pixel8_pixel8-1-run02-20260809T095301_16.pcap,data/raw/rrc/rrc_1_pixel8_pixel8-1-run02-20260809T095301_16.json,2026-08-08T22:02:41.885757+00:00,True,0.960
pixel8-1-run02-20260809T095301,pixel8,1,17,data/raw/1/capture_1_pixel8_pixel8-1-run02-20260809T095301_17.pcap,data/raw/rrc/rrc_1_pixel8_pixel8-1-run02-20260809T095301_17.json,2026-08-08T22:03:09.254671+00:00,True,1.119
pixel8-1-run02-20260809T095301,pixel8,1,18,data/raw/1/capture_1_pixel8_pixel8-1-run02-20260809T095301_18.pcap,data/raw/rrc/rrc_1_pixel8_pixel8-1-run02-20260809T095301_18.json,2026-08-08T22:03:25.200566+00:00,True,1.150
pixel8-1-run02-20260809T095301,pixel8,1,19,data/raw/1/capture_1_pixel8_pixel8-1-run02-20260809T095301_19.pcap,data/raw/rrc/rrc_1_pixel8_pixel8-1-run02-20260809T095301_19.json,2026-08-08T22:03:41.111628+00:00,True,1.038
pixel8-1-run02-20260809T095301,pixel8,1,20,data/raw/1/capture_1_pixel8_pixel8-1-run02-20260809T095301_20.pcap,data/raw/rrc/rrc_1_pixel8_pixel8-1-run02-20260809T095301_20.json,2026-08-08T22:03:57.025899+00:00,True,0.806
pixel8-1-run03-20260809T095301,pixel8,1,1,data/raw/1/capture_1_pixel8_pixel8-1-run03-20260809T095301_1.pcap,data/raw/rrc/rrc_1_pixel8_pixel8-1-run03-20260809T095301_1.json,2026-08-08T22:04:12.990978+00:00,True,1.244
pixel8-1-run03-20260809T095301,pixel8,1,2,data/raw/1/capture_1_pixel8_pixel8-1-run03-20260809T095301_2.pcap,data/raw/rrc/rrc_1_pixel8_pixel8-1-run03-20260809T095301_2.json,2026-08-08T22:04:42.569654+00:00,True,1.151
pixel8-1-run03-20260809T095301,pixel8,1,3,data/raw/1/capture_1_pixel8_pixel8-1-run03-20260809T095301_3.pcap,data/raw/rrc/rrc_1_pixel8_pixel8-1-run03-20260809T095301_3.json,2026-08-08T22:04:58.468147+00:00,True,0.633
pixel8-1-run03-20260809T095301,pixel8,1,4,data/raw/1/capture_1_pixel8_pixel8-1-run03-20260809T095301_4.pcap,data/raw/rrc/rrc_1_pixel8_pixel8-1-run03-20260809T095301_4.json,2026-08-08T22:05:14.486099+00:00,True,1.126
pixel8-1-run03-20260809T095301,pixel8,1,5,data/raw/1/capture_1_pixel8_pixel8-1-run03-20260809T095301_5.pcap,data/raw/rrc/rrc_1_pixel8_pixel8-1-run03-20260809T095301_5.json,2026-08-08T22:05:30.400734+00:00,True,1.722
pixel8-1-run03-20260809T095301,pixel8,1,6,data/raw/1/capture_1_pixel8_pixel8-1-run03-20260809T095301_6.pcap,data/raw/rrc/rrc_1_pixel8_pixel8-1-run03-20260809T095301_6.json,2026-08-08T22:05:46.457057+00:00,True,0.598
pixel8-1-run03-20260809T095301,pixel8,1,7,data/raw/1/capture_1_pixel8_pixel8-1-run03-20260809T095301_7.pcap,data/raw/rrc/rrc_1_pixel8_pixel8-1-run03-20260809T095301_7.json,2026-08-08T22:06:02.385049+00:00,True,0.612
pixel8-1-run03-20260809T095301,pixel8,1,8,data/raw/1/capture_1_pixel8_pixel8-1-run03-20260809T095301_8.pcap,data/raw/rrc/rrc_1_pixel8_pixel8-1-run03-20260809T095301_8.json,2026-08-08T22:06:18.253899+00:00,True,1.797
pixel8-1-run03-20260809T095301,pixel8,1,9,data/raw/1/capture_1_pixel8_pixel8-1-run03-20260809T095301_9.pcap,data/raw/rrc/rrc_1_pixel8_pixel8-1-run03-20260809T095301_9.json,2026-08-08T22:06:34.533043+00:00,True,1.120
pixel8-1-run03-20260809T095301,pixel8,1,10,data/raw/1/capture_1_pixel8_pixel8-1-run03-20260809T095301_10.pcap,data/raw/rrc/rrc_1_pixel8_pixel8-1-run03-20260809T095301_10.json,2026-08-08T22:06:50.589391+00:00,True,1.077
pixel8-1-run03-20260809T095301,pixel8,1,11,data/raw/1/capture_1_pixel8_pixel8-1-run03-20260809T095301_11.pcap,data/raw/rrc/rrc_1_pixel8_pixel8-1-run03-20260809T095301_11.json,2026-08-08T22:07:06.691759+00:00,True,1.065
pixel8-1-run03-20260809T095301,pixel8,1,12,data/raw/1/capture_1_pixel8_pixel8-1-run03-20260809T095301_12.pcap,data/raw/rrc/rrc_1_pixel8_pixel8-1-run03-20260809T095301_12.json,2026-08-08T22:07:22.998938+00:00,True,0.624
pixel8-1-run03-20260809T095301,pixel8,1,13,data/raw/1/capture_1_pixel8_pixel8-1-run03-20260809T095301_13.pcap,data/raw/rrc/rrc_1_pixel8_pixel8-1-run03-20260809T095301_13.json,2026-08-08T22:07:39.409496+00:00,True,0.267
pixel8-1-run03-20260809T095301,pixel8,1,14,data/raw/1/capture_1_pixel8_pixel8-1-run03-20260809T095301_14.pcap,data/raw/rrc/rrc_1_pixel8_pixel8-1-run03-20260809T095301_14.json,2026-08-08T22:07:55.292911+00:00,True,1.167
pixel8-1-run03-20260809T095301,pixel8,1,15,data/raw/1/capture_1_pixel8_pixel8-1-run03-20260809T095301_15.pcap,data/raw/rrc/rrc_1_pixel8_pixel8-1-run03-20260809T095301_15.json,2026-08-08T22:08:11.271014+00:00,True,0.378
pixel8-1-run03-20260809T095301,pixel8,1,16,data/raw/1/capture_1_pixel8_pixel8-1-run03-20260809T095301_16.pcap,data/raw/rrc/rrc_1_pixel8_pixel8-1-run03-20260809T095301_16.json,2026-08-08T22:08:27.204603+00:00,True,0.660
pixel8-1-run03-20260809T095301,pixel8,1,17,data/raw/1/capture_1_pixel8_pixel8-1-run03-20260809T095301_17.pcap,data/raw/rrc/rrc_1_pixel8_pixel8-1-run03-20260809T095301_17.json,2026-08-08T22:08:43.251085+00:00,True,0.655
pixel8-1-run03-20260809T095301,pixel8,1,18,data/raw/1/capture_1_pixel8_pixel8-1-run03-20260809T095301_18.pcap,data/raw/rrc/rrc_1_pixel8_pixel8-1-run03-20260809T095301_18.json,2026-08-08T22:08:59.318305+00:00,True,0.422
pixel8-1-run03-20260809T095301,pixel8,1,19,data/raw/1/capture_1_pixel8_pixel8-1-run03-20260809T095301_19.pcap,data/raw/rrc/rrc_1_pixel8_pixel8-1-run03-20260809T095301_19.json,2026-08-08T22:09:15.398074+00:00,True,1.383
pixel8-1-run03-20260809T095301,pixel8,1,20,data/raw/1/capture_1_pixel8_pixel8-1-run03-20260809T095301_20.pcap,data/raw/rrc/rrc_1_pixel8_pixel8-1-run03-20260809T095301_20.json,2026-08-08T22:09:31.604702+00:00,True,0.635
pixel8-1-run04-20260809T095301,pixel8,1,1,data/raw/1/capture_1_pixel8_pixel8-1-run04-20260809T095301_1.pcap,data/raw/rrc/rrc_1_pixel8_pixel8-1-run04-20260809T095301_1.json,2026-08-08T22:09:45.199287+00:00,True,0.915
pixel8-1-run04-20260809T095301,pixel8,1,2,data/raw/1/capture_1_pixel8_pixel8-1-run04-20260809T095301_2.pcap,data/raw/rrc/rrc_1_pixel8_pixel8-1-run04-20260809T095301_4.json,2026-08-08T22:10:00.934269+00:00,True,0.292
pixel8-1-run04-20260809T095301,pixel8,1,3,data/raw/1/capture_1_pixel8_pixel8-1-run04-20260809T095301_3.pcap,data/raw/rrc/rrc_1_pixel8_pixel8-1-run04-20260809T095301_6.json,2026-08-08T22:10:16.989235+00:00,True,0.598
pixel8-1-run04-20260809T095301,pixel8,1,4,data/raw/1/capture_1_pixel8_pixel8-1-run04-20260809T095301_4.pcap,data/raw/rrc/rrc_1_pixel8_pixel8-1-run04-20260809T095301_7.json,2026-08-08T22:10:32.964515+00:00,True,1.020
pixel8-1-run04-20260809T095301,pixel8,1,5,data/raw/1/capture_1_pixel8_pixel8-1-run04-20260809T095301_5.pcap,data/raw/rrc/rrc_1_pixel8_pixel8-1-run04-20260809T095301_9.json,2026-08-08T22:10:48.944530+00:00,True,0.588
pixel8-1-run04-20260809T095301,pixel8,1,6,data/raw/1/capture_1_pixel8_pixel8-1-run04-20260809T095301_6.pcap,data/raw/rrc/rrc_1_pixel8_pixel8-1-run04-20260809T095301_11.json,2026-08-08T22:11:05.319873+00:00,True,0.603
pixel8-1-run04-20260809T095301,pixel8,1,7,data/raw/1/capture_1_pixel8_pixel8-1-run04-20260809T095301_7.pcap,data/raw/rrc/rrc_1_pixel8_pixel8-1-run04-20260809T095301_12.json,2026-08-08T22:11:21.399917+00:00,True,0.581
pixel8-1-run04-20260809T095301,pixel8,1,8,data/raw/1/capture_1_pixel8_pixel8-1-run04-20260809T095301_8.pcap,data/raw/rrc/rrc_1_pixel8_pixel8-1-run04-20260809T095301_13.json,2026-08-08T22:11:37.294188+00:00,True,0.597
pixel8-1-run04-20260809T095301,pixel8,1,9,data/raw/1/capture_1_pixel8_pixel8-1-run04-20260809T095301_9.pcap,data/raw/rrc/rrc_1_pixel8_pixel8-1-run04-20260809T095301_14.json,2026-08-08T22:11:53.257533+00:00,True,0.665
pixel8-1-run04-20260809T095301,pixel8,1,10,data/raw/1/capture_1_pixel8_pixel8-1-run04-20260809T095301_10.pcap,data/raw/rrc/rrc_1_pixel8_pixel8-1-run04-20260809T095301_16.json,2026-08-08T22:12:09.651758+00:00,True,0.662
pixel8-1-run04-20260809T095301,pixel8,1,11,data/raw/1/capture_1_pixel8_pixel8-1-run04-20260809T095301_11.pcap,data/raw/rrc/rrc_1_pixel8_pixel8-1-run04-20260809T095301_18.json,2026-08-08T22:12:25.773167+00:00,True,0.677
pixel8-1-run04-20260809T095301,pixel8,1,12,data/raw/1/capture_1_pixel8_pixel8-1-run04-20260809T095301_12.pcap,data/raw/rrc/rrc_1_pixel8_pixel8-1-run04-20260809T095301_20.json,2026-08-08T22:12:33.992920+00:00,True,0.862
pixel8-1-run04-20260809T095301,pixel8,1,13,data/raw/1/capture_1_pixel8_pixel8-1-run04-20260809T095301_13.pcap,data/raw/rrc/rrc_1_pixel8_pixel8-1-run04-20260809T095301_21.json,2026-08-08T22:12:42.184130+00:00,True,0.871
pixel8-1-run04-20260809T095301,pixel8,1,14,data/raw/1/capture_1_pixel8_pixel8-1-run04-20260809T095301_14.pcap,data/raw/rrc/rrc_1_pixel8_pixel8-1-run04-20260809T095301_23.json,2026-08-08T22:12:58.324098+00:00,True,0.911
pixel8-1-run04-20260809T095301,pixel8,1,15,data/raw/1/capture_1_pixel8_pixel8-1-run04-20260809T095301_15.pcap,data/raw/rrc/rrc_1_pixel8_pixel8-1-run04-20260809T095301_25.json,2026-08-08T22:13:14.450523+00:00,True,0.342
pixel8-1-run04-20260809T095301,pixel8,1,16,data/raw/1/capture_1_pixel8_pixel8-1-run04-20260809T095301_16.pcap,data/raw/rrc/rrc_1_pixel8_pixel8-1-run04-20260809T095301_26.json,2026-08-08T22:13:30.584196+00:00,True,0.561
pixel8-1-run04-20260809T095301,pixel8,1,17,data/raw/1/capture_1_pixel8_pixel8-1-run04-20260809T095301_17.pcap,data/raw/rrc/rrc_1_pixel8_pixel8-1-run04-20260809T095301_27.json,2026-08-08T22:13:46.910947+00:00,True,1.037
pixel8-1-run04-20260809T095301,pixel8,1,18,data/raw/1/capture_1_pixel8_pixel8-1-run04-20260809T095301_18.pcap,data/raw/rrc/rrc_1_pixel8_pixel8-1-run04-20260809T095301_28.json,2026-08-08T22:14:03.149335+00:00,True,0.774
pixel8-1-run04-20260809T095301,pixel8,1,19,data/raw/1/capture_1_pixel8_pixel8-1-run04-20260809T095301_19.pcap,data/raw/rrc/rrc_1_pixel8_pixel8-1-run04-20260809T095301_29.json,2026-08-08T22:14:19.919250+00:00,True,1.103
pixel8-1-run04-20260809T095301,pixel8,1,20,data/raw/1/capture_1_pixel8_pixel8-1-run04-20260809T095301_20.pcap,data/raw/rrc/rrc_1_pixel8_pixel8-1-run04-20260809T095301_30.json,2026-08-08T22:14:36.432538+00:00,True,0.610
pixel8-1-run05-20260809T095301,pixel8,1,1,data/raw/1/capture_1_pixel8_pixel8-1-run05-20260809T095301_1.pcap,data/raw/rrc/rrc_1_pixel8_pixel8-1-run05-20260809T095301_1.json,2026-08-08T22:14:52.785444+00:00,True,1.854
pixel8-1-run05-20260809T095301,pixel8,1,2,data/raw/1/capture_1_pixel8_pixel8-1-run05-20260809T095301_2.pcap,data/raw/rrc/rrc_1_pixel8_pixel8-1-run05-20260809T095301_2.json,2026-08-08T22:15:09.038113+00:00,True,0.593
pixel8-1-run05-20260809T095301,pixel8,1,3,data/raw/1/capture_1_pixel8_pixel8-1-run05-20260809T095301_3.pcap,data/raw/rrc/rrc_1_pixel8_pixel8-1-run05-20260809T095301_3.json,2026-08-08T22:15:25.350771+00:00,True,0.873
pixel8-1-run05-20260809T095301,pixel8,1,4,data/raw/1/capture_1_pixel8_pixel8-1-run05-20260809T095301_4.pcap,data/raw/rrc/rrc_1_pixel8_pixel8-1-run05-20260809T095301_4.json,2026-08-08T22:15:41.506793+00:00,True,0.725
pixel8-1-run05-20260809T095301,pixel8,1,5,data/raw/1/capture_1_pixel8_pixel8-1-run05-20260809T095301_5.pcap,data/raw/rrc/rrc_1_pixel8_pixel8-1-run05-20260809T095301_5.json,2026-08-08T22:15:57.907275+00:00,True,1.203
pixel8-1-run05-20260809T095301,pixel8,1,6,data/raw/1/capture_1_pixel8_pixel8-1-run05-20260809T095301_6.pcap,data/raw/rrc/rrc_1_pixel8_pixel8-1-run05-20260809T095301_6.json,2026-08-08T22:16:14.106870+00:00,True,0.965
pixel8-1-run05-20260809T095301,pixel8,1,7,data/raw/1/capture_1_pixel8_pixel8-1-run05-20260809T095301_7.pcap,data/raw/rrc/rrc_1_pixel8_pixel8-1-run05-20260809T095301_7.json,2026-08-08T22:16:30.228492+00:00,True,0.658
pixel8-1-run05-20260809T095301,pixel8,1,8,data/raw/1/capture_1_pixel8_pixel8-1-run05-20260809T095301_8.pcap,data/raw/rrc/rrc_1_pixel8_pixel8-1-run05-20260809T095301_8.json,2026-08-08T22:16:46.504814+00:00,True,0.656
pixel8-1-run05-20260809T095301,pixel8,1,9,data/raw/1/capture_1_pixel8_pixel8-1-run05-20260809T095301_9.pcap,data/raw/rrc/rrc_1_pixel8_pixel8-1-run05-20260809T095301_9.json,2026-08-08T22:17:02.991957+00:00,True,0.665
pixel8-1-run05-20260809T095301,pixel8,1,10,data/raw/1/capture_1_pixel8_pixel8-1-run05-20260809T095301_10.pcap,data/raw/rrc/rrc_1_pixel8_pixel8-1-run05-20260809T095301_10.json,2026-08-08T22:17:19.609243+00:00,True,0.714
pixel8-1-run05-20260809T095301,pixel8,1,11,data/raw/1/capture_1_pixel8_pixel8-1-run05-20260809T095301_11.pcap,data/raw/rrc/rrc_1_pixel8_pixel8-1-run05-20260809T095301_11.json,2026-08-08T22:17:36.235376+00:00,True,2.876
pixel8-1-run05-20260809T095301,pixel8,1,12,data/raw/1/capture_1_pixel8_pixel8-1-run05-20260809T095301_12.pcap,data/raw/rrc/rrc_1_pixel8_pixel8-1-run05-20260809T095301_12.json,2026-08-08T22:17:52.775554+00:00,True,1.062
pixel8-1-run05-20260809T095301,pixel8,1,13,data/raw/1/capture_1_pixel8_pixel8-1-run05-20260809T095301_13.pcap,data/raw/rrc/rrc_1_pixel8_pixel8-1-run05-20260809T095301_13.json,2026-08-08T22:18:09.035375+00:00,True,0.693
pixel8-1-run05-20260809T095301,pixel8,1,14,data/raw/1/capture_1_pixel8_pixel8-1-run05-20260809T095301_14.pcap,data/raw/rrc/rrc_1_pixel8_pixel8-1-run05-20260809T095301_14.json,2026-08-08T22:18:25.415491+00:00,True,0.713
pixel8-1-run05-20260809T095301,pixel8,1,15,data/raw/1/capture_1_pixel8_pixel8-1-run05-20260809T095301_15.pcap,data/raw/rrc/rrc_1_pixel8_pixel8-1-run05-20260809T095301_15.json,2026-08-08T22:18:41.561811+00:00,True,1.052
pixel8-1-run05-20260809T095301,pixel8,1,16,data/raw/1/capture_1_pixel8_pixel8-1-run05-20260809T095301_16.pcap,data/raw/rrc/rrc_1_pixel8_pixel8-1-run05-20260809T095301_16.json,2026-08-08T22:18:57.734216+00:00,True,0.974
pixel8-1-run05-20260809T095301,pixel8,1,17,data/raw/1/capture_1_pixel8_pixel8-1-run05-20260809T095301_17.pcap,data/raw/rrc/rrc_1_pixel8_pixel8-1-run05-20260809T095301_17.json,2026-08-08T22:19:14.449559+00:00,True,0.591
pixel8-1-run05-20260809T095301,pixel8,1,18,data/raw/1/capture_1_pixel8_pixel8-1-run05-20260809T095301_18.pcap,data/raw/rrc/rrc_1_pixel8_pixel8-1-run05-20260809T095301_18.json,2026-08-08T22:19:30.716256+00:00,True,0.621
pixel8-1-run05-20260809T095301,pixel8,1,19,data/raw/1/capture_1_pixel8_pixel8-1-run05-20260809T095301_19.pcap,data/raw/rrc/rrc_1_pixel8_pixel8-1-run05-20260809T095301_19.json,2026-08-08T22:19:46.910218+00:00,True,1.195
pixel8-1-run05-20260809T095301,pixel8,1,20,data/raw/1/capture_1_pixel8_pixel8-1-run05-20260809T095301_20.pcap,data/raw/rrc/rrc_1_pixel8_pixel8-1-run05-20260809T095301_20.json,2026-08-08T22:20:03.458984+00:00,True,0.638
pixel8-2-run01-20260809T102018,pixel8,2,1,data/raw/2/capture_2_pixel8_pixel8-2-run01-20260809T102018_1.pcap,data/raw/rrc/rrc_2_pixel8_pixel8-2-run01-20260809T102018_4.json,2026-08-08T22:20:51.185712+00:00,True,0.992
pixel8-2-run01-20260809T102018,pixel8,2,2,data/raw/2/capture_2_pixel8_pixel8-2-run01-20260809T102018_2.pcap,data/raw/rrc/rrc_2_pixel8_pixel8-2-run01-20260809T102018_5.json,2026-08-08T22:21:07.613580+00:00,True,0.617
pixel8-2-run01-20260809T102018,pixel8,2,3,data/raw/2/capture_2_pixel8_pixel8-2-run01-20260809T102018_3.pcap,data/raw/rrc/rrc_2_pixel8_pixel8-2-run01-20260809T102018_6.json,2026-08-08T22:21:23.922097+00:00,True,1.125
pixel8-2-run01-20260809T102018,pixel8,2,4,data/raw/2/capture_2_pixel8_pixel8-2-run01-20260809T102018_4.pcap,data/raw/rrc/rrc_2_pixel8_pixel8-2-run01-20260809T102018_7.json,2026-08-08T22:21:40.375374+00:00,True,1.298
pixel8-2-run01-20260809T102018,pixel8,2,5,data/raw/2/capture_2_pixel8_pixel8-2-run01-20260809T102018_5.pcap,data/raw/rrc/rrc_2_pixel8_pixel8-2-run01-20260809T102018_8.json,2026-08-08T22:21:56.697569+00:00,True,1.062
pixel8-2-run01-20260809T102018,pixel8,2,6,data/raw/2/capture_2_pixel8_pixel8-2-run01-20260809T102018_6.pcap,data/raw/rrc/rrc_2_pixel8_pixel8-2-run01-20260809T102018_9.json,2026-08-08T22:22:13.172290+00:00,True,1.128
pixel8-2-run01-20260809T102018,pixel8,2,7,data/raw/2/capture_2_pixel8_pixel8-2-run01-20260809T102018_7.pcap,data/raw/rrc/rrc_2_pixel8_pixel8-2-run01-20260809T102018_10.json,2026-08-08T22:22:29.581678+00:00,True,0.615
pixel8-2-run01-20260809T102018,pixel8,2,8,data/raw/2/capture_2_pixel8_pixel8-2-run01-20260809T102018_8.pcap,data/raw/rrc/rrc_2_pixel8_pixel8-2-run01-20260809T102018_11.json,2026-08-08T22:22:46.075302+00:00,True,0.685
pixel8-2-run01-20260809T102018,pixel8,2,9,data/raw/2/capture_2_pixel8_pixel8-2-run01-20260809T102018_9.pcap,data/raw/rrc/rrc_2_pixel8_pixel8-2-run01-20260809T102018_12.json,2026-08-08T22:23:02.426666+00:00,True,0.625
pixel8-2-run01-20260809T102018,pixel8,2,10,data/raw/2/capture_2_pixel8_pixel8-2-run01-20260809T102018_10.pcap,data/raw/rrc/rrc_2_pixel8_pixel8-2-run01-20260809T102018_13.json,2026-08-08T22:23:18.697119+00:00,True,1.127
pixel8-2-run01-20260809T102018,pixel8,2,11,data/raw/2/capture_2_pixel8_pixel8-2-run01-20260809T102018_11.pcap,data/raw/rrc/rrc_2_pixel8_pixel8-2-run01-20260809T102018_14.json,2026-08-08T22:23:35.171462+00:00,True,0.696
pixel8-2-run01-20260809T102018,pixel8,2,12,data/raw/2/capture_2_pixel8_pixel8-2-run01-20260809T102018_12.pcap,data/raw/rrc/rrc_2_pixel8_pixel8-2-run01-20260809T102018_15.json,2026-08-08T22:23:51.587528+00:00,True,1.185
pixel8-2-run01-20260809T102018,pixel8,2,13,data/raw/2/capture_2_pixel8_pixel8-2-run01-20260809T102018_13.pcap,data/raw/rrc/rrc_2_pixel8_pixel8-2-run01-20260809T102018_16.json,2026-08-08T22:24:07.921600+00:00,True,1.081
pixel8-2-run01-20260809T102018,pixel8,2,14,data/raw/2/capture_2_pixel8_pixel8-2-run01-20260809T102018_14.pcap,data/raw/rrc/rrc_2_pixel8_pixel8-2-run01-20260809T102018_17.json,2026-08-08T22:24:24.569948+00:00,True,0.951
pixel8-2-run01-20260809T102018,pixel8,2,15,data/raw/2/capture_2_pixel8_pixel8-2-run01-20260809T102018_15.pcap,data/raw/rrc/rrc_2_pixel8_pixel8-2-run01-20260809T102018_18.json,2026-08-08T22:24:40.921285+00:00,True,1.005
pixel8-2-run01-20260809T102018,pixel8,2,16,data/raw/2/capture_2_pixel8_pixel8-2-run01-20260809T102018_16.pcap,data/raw/rrc/rrc_2_pixel8_pixel8-2-run01-20260809T102018_19.json,2026-08-08T22:24:57.330480+00:00,True,0.664
pixel8-2-run01-20260809T102018,pixel8,2,17,data/raw/2/capture_2_pixel8_pixel8-2-run01-20260809T102018_17.pcap,data/raw/rrc/rrc_2_pixel8_pixel8-2-run01-20260809T102018_20.json,2026-08-08T22:25:13.621716+00:00,True,1.599
pixel8-2-run01-20260809T102018,pixel8,2,18,data/raw/2/capture_2_pixel8_pixel8-2-run01-20260809T102018_18.pcap,data/raw/rrc/rrc_2_pixel8_pixel8-2-run01-20260809T102018_21.json,2026-08-08T22:25:21.046343+00:00,True,0.295
pixel8-2-run01-20260809T102018,pixel8,2,19,data/raw/2/capture_2_pixel8_pixel8-2-run01-20260809T102018_19.pcap,data/raw/rrc/rrc_2_pixel8_pixel8-2-run01-20260809T102018_24.json,2026-08-08T22:25:30.115479+00:00,True,0.510
pixel8-2-run01-20260809T102018,pixel8,2,20,data/raw/2/capture_2_pixel8_pixel8-2-run01-20260809T102018_20.pcap,data/raw/rrc/rrc_2_pixel8_pixel8-2-run01-20260809T102018_26.json,2026-08-08T22:25:46.970256+00:00,True,0.596
pixel8-2-run02-20260809T102018,pixel8,2,1,data/raw/2/capture_2_pixel8_pixel8-2-run02-20260809T102018_1.pcap,data/raw/rrc/rrc_2_pixel8_pixel8-2-run02-20260809T102018_2.json,2026-08-08T22:26:03.752364+00:00,True,0.910
pixel8-2-run02-20260809T102018,pixel8,2,2,data/raw/2/capture_2_pixel8_pixel8-2-run02-20260809T102018_2.pcap,data/raw/rrc/rrc_2_pixel8_pixel8-2-run02-20260809T102018_4.json,2026-08-08T22:26:20.501626+00:00,True,0.608
pixel8-2-run02-20260809T102018,pixel8,2,3,data/raw/2/capture_2_pixel8_pixel8-2-run02-20260809T102018_3.pcap,data/raw/rrc/rrc_2_pixel8_pixel8-2-run02-20260809T102018_5.json,2026-08-08T22:26:36.821248+00:00,True,0.634
pixel8-2-run02-20260809T102018,pixel8,2,4,data/raw/2/capture_2_pixel8_pixel8-2-run02-20260809T102018_4.pcap,data/raw/rrc/rrc_2_pixel8_pixel8-2-run02-20260809T102018_7.json,2026-08-08T22:26:53.441462+00:00,True,0.968
pixel8-2-run02-20260809T102018,pixel8,2,5,data/raw/2/capture_2_pixel8_pixel8-2-run02-20260809T102018_5.pcap,data/raw/rrc/rrc_2_pixel8_pixel8-2-run02-20260809T102018_8.json,2026-08-08T22:27:10.204515+00:00,True,0.660
pixel8-2-run02-20260809T102018,pixel8,2,6,data/raw/2/capture_2_pixel8_pixel8-2-run02-20260809T102018_6.pcap,data/raw/rrc/rrc_2_pixel8_pixel8-2-run02-20260809T102018_9.json,2026-08-08T22:27:26.910675+00:00,True,1.098
pixel8-2-run02-20260809T102018,pixel8,2,7,data/raw/2/capture_2_pixel8_pixel8-2-run02-20260809T102018_7.pcap,data/raw/rrc/rrc_2_pixel8_pixel8-2-run02-20260809T102018_10.json,2026-08-08T22:27:43.545825+00:00,True,0.858
pixel8-2-run02-20260809T102018,pixel8,2,8,data/raw/2/capture_2_pixel8_pixel8-2-run02-20260809T102018_8.pcap,data/raw/rrc/rrc_2_pixel8_pixel8-2-run02-20260809T102018_11.json,2026-08-08T22:28:13.633018+00:00,True,1.104
pixel8-2-run02-20260809T102018,pixel8,2,9,data/raw/2/capture_2_pixel8_pixel8-2-run02-20260809T102018_9.pcap,data/raw/rrc/rrc_2_pixel8_pixel8-2-run02-20260809T102018_12.json,2026-08-08T22:28:30.178638+00:00,True,0.611
pixel8-2-run02-20260809T102018,pixel8,2,10,data/raw/2/capture_2_pixel8_pixel8-2-run02-20260809T102018_10.pcap,data/raw/rrc/rrc_2_pixel8_pixel8-2-run02-20260809T102018_13.json,2026-08-08T22:28:46.717607+00:00,True,1.042
pixel8-2-run02-20260809T102018,pixel8,2,11,data/raw/2/capture_2_pixel8_pixel8-2-run02-20260809T102018_11.pcap,data/raw/rrc/rrc_2_pixel8_pixel8-2-run02-20260809T102018_14.json,2026-08-08T22:29:03.153855+00:00,True,0.747
pixel8-2-run02-20260809T102018,pixel8,2,12,data/raw/2/capture_2_pixel8_pixel8-2-run02-20260809T102018_12.pcap,data/raw/rrc/rrc_2_pixel8_pixel8-2-run02-20260809T102018_15.json,2026-08-08T22:29:19.988739+00:00,True,1.271
pixel8-2-run02-20260809T102018,pixel8,2,13,data/raw/2/capture_2_pixel8_pixel8-2-run02-20260809T102018_13.pcap,data/raw/rrc/rrc_2_pixel8_pixel8-2-run02-20260809T102018_16.json,2026-08-08T22:29:27.334223+00:00,True,0.471
pixel8-2-run02-20260809T102018,pixel8,2,14,data/raw/2/capture_2_pixel8_pixel8-2-run02-20260809T102018_14.pcap,data/raw/rrc/rrc_2_pixel8_pixel8-2-run02-20260809T102018_17.json,2026-08-08T22:29:36.373671+00:00,True,0.449
pixel8-2-run02-20260809T102018,pixel8,2,15,data/raw/2/capture_2_pixel8_pixel8-2-run02-20260809T102018_15.pcap,data/raw/rrc/rrc_2_pixel8_pixel8-2-run02-20260809T102018_18.json,2026-08-08T22:29:52.842959+00:00,True,0.665
pixel8-2-run02-20260809T102018,pixel8,2,16,data/raw/2/capture_2_pixel8_pixel8-2-run02-20260809T102018_16.pcap,data/raw/rrc/rrc_2_pixel8_pixel8-2-run02-20260809T102018_19.json,2026-08-08T22:30:09.574852+00:00,True,1.060
pixel8-2-run02-20260809T102018,pixel8,2,17,data/raw/2/capture_2_pixel8_pixel8-2-run02-20260809T102018_17.pcap,data/raw/rrc/rrc_2_pixel8_pixel8-2-run02-20260809T102018_20.json,2026-08-08T22:30:26.073449+00:00,True,0.274
pixel8-2-run02-20260809T102018,pixel8,2,18,data/raw/2/capture_2_pixel8_pixel8-2-run02-20260809T102018_18.pcap,data/raw/rrc/rrc_2_pixel8_pixel8-2-run02-20260809T102018_21.json,2026-08-08T22:30:42.521023+00:00,True,1.043
pixel8-2-run02-20260809T102018,pixel8,2,19,data/raw/2/capture_2_pixel8_pixel8-2-run02-20260809T102018_19.pcap,data/raw/rrc/rrc_2_pixel8_pixel8-2-run02-20260809T102018_22.json,2026-08-08T22:30:59.134622+00:00,True,0.898
pixel8-2-run02-20260809T102018,pixel8,2,20,data/raw/2/capture_2_pixel8_pixel8-2-run02-20260809T102018_20.pcap,data/raw/rrc/rrc_2_pixel8_pixel8-2-run02-20260809T102018_23.json,2026-08-08T22:31:15.730618+00:00,True,1.146
pixel8-2-run03-20260809T102018,pixel8,2,1,data/raw/2/capture_2_pixel8_pixel8-2-run03-20260809T102018_1.pcap,data/raw/rrc/rrc_2_pixel8_pixel8-2-run03-20260809T102018_1.json,2026-08-08T22:31:32.569097+00:00,True,0.592
pixel8-2-run03-20260809T102018,pixel8,2,2,data/raw/2/capture_2_pixel8_pixel8-2-run03-20260809T102018_2.pcap,data/raw/rrc/rrc_2_pixel8_pixel8-2-run03-20260809T102018_2.json,2026-08-08T22:31:49.414053+00:00,True,1.119
pixel8-2-run03-20260809T102018,pixel8,2,3,data/raw/2/capture_2_pixel8_pixel8-2-run03-20260809T102018_3.pcap,data/raw/rrc/rrc_2_pixel8_pixel8-2-run03-20260809T102018_3.json,2026-08-08T22:32:06.261641+00:00,True,0.613
pixel8-2-run03-20260809T102018,pixel8,2,4,data/raw/2/capture_2_pixel8_pixel8-2-run03-20260809T102018_4.pcap,data/raw/rrc/rrc_2_pixel8_pixel8-2-run03-20260809T102018_4.json,2026-08-08T22:32:22.953573+00:00,True,0.611
pixel8-2-run03-20260809T102018,pixel8,2,5,data/raw/2/capture_2_pixel8_pixel8-2-run03-20260809T102018_5.pcap,data/raw/rrc/rrc_2_pixel8_pixel8-2-run03-20260809T102018_5.json,2026-08-08T22:32:39.469552+00:00,True,1.166
pixel8-2-run03-20260809T102018,pixel8,2,6,data/raw/2/capture_2_pixel8_pixel8-2-run03-20260809T102018_6.pcap,data/raw/rrc/rrc_2_pixel8_pixel8-2-run03-20260809T102018_6.json,2026-08-08T22:32:56.179465+00:00,True,1.105
pixel8-2-run03-20260809T102018,pixel8,2,7,data/raw/2/capture_2_pixel8_pixel8-2-run03-20260809T102018_7.pcap,data/raw/rrc/rrc_2_pixel8_pixel8-2-run03-20260809T102018_7.json,2026-08-08T22:33:12.911881+00:00,True,0.614
pixel8-2-run03-20260809T102018,pixel8,2,8,data/raw/2/capture_2_pixel8_pixel8-2-run03-20260809T102018_8.pcap,data/raw/rrc/rrc_2_pixel8_pixel8-2-run03-20260809T102018_8.json,2026-08-08T22:33:29.371700+00:00,True,0.583
pixel8-2-run03-20260809T102018,pixel8,2,9,data/raw/2/capture_2_pixel8_pixel8-2-run03-20260809T102018_9.pcap,data/raw/rrc/rrc_2_pixel8_pixel8-2-run03-20260809T102018_9.json,2026-08-08T22:33:46.027027+00:00,True,0.588
pixel8-2-run03-20260809T102018,pixel8,2,10,data/raw/2/capture_2_pixel8_pixel8-2-run03-20260809T102018_10.pcap,data/raw/rrc/rrc_2_pixel8_pixel8-2-run03-20260809T102018_10.json,2026-08-08T22:34:02.649677+00:00,True,0.669
pixel8-2-run03-20260809T102018,pixel8,2,11,data/raw/2/capture_2_pixel8_pixel8-2-run03-20260809T102018_11.pcap,data/raw/rrc/rrc_2_pixel8_pixel8-2-run03-20260809T102018_11.json,2026-08-08T22:34:19.448562+00:00,True,0.649
pixel8-2-run03-20260809T102018,pixel8,2,12,data/raw/2/capture_2_pixel8_pixel8-2-run03-20260809T102018_12.pcap,data/raw/rrc/rrc_2_pixel8_pixel8-2-run03-20260809T102018_12.json,2026-08-08T22:34:36.030982+00:00,True,1.144
pixel8-2-run03-20260809T102018,pixel8,2,13,data/raw/2/capture_2_pixel8_pixel8-2-run03-20260809T102018_13.pcap,data/raw/rrc/rrc_2_pixel8_pixel8-2-run03-20260809T102018_13.json,2026-08-08T22:34:52.784580+00:00,True,0.611
pixel8-2-run03-20260809T102018,pixel8,2,14,data/raw/2/capture_2_pixel8_pixel8-2-run03-20260809T102018_14.pcap,data/raw/rrc/rrc_2_pixel8_pixel8-2-run03-20260809T102018_14.json,2026-08-08T22:35:09.718780+00:00,True,0.730
pixel8-2-run03-20260809T102018,pixel8,2,15,data/raw/2/capture_2_pixel8_pixel8-2-run03-20260809T102018_15.pcap,data/raw/rrc/rrc_2_pixel8_pixel8-2-run03-20260809T102018_15.json,2026-08-08T22:35:26.411133+00:00,True,0.283
pixel8-2-run03-20260809T102018,pixel8,2,16,data/raw/2/capture_2_pixel8_pixel8-2-run03-20260809T102018_16.pcap,data/raw/rrc/rrc_2_pixel8_pixel8-2-run03-20260809T102018_16.json,2026-08-08T22:35:43.060457+00:00,True,0.875
pixel8-2-run03-20260809T102018,pixel8,2,17,data/raw/2/capture_2_pixel8_pixel8-2-run03-20260809T102018_17.pcap,data/raw/rrc/rrc_2_pixel8_pixel8-2-run03-20260809T102018_17.json,2026-08-08T22:35:59.564965+00:00,True,1.093
pixel8-2-run03-20260809T102018,pixel8,2,18,data/raw/2/capture_2_pixel8_pixel8-2-run03-20260809T102018_18.pcap,data/raw/rrc/rrc_2_pixel8_pixel8-2-run03-20260809T102018_18.json,2026-08-08T22:36:16.273431+00:00,True,0.618
pixel8-2-run03-20260809T102018,pixel8,2,19,data/raw/2/capture_2_pixel8_pixel8-2-run03-20260809T102018_19.pcap,data/raw/rrc/rrc_2_pixel8_pixel8-2-run03-20260809T102018_19.json,2026-08-08T22:36:32.628631+00:00,True,0.665
pixel8-2-run03-20260809T102018,pixel8,2,20,data/raw/2/capture_2_pixel8_pixel8-2-run03-20260809T102018_20.pcap,data/raw/rrc/rrc_2_pixel8_pixel8-2-run03-20260809T102018_20.json,2026-08-08T22:36:49.333975+00:00,True,0.692
pixel8-2-run04-20260809T102018,pixel8,2,1,data/raw/2/capture_2_pixel8_pixel8-2-run04-20260809T102018_1.pcap,data/raw/rrc/rrc_2_pixel8_pixel8-2-run04-20260809T102018_1.json,2026-08-08T22:37:05.907615+00:00,True,0.655
pixel8-2-run04-20260809T102018,pixel8,2,2,data/raw/2/capture_2_pixel8_pixel8-2-run04-20260809T102018_2.pcap,data/raw/rrc/rrc_2_pixel8_pixel8-2-run04-20260809T102018_2.json,2026-08-08T22:37:22.691942+00:00,True,0.812
pixel8-2-run04-20260809T102018,pixel8,2,3,data/raw/2/capture_2_pixel8_pixel8-2-run04-20260809T102018_3.pcap,data/raw/rrc/rrc_2_pixel8_pixel8-2-run04-20260809T102018_3.json,2026-08-08T22:37:39.297599+00:00,True,0.776
pixel8-2-run04-20260809T102018,pixel8,2,4,data/raw/2/capture_2_pixel8_pixel8-2-run04-20260809T102018_4.pcap,data/raw/rrc/rrc_2_pixel8_pixel8-2-run04-20260809T102018_4.json,2026-08-08T22:37:56.127776+00:00,True,0.941
pixel8-2-run04-20260809T102018,pixel8,2,5,data/raw/2/capture_2_pixel8_pixel8-2-run04-20260809T102018_5.pcap,data/raw/rrc/rrc_2_pixel8_pixel8-2-run04-20260809T102018_5.json,2026-08-08T22:38:13.020508+00:00,True,1.039
pixel8-2-run04-20260809T102018,pixel8,2,6,data/raw/2/capture_2_pixel8_pixel8-2-run04-20260809T102018_6.pcap,data/raw/rrc/rrc_2_pixel8_pixel8-2-run04-20260809T102018_6.json,2026-08-08T22:38:29.713768+00:00,True,1.021
pixel8-2-run04-20260809T102018,pixel8,2,7,data/raw/2/capture_2_pixel8_pixel8-2-run04-20260809T102018_7.pcap,data/raw/rrc/rrc_2_pixel8_pixel8-2-run04-20260809T102018_7.json,2026-08-08T22:38:46.443986+00:00,True,0.900
pixel8-2-run04-20260809T102018,pixel8,2,8,data/raw/2/capture_2_pixel8_pixel8-2-run04-20260809T102018_8.pcap,data/raw/rrc/rrc_2_pixel8_pixel8-2-run04-20260809T102018_8.json,2026-08-08T22:39:03.342140+00:00,True,1.093
pixel8-2-run04-20260809T102018,pixel8,2,9,data/raw/2/capture_2_pixel8_pixel8-2-run04-20260809T102018_9.pcap,data/raw/rrc/rrc_2_pixel8_pixel8-2-run04-20260809T102018_9.json,2026-08-08T22:39:10.880046+00:00,True,0.951
pixel8-2-run04-20260809T102018,pixel8,2,10,data/raw/2/capture_2_pixel8_pixel8-2-run04-20260809T102018_10.pcap,data/raw/rrc/rrc_2_pixel8_pixel8-2-run04-20260809T102018_10.json,2026-08-08T22:39:18.165503+00:00,True,0.947
pixel8-2-run04-20260809T102018,pixel8,2,11,data/raw/2/capture_2_pixel8_pixel8-2-run04-20260809T102018_11.pcap,data/raw/rrc/rrc_2_pixel8_pixel8-2-run04-20260809T102018_13.json,2026-08-08T22:39:39.638527+00:00,True,1.826
pixel8-2-run04-20260809T102018,pixel8,2,12,data/raw/2/capture_2_pixel8_pixel8-2-run04-20260809T102018_12.pcap,data/raw/rrc/rrc_2_pixel8_pixel8-2-run04-20260809T102018_15.json,2026-08-08T22:39:56.429243+00:00,True,0.690
pixel8-2-run04-20260809T102018,pixel8,2,13,data/raw/2/capture_2_pixel8_pixel8-2-run04-20260809T102018_13.pcap,data/raw/rrc/rrc_2_pixel8_pixel8-2-run04-20260809T102018_17.json,2026-08-08T22:40:14.220690+00:00,True,1.098
pixel8-2-run04-20260809T102018,pixel8,2,14,data/raw/2/capture_2_pixel8_pixel8-2-run04-20260809T102018_14.pcap,data/raw/rrc/rrc_2_pixel8_pixel8-2-run04-20260809T102018_20.json,2026-08-08T22:40:31.238373+00:00,True,1.797
pixel8-2-run04-20260809T102018,pixel8,2,15,data/raw/2/capture_2_pixel8_pixel8-2-run04-20260809T102018_15.pcap,data/raw/rrc/rrc_2_pixel8_pixel8-2-run04-20260809T102018_21.json,2026-08-08T22:40:38.902346+00:00,True,1.045
pixel8-2-run04-20260809T102018,pixel8,2,16,data/raw/2/capture_2_pixel8_pixel8-2-run04-20260809T102018_16.pcap,data/raw/rrc/rrc_2_pixel8_pixel8-2-run04-20260809T102018_22.json,2026-08-08T22:40:48.144860+00:00,True,1.202
pixel8-2-run04-20260809T102018,pixel8,2,17,data/raw/2/capture_2_pixel8_pixel8-2-run04-20260809T102018_17.pcap,data/raw/rrc/rrc_2_pixel8_pixel8-2-run04-20260809T102018_23.json,2026-08-08T22:41:05.174689+00:00,True,0.655
pixel8-2-run04-20260809T102018,pixel8,2,18,data/raw/2/capture_2_pixel8_pixel8-2-run04-20260809T102018_18.pcap,data/raw/rrc/rrc_2_pixel8_pixel8-2-run04-20260809T102018_24.json,2026-08-08T22:41:22.058758+00:00,True,0.696
pixel8-2-run04-20260809T102018,pixel8,2,19,data/raw/2/capture_2_pixel8_pixel8-2-run04-20260809T102018_19.pcap,data/raw/rrc/rrc_2_pixel8_pixel8-2-run04-20260809T102018_25.json,2026-08-08T22:41:39.249339+00:00,True,0.609
pixel8-2-run04-20260809T102018,pixel8,2,20,data/raw/2/capture_2_pixel8_pixel8-2-run04-20260809T102018_20.pcap,data/raw/rrc/rrc_2_pixel8_pixel8-2-run04-20260809T102018_26.json,2026-08-08T22:41:48.354244+00:00,True,0.272
pixel8-2-run05-20260809T102018,pixel8,2,1,data/raw/2/capture_2_pixel8_pixel8-2-run05-20260809T102018_1.pcap,data/raw/rrc/rrc_2_pixel8_pixel8-2-run05-20260809T102018_1.json,2026-08-08T22:41:57.459742+00:00,True,0.309
pixel8-2-run05-20260809T102018,pixel8,2,2,data/raw/2/capture_2_pixel8_pixel8-2-run05-20260809T102018_2.pcap,data/raw/rrc/rrc_2_pixel8_pixel8-2-run05-20260809T102018_3.json,2026-08-08T22:42:14.262835+00:00,True,1.289
pixel8-2-run05-20260809T102018,pixel8,2,3,data/raw/2/capture_2_pixel8_pixel8-2-run05-20260809T102018_3.pcap,data/raw/rrc/rrc_2_pixel8_pixel8-2-run05-20260809T102018_5.json,2026-08-08T22:42:31.304458+00:00,True,0.872
pixel8-2-run05-20260809T102018,pixel8,2,4,data/raw/2/capture_2_pixel8_pixel8-2-run05-20260809T102018_4.pcap,data/raw/rrc/rrc_2_pixel8_pixel8-2-run05-20260809T102018_7.json,2026-08-08T22:42:48.401403+00:00,True,0.600
pixel8-2-run05-20260809T102018,pixel8,2,5,data/raw/2/capture_2_pixel8_pixel8-2-run05-20260809T102018_5.pcap,data/raw/rrc/rrc_2_pixel8_pixel8-2-run05-20260809T102018_9.json,2026-08-08T22:43:05.592176+00:00,True,1.013
pixel8-2-run05-20260809T102018,pixel8,2,6,data/raw/2/capture_2_pixel8_pixel8-2-run05-20260809T102018_6.pcap,data/raw/rrc/rrc_2_pixel8_pixel8-2-run05-20260809T102018_12.json,2026-08-08T22:43:22.666390+00:00,True,0.301
pixel8-2-run05-20260809T102018,pixel8,2,7,data/raw/2/capture_2_pixel8_pixel8-2-run05-20260809T102018_7.pcap,data/raw/rrc/rrc_2_pixel8_pixel8-2-run05-20260809T102018_13.json,2026-08-08T22:43:40.195603+00:00,True,1.158
pixel8-2-run05-20260809T102018,pixel8,2,8,data/raw/2/capture_2_pixel8_pixel8-2-run05-20260809T102018_8.pcap,data/raw/rrc/rrc_2_pixel8_pixel8-2-run05-20260809T102018_14.json,2026-08-08T22:43:57.150889+00:00,True,0.640
pixel8-2-run05-20260809T102018,pixel8,2,9,data/raw/2/capture_2_pixel8_pixel8-2-run05-20260809T102018_9.pcap,data/raw/rrc/rrc_2_pixel8_pixel8-2-run05-20260809T102018_15.json,2026-08-08T22:44:14.002714+00:00,True,0.655
pixel8-2-run05-20260809T102018,pixel8,2,10,data/raw/2/capture_2_pixel8_pixel8-2-run05-20260809T102018_10.pcap,data/raw/rrc/rrc_2_pixel8_pixel8-2-run05-20260809T102018_16.json,2026-08-08T22:44:30.683938+00:00,True,0.336
pixel8-2-run05-20260809T102018,pixel8,2,11,data/raw/2/capture_2_pixel8_pixel8-2-run05-20260809T102018_11.pcap,data/raw/rrc/rrc_2_pixel8_pixel8-2-run05-20260809T102018_17.json,2026-08-08T22:44:47.765704+00:00,True,0.600
pixel8-2-run05-20260809T102018,pixel8,2,12,data/raw/2/capture_2_pixel8_pixel8-2-run05-20260809T102018_12.pcap,data/raw/rrc/rrc_2_pixel8_pixel8-2-run05-20260809T102018_18.json,2026-08-08T22:45:04.883714+00:00,True,1.097
pixel8-2-run05-20260809T102018,pixel8,2,13,data/raw/2/capture_2_pixel8_pixel8-2-run05-20260809T102018_13.pcap,data/raw/rrc/rrc_2_pixel8_pixel8-2-run05-20260809T102018_19.json,2026-08-08T22:45:21.934498+00:00,True,0.620
pixel8-2-run05-20260809T102018,pixel8,2,14,data/raw/2/capture_2_pixel8_pixel8-2-run05-20260809T102018_14.pcap,data/raw/rrc/rrc_2_pixel8_pixel8-2-run05-20260809T102018_20.json,2026-08-08T22:45:38.726016+00:00,True,0.663
pixel8-2-run05-20260809T102018,pixel8,2,15,data/raw/2/capture_2_pixel8_pixel8-2-run05-20260809T102018_15.pcap,data/raw/rrc/rrc_2_pixel8_pixel8-2-run05-20260809T102018_21.json,2026-08-08T22:45:55.621835+00:00,True,0.665
pixel8-2-run05-20260809T102018,pixel8,2,16,data/raw/2/capture_2_pixel8_pixel8-2-run05-20260809T102018_16.pcap,data/raw/rrc/rrc_2_pixel8_pixel8-2-run05-20260809T102018_22.json,2026-08-08T22:46:12.704118+00:00,True,0.782
pixel8-2-run05-20260809T102018,pixel8,2,17,data/raw/2/capture_2_pixel8_pixel8-2-run05-20260809T102018_17.pcap,data/raw/rrc/rrc_2_pixel8_pixel8-2-run05-20260809T102018_23.json,2026-08-08T22:46:29.716512+00:00,True,1.026
pixel8-2-run05-20260809T102018,pixel8,2,18,data/raw/2/capture_2_pixel8_pixel8-2-run05-20260809T102018_18.pcap,data/raw/rrc/rrc_2_pixel8_pixel8-2-run05-20260809T102018_24.json,2026-08-08T22:46:46.591678+00:00,True,1.060
pixel8-2-run05-20260809T102018,pixel8,2,19,data/raw/2/capture_2_pixel8_pixel8-2-run05-20260809T102018_19.pcap,data/raw/rrc/rrc_2_pixel8_pixel8-2-run05-20260809T102018_25.json,2026-08-08T22:47:03.508573+00:00,True,0.629
pixel8-2-run05-20260809T102018,pixel8,2,20,data/raw/2/capture_2_pixel8_pixel8-2-run05-20260809T102018_20.pcap,data/raw/rrc/rrc_2_pixel8_pixel8-2-run05-20260809T102018_26.json,2026-08-08T22:47:20.241360+00:00,True,1.060
pixel8-2-run01-20260809T104736,pixel8,2,1,data/raw/2/capture_2_pixel8_pixel8-2-run01-20260809T104736_1.pcap,data/raw/rrc/rrc_2_pixel8_pixel8-2-run01-20260809T104736_2.json,2026-08-08T22:48:02.339897+00:00,True,1.183
pixel8-2-run01-20260809T104736,pixel8,2,2,data/raw/2/capture_2_pixel8_pixel8-2-run01-20260809T104736_2.pcap,data/raw/rrc/rrc_2_pixel8_pixel8-2-run01-20260809T104736_3.json,2026-08-08T22:48:19.523107+00:00,True,1.363
pixel8-2-run01-20260809T104736,pixel8,2,3,data/raw/2/capture_2_pixel8_pixel8-2-run01-20260809T104736_3.pcap,data/raw/rrc/rrc_2_pixel8_pixel8-2-run01-20260809T104736_4.json,2026-08-08T22:48:36.816404+00:00,True,1.194
pixel8-2-run01-20260809T104736,pixel8,2,4,data/raw/2/capture_2_pixel8_pixel8-2-run01-20260809T104736_4.pcap,data/raw/rrc/rrc_2_pixel8_pixel8-2-run01-20260809T104736_5.json,2026-08-08T22:48:53.906000+00:00,True,0.620
pixel8-2-run01-20260809T104736,pixel8,2,5,data/raw/2/capture_2_pixel8_pixel8-2-run01-20260809T104736_5.pcap,data/raw/rrc/rrc_2_pixel8_pixel8-2-run01-20260809T104736_6.json,2026-08-08T22:49:10.967592+00:00,True,0.677
pixel8-2-run01-20260809T104736,pixel8,2,6,data/raw/2/capture_2_pixel8_pixel8-2-run01-20260809T104736_6.pcap,data/raw/rrc/rrc_2_pixel8_pixel8-2-run01-20260809T104736_7.json,2026-08-08T22:49:28.293610+00:00,True,0.995
pixel8-2-run01-20260809T104736,pixel8,2,7,data/raw/2/capture_2_pixel8_pixel8-2-run01-20260809T104736_7.pcap,data/raw/rrc/rrc_2_pixel8_pixel8-2-run01-20260809T104736_8.json,2026-08-08T22:49:45.280727+00:00,True,0.621
pixel8-2-run01-20260809T104736,pixel8,2,8,data/raw/2/capture_2_pixel8_pixel8-2-run01-20260809T104736_8.pcap,data/raw/rrc/rrc_2_pixel8_pixel8-2-run01-20260809T104736_9.json,2026-08-08T22:50:02.714912+00:00,True,1.070
pixel8-2-run01-20260809T104736,pixel8,2,9,data/raw/2/capture_2_pixel8_pixel8-2-run01-20260809T104736_9.pcap,data/raw/rrc/rrc_2_pixel8_pixel8-2-run01-20260809T104736_10.json,2026-08-08T22:50:19.806687+00:00,True,1.295
pixel8-2-run01-20260809T104736,pixel8,2,10,data/raw/2/capture_2_pixel8_pixel8-2-run01-20260809T104736_10.pcap,data/raw/rrc/rrc_2_pixel8_pixel8-2-run01-20260809T104736_11.json,2026-08-08T22:50:36.826718+00:00,True,1.003
pixel8-3-run01-20260809T105054,pixel8,3,1,data/raw/3/capture_3_pixel8_pixel8-3-run01-20260809T105054_1.pcap,data/raw/rrc/rrc_3_pixel8_pixel8-3-run01-20260809T105054_2.json,2026-08-08T22:51:29.579249+00:00,True,0.610
pixel8-3-run01-20260809T112656,pixel8,3,1,data/raw/3/capture_3_pixel8_pixel8-3-run01-20260809T112656_1.pcap,data/raw/rrc/rrc_3_pixel8_pixel8-3-run01-20260809T112656_1.json,2026-08-08T23:27:25.795063+00:00,True,0.476
pixel8-3-run01-20260809T112656,pixel8,3,2,data/raw/3/capture_3_pixel8_pixel8-3-run01-20260809T112656_2.pcap,data/raw/rrc/rrc_3_pixel8_pixel8-3-run01-20260809T112656_2.json,2026-08-08T23:27:38.173308+00:00,True,1.320
pixel8-3-run01-20260809T112656,pixel8,3,3,data/raw/3/capture_3_pixel8_pixel8-3-run01-20260809T112656_3.pcap,data/raw/rrc/rrc_3_pixel8_pixel8-3-run01-20260809T112656_4.json,2026-08-08T23:27:45.988706+00:00,True,0.483
pixel8-3-run01-20260809T112656,pixel8,3,4,data/raw/3/capture_3_pixel8_pixel8-3-run01-20260809T112656_4.pcap,data/raw/rrc/rrc_3_pixel8_pixel8-3-run01-20260809T112656_5.json,2026-08-08T23:28:15.509219+00:00,True,1.047
pixel8-3-run01-20260809T112656,pixel8,3,5,data/raw/3/capture_3_pixel8_pixel8-3-run01-20260809T112656_5.pcap,data/raw/rrc/rrc_3_pixel8_pixel8-3-run01-20260809T112656_6.json,2026-08-08T23:28:33.454798+00:00,True,1.018
pixel8-3-run01-20260809T112656,pixel8,3,6,data/raw/3/capture_3_pixel8_pixel8-3-run01-20260809T112656_6.pcap,data/raw/rrc/rrc_3_pixel8_pixel8-3-run01-20260809T112656_7.json,2026-08-08T23:28:43.445660+00:00,True,0.229
pixel8-3-run01-20260809T112656,pixel8,3,7,data/raw/3/capture_3_pixel8_pixel8-3-run01-20260809T112656_7.pcap,data/raw/rrc/rrc_3_pixel8_pixel8-3-run01-20260809T112656_8.json,2026-08-08T23:28:53.462542+00:00,True,0.720
pixel8-3-run01-20260809T112656,pixel8,3,8,data/raw/3/capture_3_pixel8_pixel8-3-run01-20260809T112656_8.pcap,data/raw/rrc/rrc_3_pixel8_pixel8-3-run01-20260809T112656_10.json,2026-08-08T23:29:11.328663+00:00,True,0.697
pixel8-3-run01-20260809T112656,pixel8,3,9,data/raw/3/capture_3_pixel8_pixel8-3-run01-20260809T112656_9.pcap,data/raw/rrc/rrc_3_pixel8_pixel8-3-run01-20260809T112656_12.json,2026-08-08T23:29:29.071033+00:00,True,1.009
pixel8-3-run01-20260809T112656,pixel8,3,10,data/raw/3/capture_3_pixel8_pixel8-3-run01-20260809T112656_10.pcap,data/raw/rrc/rrc_3_pixel8_pixel8-3-run01-20260809T112656_14.json,2026-08-08T23:29:47.627621+00:00,True,1.109
pixel8-3-run01-20260809T112656,pixel8,3,11,data/raw/3/capture_3_pixel8_pixel8-3-run01-20260809T112656_11.pcap,data/raw/rrc/rrc_3_pixel8_pixel8-3-run01-20260809T112656_15.json,2026-08-08T23:30:05.150093+00:00,True,1.231
pixel8-3-run01-20260809T112656,pixel8,3,12,data/raw/3/capture_3_pixel8_pixel8-3-run01-20260809T112656_12.pcap,data/raw/rrc/rrc_3_pixel8_pixel8-3-run01-20260809T112656_17.json,2026-08-08T23:30:24.259406+00:00,True,1.014
pixel8-3-run01-20260809T112656,pixel8,3,13,data/raw/3/capture_3_pixel8_pixel8-3-run01-20260809T112656_13.pcap,data/raw/rrc/rrc_3_pixel8_pixel8-3-run01-20260809T112656_18.json,2026-08-08T23:30:42.002566+00:00,True,0.695
pixel8-3-run01-20260809T112656,pixel8,3,14,data/raw/3/capture_3_pixel8_pixel8-3-run01-20260809T112656_14.pcap,data/raw/rrc/rrc_3_pixel8_pixel8-3-run01-20260809T112656_20.json,2026-08-08T23:30:59.750283+00:00,True,1.109
pixel8-3-run01-20260809T112656,pixel8,3,15,data/raw/3/capture_3_pixel8_pixel8-3-run01-20260809T112656_15.pcap,data/raw/rrc/rrc_3_pixel8_pixel8-3-run01-20260809T112656_21.json,2026-08-08T23:31:18.087784+00:00,True,1.174
pixel8-3-run01-20260809T112656,pixel8,3,16,data/raw/3/capture_3_pixel8_pixel8-3-run01-20260809T112656_16.pcap,data/raw/rrc/rrc_3_pixel8_pixel8-3-run01-20260809T112656_22.json,2026-08-08T23:31:36.420601+00:00,True,0.656
pixel8-3-run01-20260809T112656,pixel8,3,17,data/raw/3/capture_3_pixel8_pixel8-3-run01-20260809T112656_17.pcap,data/raw/rrc/rrc_3_pixel8_pixel8-3-run01-20260809T112656_23.json,2026-08-08T23:31:54.522854+00:00,True,1.064
pixel8-3-run01-20260809T112656,pixel8,3,18,data/raw/3/capture_3_pixel8_pixel8-3-run01-20260809T112656_18.pcap,data/raw/rrc/rrc_3_pixel8_pixel8-3-run01-20260809T112656_25.json,2026-08-08T23:32:12.765004+00:00,True,1.062
pixel8-3-run01-20260809T112656,pixel8,3,19,data/raw/3/capture_3_pixel8_pixel8-3-run01-20260809T112656_19.pcap,data/raw/rrc/rrc_3_pixel8_pixel8-3-run01-20260809T112656_27.json,2026-08-08T23:32:31.053945+00:00,True,0.638
pixel8-3-run01-20260809T112656,pixel8,3,20,data/raw/3/capture_3_pixel8_pixel8-3-run01-20260809T112656_20.pcap,data/raw/rrc/rrc_3_pixel8_pixel8-3-run01-20260809T112656_29.json,2026-08-08T23:32:49.379012+00:00,True,1.006
pixel8-3-run02-20260809T112656,pixel8,3,1,data/raw/3/capture_3_pixel8_pixel8-3-run02-20260809T112656_1.pcap,data/raw/rrc/rrc_3_pixel8_pixel8-3-run02-20260809T112656_2.json,2026-08-08T23:33:07.937502+00:00,True,0.611
pixel8-3-run02-20260809T112656,pixel8,3,2,data/raw/3/capture_3_pixel8_pixel8-3-run02-20260809T112656_2.pcap,data/raw/rrc/rrc_3_pixel8_pixel8-3-run02-20260809T112656_4.json,2026-08-08T23:33:26.362577+00:00,True,0.624
pixel8-3-run02-20260809T112656,pixel8,3,3,data/raw/3/capture_3_pixel8_pixel8-3-run02-20260809T112656_3.pcap,data/raw/rrc/rrc_3_pixel8_pixel8-3-run02-20260809T112656_5.json,2026-08-08T23:33:44.793185+00:00,True,0.608
pixel8-3-run02-20260809T112656,pixel8,3,4,data/raw/3/capture_3_pixel8_pixel8-3-run02-20260809T112656_4.pcap,data/raw/rrc/rrc_3_pixel8_pixel8-3-run02-20260809T112656_6.json,2026-08-08T23:34:03.218871+00:00,True,0.650
pixel8-3-run02-20260809T112656,pixel8,3,5,data/raw/3/capture_3_pixel8_pixel8-3-run02-20260809T112656_5.pcap,data/raw/rrc/rrc_3_pixel8_pixel8-3-run02-20260809T112656_7.json,2026-08-08T23:34:21.698327+00:00,True,0.597
pixel8-3-run02-20260809T112656,pixel8,3,6,data/raw/3/capture_3_pixel8_pixel8-3-run02-20260809T112656_6.pcap,data/raw/rrc/rrc_3_pixel8_pixel8-3-run02-20260809T112656_8.json,2026-08-08T23:34:40.231030+00:00,True,1.190
pixel8-3-run02-20260809T112656,pixel8,3,7,data/raw/3/capture_3_pixel8_pixel8-3-run02-20260809T112656_7.pcap,data/raw/rrc/rrc_3_pixel8_pixel8-3-run02-20260809T112656_9.json,2026-08-08T23:34:59.085806+00:00,True,1.247
pixel8-3-run02-20260809T112656,pixel8,3,8,data/raw/3/capture_3_pixel8_pixel8-3-run02-20260809T112656_8.pcap,data/raw/rrc/rrc_3_pixel8_pixel8-3-run02-20260809T112656_10.json,2026-08-08T23:35:18.048194+00:00,True,0.607
pixel8-3-run02-20260809T112656,pixel8,3,9,data/raw/3/capture_3_pixel8_pixel8-3-run02-20260809T112656_9.pcap,data/raw/rrc/rrc_3_pixel8_pixel8-3-run02-20260809T112656_11.json,2026-08-08T23:35:36.962712+00:00,True,1.081
pixel8-3-run02-20260809T112656,pixel8,3,10,data/raw/3/capture_3_pixel8_pixel8-3-run02-20260809T112656_10.pcap,data/raw/rrc/rrc_3_pixel8_pixel8-3-run02-20260809T112656_12.json,2026-08-08T23:35:55.853011+00:00,True,1.376
pixel8-3-run02-20260809T112656,pixel8,3,11,data/raw/3/capture_3_pixel8_pixel8-3-run02-20260809T112656_11.pcap,data/raw/rrc/rrc_3_pixel8_pixel8-3-run02-20260809T112656_13.json,2026-08-08T23:36:15.053817+00:00,True,1.154
pixel8-3-run02-20260809T112656,pixel8,3,12,data/raw/3/capture_3_pixel8_pixel8-3-run02-20260809T112656_12.pcap,data/raw/rrc/rrc_3_pixel8_pixel8-3-run02-20260809T112656_14.json,2026-08-08T23:36:34.112575+00:00,True,0.721
pixel8-3-run02-20260809T112656,pixel8,3,13,data/raw/3/capture_3_pixel8_pixel8-3-run02-20260809T112656_13.pcap,data/raw/rrc/rrc_3_pixel8_pixel8-3-run02-20260809T112656_15.json,2026-08-08T23:36:53.517652+00:00,True,0.729
pixel8-3-run02-20260809T112656,pixel8,3,14,data/raw/3/capture_3_pixel8_pixel8-3-run02-20260809T112656_14.pcap,data/raw/rrc/rrc_3_pixel8_pixel8-3-run02-20260809T112656_16.json,2026-08-08T23:37:12.665050+00:00,True,0.719
pixel8-3-run02-20260809T112656,pixel8,3,15,data/raw/3/capture_3_pixel8_pixel8-3-run02-20260809T112656_15.pcap,data/raw/rrc/rrc_3_pixel8_pixel8-3-run02-20260809T112656_17.json,2026-08-08T23:37:32.142348+00:00,True,1.197
pixel8-3-run02-20260809T112656,pixel8,3,16,data/raw/3/capture_3_pixel8_pixel8-3-run02-20260809T112656_16.pcap,data/raw/rrc/rrc_3_pixel8_pixel8-3-run02-20260809T112656_18.json,2026-08-08T23:37:51.095013+00:00,True,0.635
pixel8-3-run02-20260809T112656,pixel8,3,17,data/raw/3/capture_3_pixel8_pixel8-3-run02-20260809T112656_17.pcap,data/raw/rrc/rrc_3_pixel8_pixel8-3-run02-20260809T112656_19.json,2026-08-08T23:38:10.795360+00:00,True,0.749
pixel8-3-run02-20260809T112656,pixel8,3,18,data/raw/3/capture_3_pixel8_pixel8-3-run02-20260809T112656_18.pcap,data/raw/rrc/rrc_3_pixel8_pixel8-3-run02-20260809T112656_20.json,2026-08-08T23:38:44.457904+00:00,True,0.885
pixel8-3-run02-20260809T112656,pixel8,3,19,data/raw/3/capture_3_pixel8_pixel8-3-run02-20260809T112656_19.pcap,data/raw/rrc/rrc_3_pixel8_pixel8-3-run02-20260809T112656_21.json,2026-08-08T23:39:03.891044+00:00,True,0.624
pixel8-3-run02-20260809T112656,pixel8,3,20,data/raw/3/capture_3_pixel8_pixel8-3-run02-20260809T112656_20.pcap,data/raw/rrc/rrc_3_pixel8_pixel8-3-run02-20260809T112656_22.json,2026-08-08T23:39:23.294722+00:00,True,0.614
pixel8-3-run03-20260809T112656,pixel8,3,1,data/raw/3/capture_3_pixel8_pixel8-3-run03-20260809T112656_1.pcap,data/raw/rrc/rrc_3_pixel8_pixel8-3-run03-20260809T112656_1.json,2026-08-08T23:39:42.831910+00:00,True,0.667
pixel8-3-run03-20260809T112656,pixel8,3,2,data/raw/3/capture_3_pixel8_pixel8-3-run03-20260809T112656_2.pcap,data/raw/rrc/rrc_3_pixel8_pixel8-3-run03-20260809T112656_2.json,2026-08-08T23:40:02.518003+00:00,True,1.122
pixel8-3-run03-20260809T112656,pixel8,3,3,data/raw/3/capture_3_pixel8_pixel8-3-run03-20260809T112656_3.pcap,data/raw/rrc/rrc_3_pixel8_pixel8-3-run03-20260809T112656_4.json,2026-08-08T23:40:22.291425+00:00,True,0.708
pixel8-3-run03-20260809T112656,pixel8,3,4,data/raw/3/capture_3_pixel8_pixel8-3-run03-20260809T112656_4.pcap,data/raw/rrc/rrc_3_pixel8_pixel8-3-run03-20260809T112656_5.json,2026-08-08T23:40:42.145200+00:00,True,1.065
pixel8-3-run03-20260809T112656,pixel8,3,5,data/raw/3/capture_3_pixel8_pixel8-3-run03-20260809T112656_5.pcap,data/raw/rrc/rrc_3_pixel8_pixel8-3-run03-20260809T112656_6.json,2026-08-08T23:41:02.392444+00:00,True,0.707
pixel8-3-run03-20260809T112656,pixel8,3,6,data/raw/3/capture_3_pixel8_pixel8-3-run03-20260809T112656_6.pcap,data/raw/rrc/rrc_3_pixel8_pixel8-3-run03-20260809T112656_7.json,2026-08-08T23:41:22.365351+00:00,True,0.604
pixel8-3-run03-20260809T112656,pixel8,3,7,data/raw/3/capture_3_pixel8_pixel8-3-run03-20260809T112656_7.pcap,data/raw/rrc/rrc_3_pixel8_pixel8-3-run03-20260809T112656_9.json,2026-08-08T23:41:54.243550+00:00,True,0.664
pixel8-3-run03-20260809T112656,pixel8,3,8,data/raw/3/capture_3_pixel8_pixel8-3-run03-20260809T112656_8.pcap,data/raw/rrc/rrc_3_pixel8_pixel8-3-run03-20260809T112656_10.json,2026-08-08T23:42:14.884177+00:00,True,0.601
pixel8-3-run03-20260809T112656,pixel8,3,9,data/raw/3/capture_3_pixel8_pixel8-3-run03-20260809T112656_9.pcap,data/raw/rrc/rrc_3_pixel8_pixel8-3-run03-20260809T112656_11.json,2026-08-08T23:42:34.870179+00:00,True,0.667
pixel8-3-run03-20260809T112656,pixel8,3,10,data/raw/3/capture_3_pixel8_pixel8-3-run03-20260809T112656_10.pcap,data/raw/rrc/rrc_3_pixel8_pixel8-3-run03-20260809T112656_12.json,2026-08-08T23:42:55.231232+00:00,True,1.232
pixel8-3-run03-20260809T112656,pixel8,3,11,data/raw/3/capture_3_pixel8_pixel8-3-run03-20260809T112656_11.pcap,data/raw/rrc/rrc_3_pixel8_pixel8-3-run03-20260809T112656_13.json,2026-08-08T23:43:15.762386+00:00,True,1.468
pixel8-3-run03-20260809T112656,pixel8,3,12,data/raw/3/capture_3_pixel8_pixel8-3-run03-20260809T112656_12.pcap,data/raw/rrc/rrc_3_pixel8_pixel8-3-run03-20260809T112656_14.json,2026-08-08T23:43:36.052733+00:00,True,0.607
pixel8-3-run03-20260809T112656,pixel8,3,13,data/raw/3/capture_3_pixel8_pixel8-3-run03-20260809T112656_13.pcap,data/raw/rrc/rrc_3_pixel8_pixel8-3-run03-20260809T112656_15.json,2026-08-08T23:43:56.145150+00:00,True,0.611
pixel8-3-run03-20260809T112656,pixel8,3,14,data/raw/3/capture_3_pixel8_pixel8-3-run03-20260809T112656_14.pcap,data/raw/rrc/rrc_3_pixel8_pixel8-3-run03-20260809T112656_16.json,2026-08-08T23:44:16.231171+00:00,True,1.115
pixel8-3-run03-20260809T112656,pixel8,3,15,data/raw/3/capture_3_pixel8_pixel8-3-run03-20260809T112656_15.pcap,data/raw/rrc/rrc_3_pixel8_pixel8-3-run03-20260809T112656_17.json,2026-08-08T23:44:36.758350+00:00,True,0.697
pixel8-3-run03-20260809T112656,pixel8,3,16,data/raw/3/capture_3_pixel8_pixel8-3-run03-20260809T112656_16.pcap,data/raw/rrc/rrc_3_pixel8_pixel8-3-run03-20260809T112656_18.json,2026-08-08T23:44:57.485199+00:00,True,1.176
pixel8-3-run03-20260809T112656,pixel8,3,17,data/raw/3/capture_3_pixel8_pixel8-3-run03-20260809T112656_17.pcap,data/raw/rrc/rrc_3_pixel8_pixel8-3-run03-20260809T112656_19.json,2026-08-08T23:45:18.203367+00:00,True,0.621
pixel8-3-run03-20260809T112656,pixel8,3,18,data/raw/3/capture_3_pixel8_pixel8-3-run03-20260809T112656_18.pcap,data/raw/rrc/rrc_3_pixel8_pixel8-3-run03-20260809T112656_20.json,2026-08-08T23:45:30.174547+00:00,True,0.232
pixel8-3-run03-20260809T112656,pixel8,3,19,data/raw/3/capture_3_pixel8_pixel8-3-run03-20260809T112656_19.pcap,data/raw/rrc/rrc_3_pixel8_pixel8-3-run03-20260809T112656_23.json,2026-08-08T23:45:41.018870+00:00,True,0.428
pixel8-3-run03-20260809T112656,pixel8,3,20,data/raw/3/capture_3_pixel8_pixel8-3-run03-20260809T112656_20.pcap,data/raw/rrc/rrc_3_pixel8_pixel8-3-run03-20260809T112656_25.json,2026-08-08T23:46:01.944859+00:00,True,0.679
pixel8-3-run04-20260809T112656,pixel8,3,1,data/raw/3/capture_3_pixel8_pixel8-3-run04-20260809T112656_1.pcap,data/raw/rrc/rrc_3_pixel8_pixel8-3-run04-20260809T112656_2.json,2026-08-08T23:46:22.734917+00:00,True,0.306
pixel8-3-run04-20260809T112656,pixel8,3,2,data/raw/3/capture_3_pixel8_pixel8-3-run04-20260809T112656_2.pcap,data/raw/rrc/rrc_3_pixel8_pixel8-3-run04-20260809T112656_4.json,2026-08-08T23:46:43.781256+00:00,True,0.930
pixel8-3-run04-20260809T112656,pixel8,3,3,data/raw/3/capture_3_pixel8_pixel8-3-run04-20260809T112656_3.pcap,data/raw/rrc/rrc_3_pixel8_pixel8-3-run04-20260809T112656_5.json,2026-08-08T23:47:04.829050+00:00,True,0.953
pixel8-3-run04-20260809T112656,pixel8,3,4,data/raw/3/capture_3_pixel8_pixel8-3-run04-20260809T112656_4.pcap,data/raw/rrc/rrc_3_pixel8_pixel8-3-run04-20260809T112656_6.json,2026-08-08T23:47:26.101965+00:00,True,0.669
pixel8-3-run04-20260809T112656,pixel8,3,5,data/raw/3/capture_3_pixel8_pixel8-3-run04-20260809T112656_5.pcap,data/raw/rrc/rrc_3_pixel8_pixel8-3-run04-20260809T112656_7.json,2026-08-08T23:47:47.696051+00:00,True,2.109
pixel8-3-run04-20260809T112656,pixel8,3,6,data/raw/3/capture_3_pixel8_pixel8-3-run04-20260809T112656_6.pcap,data/raw/rrc/rrc_3_pixel8_pixel8-3-run04-20260809T112656_8.json,2026-08-08T23:48:08.773871+00:00,True,0.666
pixel8-3-run04-20260809T112656,pixel8,3,7,data/raw/3/capture_3_pixel8_pixel8-3-run04-20260809T112656_7.pcap,data/raw/rrc/rrc_3_pixel8_pixel8-3-run04-20260809T112656_9.json,2026-08-08T23:48:29.733664+00:00,True,1.223
pixel8-3-run04-20260809T112656,pixel8,3,8,data/raw/3/capture_3_pixel8_pixel8-3-run04-20260809T112656_8.pcap,data/raw/rrc/rrc_3_pixel8_pixel8-3-run04-20260809T112656_10.json,2026-08-08T23:48:51.009806+00:00,True,1.017
pixel8-3-run04-20260809T112656,pixel8,3,9,data/raw/3/capture_3_pixel8_pixel8-3-run04-20260809T112656_9.pcap,data/raw/rrc/rrc_3_pixel8_pixel8-3-run04-20260809T112656_11.json,2026-08-08T23:49:12.343306+00:00,True,0.671
pixel8-3-run04-20260809T112656,pixel8,3,10,data/raw/3/capture_3_pixel8_pixel8-3-run04-20260809T112656_10.pcap,data/raw/rrc/rrc_3_pixel8_pixel8-3-run04-20260809T112656_12.json,2026-08-08T23:49:33.830999+00:00,True,0.632
pixel8-3-run04-20260809T112656,pixel8,3,11,data/raw/3/capture_3_pixel8_pixel8-3-run04-20260809T112656_11.pcap,data/raw/rrc/rrc_3_pixel8_pixel8-3-run04-20260809T112656_13.json,2026-08-08T23:49:55.630180+00:00,True,0.653
pixel8-3-run04-20260809T112656,pixel8,3,12,data/raw/3/capture_3_pixel8_pixel8-3-run04-20260809T112656_12.pcap,data/raw/rrc/rrc_3_pixel8_pixel8-3-run04-20260809T112656_14.json,2026-08-08T23:50:17.241856+00:00,True,0.672
pixel8-3-run04-20260809T112656,pixel8,3,13,data/raw/3/capture_3_pixel8_pixel8-3-run04-20260809T112656_13.pcap,data/raw/rrc/rrc_3_pixel8_pixel8-3-run04-20260809T112656_15.json,2026-08-08T23:50:39.230755+00:00,True,0.702
pixel8-3-run04-20260809T112656,pixel8,3,14,data/raw/3/capture_3_pixel8_pixel8-3-run04-20260809T112656_14.pcap,data/raw/rrc/rrc_3_pixel8_pixel8-3-run04-20260809T112656_16.json,2026-08-08T23:51:00.769069+00:00,True,1.538
pixel8-3-run04-20260809T112656,pixel8,3,15,data/raw/3/capture_3_pixel8_pixel8-3-run04-20260809T112656_15.pcap,data/raw/rrc/rrc_3_pixel8_pixel8-3-run04-20260809T112656_17.json,2026-08-08T23:51:22.717525+00:00,True,0.677
pixel8-3-run04-20260809T112656,pixel8,3,16,data/raw/3/capture_3_pixel8_pixel8-3-run04-20260809T112656_16.pcap,data/raw/rrc/rrc_3_pixel8_pixel8-3-run04-20260809T112656_18.json,2026-08-08T23:51:45.184373+00:00,True,1.133
pixel8-3-run04-20260809T112656,pixel8,3,17,data/raw/3/capture_3_pixel8_pixel8-3-run04-20260809T112656_17.pcap,data/raw/rrc/rrc_3_pixel8_pixel8-3-run04-20260809T112656_20.json,2026-08-08T23:52:07.313466+00:00,True,0.628
pixel8-3-run04-20260809T112656,pixel8,3,18,data/raw/3/capture_3_pixel8_pixel8-3-run04-20260809T112656_18.pcap,data/raw/rrc/rrc_3_pixel8_pixel8-3-run04-20260809T112656_21.json,2026-08-08T23:52:29.422414+00:00,True,1.901
pixel8-3-run04-20260809T112656,pixel8,3,19,data/raw/3/capture_3_pixel8_pixel8-3-run04-20260809T112656_19.pcap,data/raw/rrc/rrc_3_pixel8_pixel8-3-run04-20260809T112656_22.json,2026-08-08T23:52:51.558795+00:00,True,0.621
pixel8-3-run04-20260809T112656,pixel8,3,20,data/raw/3/capture_3_pixel8_pixel8-3-run04-20260809T112656_20.pcap,data/raw/rrc/rrc_3_pixel8_pixel8-3-run04-20260809T112656_23.json,2026-08-08T23:53:13.638629+00:00,True,1.292
pixel8-3-run05-20260809T112656,pixel8,3,1,data/raw/3/capture_3_pixel8_pixel8-3-run05-20260809T112656_1.pcap,data/raw/rrc/rrc_3_pixel8_pixel8-3-run05-20260809T112656_1.json,2026-08-08T23:53:35.927792+00:00,True,0.692
pixel8-3-run05-20260809T112656,pixel8,3,2,data/raw/3/capture_3_pixel8_pixel8-3-run05-20260809T112656_2.pcap,data/raw/rrc/rrc_3_pixel8_pixel8-3-run05-20260809T112656_3.json,2026-08-08T23:53:57.939240+00:00,True,1.147
pixel8-3-run05-20260809T112656,pixel8,3,3,data/raw/3/capture_3_pixel8_pixel8-3-run05-20260809T112656_3.pcap,data/raw/rrc/rrc_3_pixel8_pixel8-3-run05-20260809T112656_6.json,2026-08-08T23:54:20.244166+00:00,True,1.205
pixel8-3-run05-20260809T112656,pixel8,3,4,data/raw/3/capture_3_pixel8_pixel8-3-run05-20260809T112656_4.pcap,data/raw/rrc/rrc_3_pixel8_pixel8-3-run05-20260809T112656_8.json,2026-08-08T23:54:42.919627+00:00,True,0.700
pixel8-3-run05-20260809T112656,pixel8,3,5,data/raw/3/capture_3_pixel8_pixel8-3-run05-20260809T112656_5.pcap,data/raw/rrc/rrc_3_pixel8_pixel8-3-run05-20260809T112656_9.json,2026-08-08T23:55:05.310385+00:00,True,0.678
pixel8-3-run05-20260809T112656,pixel8,3,6,data/raw/3/capture_3_pixel8_pixel8-3-run05-20260809T112656_6.pcap,data/raw/rrc/rrc_3_pixel8_pixel8-3-run05-20260809T112656_10.json,2026-08-08T23:55:28.011044+00:00,True,0.682
pixel8-3-run05-20260809T112656,pixel8,3,7,data/raw/3/capture_3_pixel8_pixel8-3-run05-20260809T112656_7.pcap,data/raw/rrc/rrc_3_pixel8_pixel8-3-run05-20260809T112656_11.json,2026-08-08T23:55:50.504648+00:00,True,0.644
pixel8-3-run05-20260809T112656,pixel8,3,8,data/raw/3/capture_3_pixel8_pixel8-3-run05-20260809T112656_8.pcap,data/raw/rrc/rrc_3_pixel8_pixel8-3-run05-20260809T112656_12.json,2026-08-08T23:56:13.286569+00:00,True,0.671
pixel8-3-run05-20260809T112656,pixel8,3,9,data/raw/3/capture_3_pixel8_pixel8-3-run05-20260809T112656_9.pcap,data/raw/rrc/rrc_3_pixel8_pixel8-3-run05-20260809T112656_13.json,2026-08-08T23:56:36.053272+00:00,True,1.071
pixel8-3-run05-20260809T112656,pixel8,3,10,data/raw/3/capture_3_pixel8_pixel8-3-run05-20260809T112656_10.pcap,data/raw/rrc/rrc_3_pixel8_pixel8-3-run05-20260809T112656_14.json,2026-08-08T23:56:59.182157+00:00,True,1.928
pixel8-3-run05-20260809T112656,pixel8,3,11,data/raw/3/capture_3_pixel8_pixel8-3-run05-20260809T112656_11.pcap,data/raw/rrc/rrc_3_pixel8_pixel8-3-run05-20260809T112656_15.json,2026-08-08T23:57:22.069361+00:00,True,1.182
pixel8-3-run05-20260809T112656,pixel8,3,12,data/raw/3/capture_3_pixel8_pixel8-3-run05-20260809T112656_12.pcap,data/raw/rrc/rrc_3_pixel8_pixel8-3-run05-20260809T112656_16.json,2026-08-08T23:57:44.919441+00:00,True,0.975
pixel8-3-run05-20260809T112656,pixel8,3,13,data/raw/3/capture_3_pixel8_pixel8-3-run05-20260809T112656_13.pcap,data/raw/rrc/rrc_3_pixel8_pixel8-3-run05-20260809T112656_17.json,2026-08-08T23:58:07.703295+00:00,True,1.349
pixel8-3-run05-20260809T112656,pixel8,3,14,data/raw/3/capture_3_pixel8_pixel8-3-run05-20260809T112656_14.pcap,data/raw/rrc/rrc_3_pixel8_pixel8-3-run05-20260809T112656_18.json,2026-08-08T23:58:30.206802+00:00,True,0.638
pixel8-3-run05-20260809T112656,pixel8,3,15,data/raw/3/capture_3_pixel8_pixel8-3-run05-20260809T112656_15.pcap,data/raw/rrc/rrc_3_pixel8_pixel8-3-run05-20260809T112656_19.json,2026-08-08T23:58:53.574750+00:00,True,0.653
pixel8-3-run05-20260809T112656,pixel8,3,16,data/raw/3/capture_3_pixel8_pixel8-3-run05-20260809T112656_16.pcap,data/raw/rrc/rrc_3_pixel8_pixel8-3-run05-20260809T112656_20.json,2026-08-08T23:59:16.904024+00:00,True,0.622
pixel8-3-run05-20260809T112656,pixel8,3,17,data/raw/3/capture_3_pixel8_pixel8-3-run05-20260809T112656_17.pcap,data/raw/rrc/rrc_3_pixel8_pixel8-3-run05-20260809T112656_21.json,2026-08-08T23:59:39.940458+00:00,True,0.618
pixel8-3-run05-20260809T112656,pixel8,3,18,data/raw/3/capture_3_pixel8_pixel8-3-run05-20260809T112656_18.pcap,data/raw/rrc/rrc_3_pixel8_pixel8-3-run05-20260809T112656_22.json,2026-08-09T00:00:03.003522+00:00,True,1.191
pixel8-3-run05-20260809T112656,pixel8,3,19,data/raw/3/capture_3_pixel8_pixel8-3-run05-20260809T112656_19.pcap,data/raw/rrc/rrc_3_pixel8_pixel8-3-run05-20260809T112656_23.json,2026-08-09T00:00:27.190808+00:00,True,1.114
pixel8-3-run05-20260809T112656,pixel8,3,20,data/raw/3/capture_3_pixel8_pixel8-3-run05-20260809T112656_20.pcap,data/raw/rrc/rrc_3_pixel8_pixel8-3-run05-20260809T112656_24.json,2026-08-09T00:00:51.376426+00:00,True,1.160
pixel8-4-run01-20260809T120117,pixel8,4,1,data/raw/4/capture_4_pixel8_pixel8-4-run01-20260809T120117_1.pcap,data/raw/rrc/rrc_4_pixel8_pixel8-4-run01-20260809T120117_4.json,2026-08-09T00:01:59.905412+00:00,True,1.399
pixel8-4-run01-20260809T120702,pixel8,4,1,data/raw/4/capture_4_pixel8_pixel8-4-run01-20260809T120702_1.pcap,data/raw/rrc/rrc_4_pixel8_pixel8-4-run01-20260809T120702_1.json,2026-08-09T00:07:40.913541+00:00,True,0.639
pixel8-4-run01-20260809T120753,pixel8,4,1,data/raw/4/capture_4_pixel8_pixel8-4-run01-20260809T120753_1.pcap,data/raw/rrc/rrc_4_pixel8_pixel8-4-run01-20260809T120753_2.json,2026-08-09T00:08:28.498429+00:00,True,0.627
pixel8-0-run01-20260809T121214,pixel8,0,1,data/raw/0/capture_0_pixel8_pixel8-0-run01-20260809T121214_1.pcap,data/raw/rrc/rrc_0_pixel8_pixel8-0-run01-20260809T121214_1.json,2026-08-09T00:12:53.080158+00:00,True,0.452
pixel8-0-run01-20260809T121214,pixel8,0,2,data/raw/0/capture_0_pixel8_pixel8-0-run01-20260809T121214_2.pcap,data/raw/rrc/rrc_0_pixel8_pixel8-0-run01-20260809T121214_2.json,2026-08-09T00:13:16.317139+00:00,True,0.409
pixel8-0-run01-20260809T121214,pixel8,0,3,data/raw/0/capture_0_pixel8_pixel8-0-run01-20260809T121214_3.pcap,data/raw/rrc/rrc_0_pixel8_pixel8-0-run01-20260809T121214_3.json,2026-08-09T00:13:39.386409+00:00,True,0.310
pixel8-0-run01-20260809T121214,pixel8,0,4,data/raw/0/capture_0_pixel8_pixel8-0-run01-20260809T121214_4.pcap,data/raw/rrc/rrc_0_pixel8_pixel8-0-run01-20260809T121214_4.json,2026-08-09T00:14:02.318923+00:00,True,1.047
pixel8-0-run01-20260809T121214,pixel8,0,5,data/raw/0/capture_0_pixel8_pixel8-0-run01-20260809T121214_5.pcap,data/raw/rrc/rrc_0_pixel8_pixel8-0-run01-20260809T121214_5.json,2026-08-09T00:14:25.400276+00:00,True,1.089
pixel8-0-run01-20260809T121214,pixel8,0,6,data/raw/0/capture_0_pixel8_pixel8-0-run01-20260809T121214_6.pcap,data/raw/rrc/rrc_0_pixel8_pixel8-0-run01-20260809T121214_7.json,2026-08-09T00:14:48.853926+00:00,True,1.156
pixel8-1-run01-20260809T121214,pixel8,1,1,data/raw/1/capture_1_pixel8_pixel8-1-run01-20260809T121214_1.pcap,data/raw/rrc/rrc_1_pixel8_pixel8-1-run01-20260809T121214_4.json,2026-08-09T00:15:30.352394+00:00,True,0.673
pixel8-1-run01-20260809T121214,pixel8,1,2,data/raw/1/capture_1_pixel8_pixel8-1-run01-20260809T121214_2.pcap,data/raw/rrc/rrc_1_pixel8_pixel8-1-run01-20260809T121214_5.json,2026-08-09T00:15:53.932957+00:00,True,1.132
pixel8-1-run01-20260809T121214,pixel8,1,3,data/raw/1/capture_1_pixel8_pixel8-1-run01-20260809T121214_3.pcap,data/raw/rrc/rrc_1_pixel8_pixel8-1-run01-20260809T121214_6.json,2026-08-09T00:16:17.509087+00:00,True,1.239
pixel8-1-run01-20260809T121214,pixel8,1,4,data/raw/1/capture_1_pixel8_pixel8-1-run01-20260809T121214_4.pcap,data/raw/rrc/rrc_1_pixel8_pixel8-1-run01-20260809T121214_7.json,2026-08-09T00:16:41.189934+00:00,True,0.666
pixel8-1-run01-20260809T121214,pixel8,1,5,data/raw/1/capture_1_pixel8_pixel8-1-run01-20260809T121214_5.pcap,data/raw/rrc/rrc_1_pixel8_pixel8-1-run01-20260809T121214_8.json,2026-08-09T00:17:04.409319+00:00,True,0.936
pixel8-1-run01-20260809T121214,pixel8,1,6,data/raw/1/capture_1_pixel8_pixel8-1-run01-20260809T121214_6.pcap,data/raw/rrc/rrc_1_pixel8_pixel8-1-run01-20260809T121214_9.json,2026-08-09T00:17:39.825593+00:00,True,0.613
pixel8-3-run01-20260809T121214,pixel8,3,1,data/raw/3/capture_3_pixel8_pixel8-3-run01-20260809T121214_1.pcap,data/raw/rrc/rrc_3_pixel8_pixel8-3-run01-20260809T121214_4.json,2026-08-09T00:18:25.449192+00:00,True,1.275
pixel8-3-run01-20260809T121214,pixel8,3,2,data/raw/3/capture_3_pixel8_pixel8-3-run01-20260809T121214_2.pcap,data/raw/rrc/rrc_3_pixel8_pixel8-3-run01-20260809T121214_5.json,2026-08-09T00:18:48.906414+00:00,True,0.791
pixel8-3-run01-20260809T121214,pixel8,3,3,data/raw/3/capture_3_pixel8_pixel8-3-run01-20260809T121214_3.pcap,data/raw/rrc/rrc_3_pixel8_pixel8-3-run01-20260809T121214_6.json,2026-08-09T00:19:12.818352+00:00,True,0.930
pixel8-3-run01-20260809T121214,pixel8,3,4,data/raw/3/capture_3_pixel8_pixel8-3-run01-20260809T121214_4.pcap,data/raw/rrc/rrc_3_pixel8_pixel8-3-run01-20260809T121214_7.json,2026-08-09T00:19:36.297400+00:00,True,0.512
pixel8-3-run01-20260809T121214,pixel8,3,5,data/raw/3/capture_3_pixel8_pixel8-3-run01-20260809T121214_5.pcap,data/raw/rrc/rrc_3_pixel8_pixel8-3-run01-20260809T121214_8.json,2026-08-09T00:20:01.887834+00:00,True,0.398
pixel8-3-run01-20260809T121214,pixel8,3,6,data/raw/3/capture_3_pixel8_pixel8-3-run01-20260809T121214_6.pcap,data/raw/rrc/rrc_3_pixel8_pixel8-3-run01-20260809T121214_9.json,2026-08-09T00:20:15.720636+00:00,True,1.003
pixel8-4-run01-20260809T122043,pixel8,4,1,data/raw/4/capture_4_pixel8_pixel8-4-run01-20260809T122043_1.pcap,data/raw/rrc/rrc_4_pixel8_pixel8-4-run01-20260809T122043_2.json,2026-08-09T00:21:27.166669+00:00,True,1.106
pixel8-4-run01-20260809T122043,pixel8,4,2,data/raw/4/capture_4_pixel8_pixel8-4-run01-20260809T122043_2.pcap,data/raw/rrc/rrc_4_pixel8_pixel8-4-run01-20260809T122043_3.json,2026-08-09T00:21:50.163262+00:00,True,0.609
pixel8-4-run01-20260809T122043,pixel8,4,3,data/raw/4/capture_4_pixel8_pixel8-4-run01-20260809T122043_3.pcap,data/raw/rrc/rrc_4_pixel8_pixel8-4-run01-20260809T122043_4.json,2026-08-09T00:22:13.897055+00:00,True,1.051
pixel8-4-run01-20260809T122043,pixel8,4,4,data/raw/4/capture_4_pixel8_pixel8-4-run01-20260809T122043_4.pcap,data/raw/rrc/rrc_4_pixel8_pixel8-4-run01-20260809T122043_5.json,2026-08-09T00:22:37.014489+00:00,True,0.618
pixel8-4-run01-20260809T122043,pixel8,4,5,data/raw/4/capture_4_pixel8_pixel8-4-run01-20260809T122043_5.pcap,data/raw/rrc/rrc_4_pixel8_pixel8-4-run01-20260809T122043_6.json,2026-08-09T00:22:59.993824+00:00,True,0.642
pixel8-4-run01-20260809T122043,pixel8,4,6,data/raw/4/capture_4_pixel8_pixel8-4-run01-20260809T122043_6.pcap,data/raw/rrc/rrc_4_pixel8_pixel8-4-run01-20260809T122043_8.json,2026-08-09T00:23:23.300314+00:00,True,0.451
pixel8-4-run01-20260809T122043,pixel8,4,7,data/raw/4/capture_4_pixel8_pixel8-4-run01-20260809T122043_7.pcap,data/raw/rrc/rrc_4_pixel8_pixel8-4-run01-20260809T122043_10.json,2026-08-09T00:23:47.191338+00:00,True,0.284
pixel8-4-run01-20260809T122043,pixel8,4,8,data/raw/4/capture_4_pixel8_pixel8-4-run01-20260809T122043_8.pcap,data/raw/rrc/rrc_4_pixel8_pixel8-4-run01-20260809T122043_11.json,2026-08-09T00:24:10.148056+00:00,True,0.657
pixel8-4-run01-20260809T122043,pixel8,4,9,data/raw/4/capture_4_pixel8_pixel8-4-run01-20260809T122043_9.pcap,data/raw/rrc/rrc_4_pixel8_pixel8-4-run01-20260809T122043_12.json,2026-08-09T00:24:33.459282+00:00,True,1.059
pixel8-4-run01-20260809T122043,pixel8,4,10,data/raw/4/capture_4_pixel8_pixel8-4-run01-20260809T122043_10.pcap,data/raw/rrc/rrc_4_pixel8_pixel8-4-run01-20260809T122043_13.json,2026-08-09T00:24:56.390804+00:00,True,0.634
pixel8-4-run01-20260809T122043,pixel8,4,11,data/raw/4/capture_4_pixel8_pixel8-4-run01-20260809T122043_11.pcap,data/raw/rrc/rrc_4_pixel8_pixel8-4-run01-20260809T122043_15.json,2026-08-09T00:25:19.451559+00:00,True,1.163
pixel8-4-run01-20260809T122043,pixel8,4,12,data/raw/4/capture_4_pixel8_pixel8-4-run01-20260809T122043_12.pcap,data/raw/rrc/rrc_4_pixel8_pixel8-4-run01-20260809T122043_17.json,2026-08-09T00:25:42.631945+00:00,True,0.483
pixel8-4-run01-20260809T122043,pixel8,4,13,data/raw/4/capture_4_pixel8_pixel8-4-run01-20260809T122043_13.pcap,data/raw/rrc/rrc_4_pixel8_pixel8-4-run01-20260809T122043_19.json,2026-08-09T00:26:06.441806+00:00,True,0.464
pixel8-4-run01-20260809T122043,pixel8,4,14,data/raw/4/capture_4_pixel8_pixel8-4-run01-20260809T122043_14.pcap,data/raw/rrc/rrc_4_pixel8_pixel8-4-run01-20260809T122043_21.json,2026-08-09T00:26:30.208068+00:00,True,0.602
pixel8-4-run01-20260809T122043,pixel8,4,15,data/raw/4/capture_4_pixel8_pixel8-4-run01-20260809T122043_15.pcap,data/raw/rrc/rrc_4_pixel8_pixel8-4-run01-20260809T122043_22.json,2026-08-09T00:26:54.290721+00:00,True,1.171
pixel8-4-run01-20260809T122043,pixel8,4,16,data/raw/4/capture_4_pixel8_pixel8-4-run01-20260809T122043_16.pcap,data/raw/rrc/rrc_4_pixel8_pixel8-4-run01-20260809T122043_23.json,2026-08-09T00:27:17.931686+00:00,True,0.620
pixel8-4-run01-20260809T122043,pixel8,4,17,data/raw/4/capture_4_pixel8_pixel8-4-run01-20260809T122043_17.pcap,data/raw/rrc/rrc_4_pixel8_pixel8-4-run01-20260809T122043_24.json,2026-08-09T00:27:42.336662+00:00,True,0.880
pixel8-4-run01-20260809T122043,pixel8,4,18,data/raw/4/capture_4_pixel8_pixel8-4-run01-20260809T122043_18.pcap,data/raw/rrc/rrc_4_pixel8_pixel8-4-run01-20260809T122043_25.json,2026-08-09T00:28:05.814094+00:00,True,0.592
pixel8-4-run01-20260809T122043,pixel8,4,19,data/raw/4/capture_4_pixel8_pixel8-4-run01-20260809T122043_19.pcap,data/raw/rrc/rrc_4_pixel8_pixel8-4-run01-20260809T122043_26.json,2026-08-09T00:28:28.728957+00:00,True,1.059
pixel8-4-run01-20260809T122043,pixel8,4,20,data/raw/4/capture_4_pixel8_pixel8-4-run01-20260809T122043_20.pcap,data/raw/rrc/rrc_4_pixel8_pixel8-4-run01-20260809T122043_27.json,2026-08-09T00:28:51.642883+00:00,True,1.136
pixel8-4-run02-20260809T122043,pixel8,4,1,data/raw/4/capture_4_pixel8_pixel8-4-run02-20260809T122043_1.pcap,data/raw/rrc/rrc_4_pixel8_pixel8-4-run02-20260809T122043_1.json,2026-08-09T00:29:15.194397+00:00,True,1.055
pixel8-4-run02-20260809T122043,pixel8,4,2,data/raw/4/capture_4_pixel8_pixel8-4-run02-20260809T122043_2.pcap,data/raw/rrc/rrc_4_pixel8_pixel8-4-run02-20260809T122043_2.json,2026-08-09T00:29:38.559274+00:00,True,0.600
pixel8-4-run02-20260809T122043,pixel8,4,3,data/raw/4/capture_4_pixel8_pixel8-4-run02-20260809T122043_3.pcap,data/raw/rrc/rrc_4_pixel8_pixel8-4-run02-20260809T122043_3.json,2026-08-09T00:30:01.589131+00:00,True,1.189
pixel8-4-run02-20260809T122043,pixel8,4,4,data/raw/4/capture_4_pixel8_pixel8-4-run02-20260809T122043_4.pcap,data/raw/rrc/rrc_4_pixel8_pixel8-4-run02-20260809T122043_4.json,2026-08-09T00:30:25.443875+00:00,True,1.087
pixel8-4-run02-20260809T122043,pixel8,4,5,data/raw/4/capture_4_pixel8_pixel8-4-run02-20260809T122043_5.pcap,data/raw/rrc/rrc_4_pixel8_pixel8-4-run02-20260809T122043_5.json,2026-08-09T00:30:49.089297+00:00,True,1.041
pixel8-4-run02-20260809T122043,pixel8,4,6,data/raw/4/capture_4_pixel8_pixel8-4-run02-20260809T122043_6.pcap,data/raw/rrc/rrc_4_pixel8_pixel8-4-run02-20260809T122043_6.json,2026-08-09T00:31:12.706745+00:00,True,0.665
pixel8-4-run02-20260809T122043,pixel8,4,7,data/raw/4/capture_4_pixel8_pixel8-4-run02-20260809T122043_7.pcap,data/raw/rrc/rrc_4_pixel8_pixel8-4-run02-20260809T122043_7.json,2026-08-09T00:31:36.586495+00:00,True,0.713
pixel8-4-run02-20260809T122043,pixel8,4,8,data/raw/4/capture_4_pixel8_pixel8-4-run02-20260809T122043_8.pcap,data/raw/rrc/rrc_4_pixel8_pixel8-4-run02-20260809T122043_8.json,2026-08-09T00:32:00.599999+00:00,True,1.132
pixel8-4-run02-20260809T122043,pixel8,4,9,data/raw/4/capture_4_pixel8_pixel8-4-run02-20260809T122043_9.pcap,data/raw/rrc/rrc_4_pixel8_pixel8-4-run02-20260809T122043_9.json,2026-08-09T00:32:24.008873+00:00,True,1.850
pixel8-4-run02-20260809T122043,pixel8,4,10,data/raw/4/capture_4_pixel8_pixel8-4-run02-20260809T122043_10.pcap,data/raw/rrc/rrc_4_pixel8_pixel8-4-run02-20260809T122043_10.json,2026-08-09T00:32:47.685235+00:00,True,1.036
pixel8-4-run02-20260809T122043,pixel8,4,11,data/raw/4/capture_4_pixel8_pixel8-4-run02-20260809T122043_11.pcap,data/raw/rrc/rrc_4_pixel8_pixel8-4-run02-20260809T122043_11.json,2026-08-09T00:33:10.952774+00:00,True,1.057
pixel8-4-run02-20260809T122043,pixel8,4,12,data/raw/4/capture_4_pixel8_pixel8-4-run02-20260809T122043_12.pcap,data/raw/rrc/rrc_4_pixel8_pixel8-4-run02-20260809T122043_12.json,2026-08-09T00:33:34.722447+00:00,True,1.055
pixel8-4-run02-20260809T122043,pixel8,4,13,data/raw/4/capture_4_pixel8_pixel8-4-run02-20260809T122043_13.pcap,data/raw/rrc/rrc_4_pixel8_pixel8-4-run02-20260809T122043_13.json,2026-08-09T00:33:58.157983+00:00,True,0.611
pixel8-4-run02-20260809T122043,pixel8,4,14,data/raw/4/capture_4_pixel8_pixel8-4-run02-20260809T122043_14.pcap,data/raw/rrc/rrc_4_pixel8_pixel8-4-run02-20260809T122043_14.json,2026-08-09T00:34:21.581052+00:00,True,1.142
pixel8-4-run02-20260809T122043,pixel8,4,15,data/raw/4/capture_4_pixel8_pixel8-4-run02-20260809T122043_15.pcap,data/raw/rrc/rrc_4_pixel8_pixel8-4-run02-20260809T122043_15.json,2026-08-09T00:34:44.829293+00:00,True,1.136
pixel8-4-run02-20260809T122043,pixel8,4,16,data/raw/4/capture_4_pixel8_pixel8-4-run02-20260809T122043_16.pcap,data/raw/rrc/rrc_4_pixel8_pixel8-4-run02-20260809T122043_16.json,2026-08-09T00:35:08.922834+00:00,True,1.127
pixel8-4-run02-20260809T122043,pixel8,4,17,data/raw/4/capture_4_pixel8_pixel8-4-run02-20260809T122043_17.pcap,data/raw/rrc/rrc_4_pixel8_pixel8-4-run02-20260809T122043_17.json,2026-08-09T00:35:32.501315+00:00,True,0.578
pixel8-4-run02-20260809T122043,pixel8,4,18,data/raw/4/capture_4_pixel8_pixel8-4-run02-20260809T122043_18.pcap,data/raw/rrc/rrc_4_pixel8_pixel8-4-run02-20260809T122043_18.json,2026-08-09T00:35:55.978943+00:00,True,0.595
pixel8-4-run02-20260809T122043,pixel8,4,19,data/raw/4/capture_4_pixel8_pixel8-4-run02-20260809T122043_19.pcap,data/raw/rrc/rrc_4_pixel8_pixel8-4-run02-20260809T122043_19.json,2026-08-09T00:36:19.219724+00:00,True,0.646
pixel8-4-run02-20260809T122043,pixel8,4,20,data/raw/4/capture_4_pixel8_pixel8-4-run02-20260809T122043_20.pcap,data/raw/rrc/rrc_4_pixel8_pixel8-4-run02-20260809T122043_20.json,2026-08-09T00:36:42.577328+00:00,True,1.143
pixel8-4-run03-20260809T122043,pixel8,4,1,data/raw/4/capture_4_pixel8_pixel8-4-run03-20260809T122043_1.pcap,data/raw/rrc/rrc_4_pixel8_pixel8-4-run03-20260809T122043_1.json,2026-08-09T00:37:06.266510+00:00,True,0.629
pixel8-4-run03-20260809T122043,pixel8,4,2,data/raw/4/capture_4_pixel8_pixel8-4-run03-20260809T122043_2.pcap,data/raw/rrc/rrc_4_pixel8_pixel8-4-run03-20260809T122043_2.json,2026-08-09T00:37:29.848222+00:00,True,1.155
pixel8-4-run03-20260809T122043,pixel8,4,3,data/raw/4/capture_4_pixel8_pixel8-4-run03-20260809T122043_3.pcap,data/raw/rrc/rrc_4_pixel8_pixel8-4-run03-20260809T122043_3.json,2026-08-09T00:37:53.370826+00:00,True,0.596
pixel8-4-run03-20260809T122043,pixel8,4,4,data/raw/4/capture_4_pixel8_pixel8-4-run03-20260809T122043_4.pcap,data/raw/rrc/rrc_4_pixel8_pixel8-4-run03-20260809T122043_4.json,2026-08-09T00:38:16.521232+00:00,True,0.622
pixel8-4-run03-20260809T122043,pixel8,4,5,data/raw/4/capture_4_pixel8_pixel8-4-run03-20260809T122043_5.pcap,data/raw/rrc/rrc_4_pixel8_pixel8-4-run03-20260809T122043_7.json,2026-08-09T00:38:40.105801+00:00,True,0.296
pixel8-4-run03-20260809T122043,pixel8,4,6,data/raw/4/capture_4_pixel8_pixel8-4-run03-20260809T122043_6.pcap,data/raw/rrc/rrc_4_pixel8_pixel8-4-run03-20260809T122043_10.json,2026-08-09T00:39:03.836519+00:00,True,1.993
pixel8-4-run03-20260809T122043,pixel8,4,7,data/raw/4/capture_4_pixel8_pixel8-4-run03-20260809T122043_7.pcap,data/raw/rrc/rrc_4_pixel8_pixel8-4-run03-20260809T122043_12.json,2026-08-09T00:39:27.656553+00:00,True,0.289
pixel8-4-run03-20260809T122043,pixel8,4,8,data/raw/4/capture_4_pixel8_pixel8-4-run03-20260809T122043_8.pcap,data/raw/rrc/rrc_4_pixel8_pixel8-4-run03-20260809T122043_13.json,2026-08-09T00:39:51.271727+00:00,True,0.640
pixel8-4-run03-20260809T122043,pixel8,4,9,data/raw/4/capture_4_pixel8_pixel8-4-run03-20260809T122043_9.pcap,data/raw/rrc/rrc_4_pixel8_pixel8-4-run03-20260809T122043_15.json,2026-08-09T00:40:14.451186+00:00,True,1.085
pixel8-4-run03-20260809T122043,pixel8,4,10,data/raw/4/capture_4_pixel8_pixel8-4-run03-20260809T122043_10.pcap,data/raw/rrc/rrc_4_pixel8_pixel8-4-run03-20260809T122043_18.json,2026-08-09T00:40:37.945752+00:00,True,0.974
pixel8-4-run03-20260809T122043,pixel8,4,11,data/raw/4/capture_4_pixel8_pixel8-4-run03-20260809T122043_11.pcap,data/raw/rrc/rrc_4_pixel8_pixel8-4-run03-20260809T122043_20.json,2026-08-09T00:41:01.995344+00:00,True,0.742
pixel8-4-run03-20260809T122043,pixel8,4,12,data/raw/4/capture_4_pixel8_pixel8-4-run03-20260809T122043_12.pcap,data/raw/rrc/rrc_4_pixel8_pixel8-4-run03-20260809T122043_23.json,2026-08-09T00:41:25.679711+00:00,True,0.555
pixel8-4-run03-20260809T122043,pixel8,4,13,data/raw/4/capture_4_pixel8_pixel8-4-run03-20260809T122043_13.pcap,data/raw/rrc/rrc_4_pixel8_pixel8-4-run03-20260809T122043_24.json,2026-08-09T00:41:49.018442+00:00,True,0.632
pixel8-4-run03-20260809T122043,pixel8,4,14,data/raw/4/capture_4_pixel8_pixel8-4-run03-20260809T122043_14.pcap,data/raw/rrc/rrc_4_pixel8_pixel8-4-run03-20260809T122043_25.json,2026-08-09T00:42:12.912515+00:00,True,0.895
pixel8-4-run03-20260809T122043,pixel8,4,15,data/raw/4/capture_4_pixel8_pixel8-4-run03-20260809T122043_15.pcap,data/raw/rrc/rrc_4_pixel8_pixel8-4-run03-20260809T122043_27.json,2026-08-09T00:42:36.721439+00:00,True,0.622
pixel8-4-run03-20260809T122043,pixel8,4,16,data/raw/4/capture_4_pixel8_pixel8-4-run03-20260809T122043_16.pcap,data/raw/rrc/rrc_4_pixel8_pixel8-4-run03-20260809T122043_29.json,2026-08-09T00:43:00.223299+00:00,True,0.645
pixel8-4-run03-20260809T122043,pixel8,4,17,data/raw/4/capture_4_pixel8_pixel8-4-run03-20260809T122043_17.pcap,data/raw/rrc/rrc_4_pixel8_pixel8-4-run03-20260809T122043_31.json,2026-08-09T00:43:23.363468+00:00,True,1.068
pixel8-4-run03-20260809T122043,pixel8,4,18,data/raw/4/capture_4_pixel8_pixel8-4-run03-20260809T122043_18.pcap,data/raw/rrc/rrc_4_pixel8_pixel8-4-run03-20260809T122043_34.json,2026-08-09T00:43:46.769576+00:00,True,0.556
pixel8-4-run03-20260809T122043,pixel8,4,19,data/raw/4/capture_4_pixel8_pixel8-4-run03-20260809T122043_19.pcap,data/raw/rrc/rrc_4_pixel8_pixel8-4-run03-20260809T122043_35.json,2026-08-09T00:44:10.149737+00:00,True,1.289
pixel8-4-run03-20260809T122043,pixel8,4,20,data/raw/4/capture_4_pixel8_pixel8-4-run03-20260809T122043_20.pcap,data/raw/rrc/rrc_4_pixel8_pixel8-4-run03-20260809T122043_36.json,2026-08-09T00:44:33.587397+00:00,True,1.113
pixel8-4-run04-20260809T122043,pixel8,4,1,data/raw/4/capture_4_pixel8_pixel8-4-run04-20260809T122043_1.pcap,data/raw/rrc/rrc_4_pixel8_pixel8-4-run04-20260809T122043_1.json,2026-08-09T00:44:56.938675+00:00,True,0.635
pixel8-4-run04-20260809T122043,pixel8,4,2,data/raw/4/capture_4_pixel8_pixel8-4-run04-20260809T122043_2.pcap,data/raw/rrc/rrc_4_pixel8_pixel8-4-run04-20260809T122043_2.json,2026-08-09T00:45:20.375213+00:00,True,0.720
pixel8-4-run04-20260809T122043,pixel8,4,3,data/raw/4/capture_4_pixel8_pixel8-4-run04-20260809T122043_3.pcap,data/raw/rrc/rrc_4_pixel8_pixel8-4-run04-20260809T122043_3.json,2026-08-09T00:45:44.144862+00:00,True,1.066
pixel8-4-run04-20260809T122043,pixel8,4,4,data/raw/4/capture_4_pixel8_pixel8-4-run04-20260809T122043_4.pcap,data/raw/rrc/rrc_4_pixel8_pixel8-4-run04-20260809T122043_4.json,2026-08-09T00:46:07.746398+00:00,True,1.101
pixel8-4-run04-20260809T122043,pixel8,4,5,data/raw/4/capture_4_pixel8_pixel8-4-run04-20260809T122043_5.pcap,data/raw/rrc/rrc_4_pixel8_pixel8-4-run04-20260809T122043_5.json,2026-08-09T00:46:31.570380+00:00,True,0.695
pixel8-4-run04-20260809T122043,pixel8,4,6,data/raw/4/capture_4_pixel8_pixel8-4-run04-20260809T122043_6.pcap,data/raw/rrc/rrc_4_pixel8_pixel8-4-run04-20260809T122043_6.json,2026-08-09T00:46:55.709580+00:00,True,0.638
pixel8-4-run04-20260809T122043,pixel8,4,7,data/raw/4/capture_4_pixel8_pixel8-4-run04-20260809T122043_7.pcap,data/raw/rrc/rrc_4_pixel8_pixel8-4-run04-20260809T122043_7.json,2026-08-09T00:47:19.428536+00:00,True,1.049
pixel8-4-run04-20260809T122043,pixel8,4,8,data/raw/4/capture_4_pixel8_pixel8-4-run04-20260809T122043_8.pcap,data/raw/rrc/rrc_4_pixel8_pixel8-4-run04-20260809T122043_8.json,2026-08-09T00:47:43.153720+00:00,True,1.025
pixel8-4-run04-20260809T122043,pixel8,4,9,data/raw/4/capture_4_pixel8_pixel8-4-run04-20260809T122043_9.pcap,data/raw/rrc/rrc_4_pixel8_pixel8-4-run04-20260809T122043_9.json,2026-08-09T00:48:06.761402+00:00,True,1.147
pixel8-4-run04-20260809T122043,pixel8,4,10,data/raw/4/capture_4_pixel8_pixel8-4-run04-20260809T122043_10.pcap,data/raw/rrc/rrc_4_pixel8_pixel8-4-run04-20260809T122043_10.json,2026-08-09T00:48:30.222797+00:00,True,0.291
pixel8-4-run04-20260809T122043,pixel8,4,11,data/raw/4/capture_4_pixel8_pixel8-4-run04-20260809T122043_11.pcap,data/raw/rrc/rrc_4_pixel8_pixel8-4-run04-20260809T122043_11.json,2026-08-09T00:48:53.914100+00:00,True,1.152
pixel8-4-run04-20260809T122043,pixel8,4,12,data/raw/4/capture_4_pixel8_pixel8-4-run04-20260809T122043_12.pcap,data/raw/rrc/rrc_4_pixel8_pixel8-4-run04-20260809T122043_12.json,2026-08-09T00:49:17.639388+00:00,True,0.603
pixel8-4-run04-20260809T122043,pixel8,4,13,data/raw/4/capture_4_pixel8_pixel8-4-run04-20260809T122043_13.pcap,data/raw/rrc/rrc_4_pixel8_pixel8-4-run04-20260809T122043_13.json,2026-08-09T00:49:41.120454+00:00,True,1.172
pixel8-4-run04-20260809T122043,pixel8,4,14,data/raw/4/capture_4_pixel8_pixel8-4-run04-20260809T122043_14.pcap,data/raw/rrc/rrc_4_pixel8_pixel8-4-run04-20260809T122043_14.json,2026-08-09T00:50:05.101549+00:00,True,0.968
pixel8-4-run04-20260809T122043,pixel8,4,15,data/raw/4/capture_4_pixel8_pixel8-4-run04-20260809T122043_15.pcap,data/raw/rrc/rrc_4_pixel8_pixel8-4-run04-20260809T122043_15.json,2026-08-09T00:50:28.695007+00:00,True,0.609
pixel8-4-run04-20260809T122043,pixel8,4,16,data/raw/4/capture_4_pixel8_pixel8-4-run04-20260809T122043_16.pcap,data/raw/rrc/rrc_4_pixel8_pixel8-4-run04-20260809T122043_16.json,2026-08-09T00:50:53.031806+00:00,True,0.703
pixel8-4-run04-20260809T122043,pixel8,4,17,data/raw/4/capture_4_pixel8_pixel8-4-run04-20260809T122043_17.pcap,data/raw/rrc/rrc_4_pixel8_pixel8-4-run04-20260809T122043_17.json,2026-08-09T00:51:16.941366+00:00,True,0.986
pixel8-4-run04-20260809T122043,pixel8,4,18,data/raw/4/capture_4_pixel8_pixel8-4-run04-20260809T122043_18.pcap,data/raw/rrc/rrc_4_pixel8_pixel8-4-run04-20260809T122043_18.json,2026-08-09T00:51:40.416156+00:00,True,2.715
pixel8-4-run04-20260809T122043,pixel8,4,19,data/raw/4/capture_4_pixel8_pixel8-4-run04-20260809T122043_19.pcap,data/raw/rrc/rrc_4_pixel8_pixel8-4-run04-20260809T122043_19.json,2026-08-09T00:52:04.194017+00:00,True,0.660
pixel8-4-run04-20260809T122043,pixel8,4,20,data/raw/4/capture_4_pixel8_pixel8-4-run04-20260809T122043_20.pcap,data/raw/rrc/rrc_4_pixel8_pixel8-4-run04-20260809T122043_22.json,2026-08-09T00:52:27.435095+00:00,True,1.131
pixel8-4-run05-20260809T122043,pixel8,4,1,data/raw/4/capture_4_pixel8_pixel8-4-run05-20260809T122043_1.pcap,data/raw/rrc/rrc_4_pixel8_pixel8-4-run05-20260809T122043_1.json,2026-08-09T00:52:51.390556+00:00,True,1.112
pixel8-4-run05-20260809T122043,pixel8,4,2,data/raw/4/capture_4_pixel8_pixel8-4-run05-20260809T122043_2.pcap,data/raw/rrc/rrc_4_pixel8_pixel8-4-run05-20260809T122043_2.json,2026-08-09T00:53:15.819352+00:00,True,0.606
pixel8-4-run05-20260809T122043,pixel8,4,3,data/raw/4/capture_4_pixel8_pixel8-4-run05-20260809T122043_3.pcap,data/raw/rrc/rrc_4_pixel8_pixel8-4-run05-20260809T122043_3.json,2026-08-09T00:53:39.881750+00:00,True,1.123
pixel8-4-run05-20260809T122043,pixel8,4,4,data/raw/4/capture_4_pixel8_pixel8-4-run05-20260809T122043_4.pcap,data/raw/rrc/rrc_4_pixel8_pixel8-4-run05-20260809T122043_4.json,2026-08-09T00:54:03.734582+00:00,True,0.468
pixel8-4-run05-20260809T122043,pixel8,4,5,data/raw/4/capture_4_pixel8_pixel8-4-run05-20260809T122043_5.pcap,data/raw/rrc/rrc_4_pixel8_pixel8-4-run05-20260809T122043_5.json,2026-08-09T00:54:27.310257+00:00,True,0.603
pixel8-4-run05-20260809T122043,pixel8,4,6,data/raw/4/capture_4_pixel8_pixel8-4-run05-20260809T122043_6.pcap,data/raw/rrc/rrc_4_pixel8_pixel8-4-run05-20260809T122043_6.json,2026-08-09T00:54:51.253458+00:00,True,0.859
pixel8-4-run05-20260809T122043,pixel8,4,7,data/raw/4/capture_4_pixel8_pixel8-4-run05-20260809T122043_7.pcap,data/raw/rrc/rrc_4_pixel8_pixel8-4-run05-20260809T122043_7.json,2026-08-09T00:55:15.410835+00:00,True,1.140
pixel8-4-run05-20260809T122043,pixel8,4,8,data/raw/4/capture_4_pixel8_pixel8-4-run05-20260809T122043_8.pcap,data/raw/rrc/rrc_4_pixel8_pixel8-4-run05-20260809T122043_8.json,2026-08-09T00:55:39.689280+00:00,True,1.292
pixel8-4-run05-20260809T122043,pixel8,4,9,data/raw/4/capture_4_pixel8_pixel8-4-run05-20260809T122043_9.pcap,data/raw/rrc/rrc_4_pixel8_pixel8-4-run05-20260809T122043_10.json,2026-08-09T00:56:03.623246+00:00,True,0.658
pixel8-4-run05-20260809T122043,pixel8,4,10,data/raw/4/capture_4_pixel8_pixel8-4-run05-20260809T122043_10.pcap,data/raw/rrc/rrc_4_pixel8_pixel8-4-run05-20260809T122043_13.json,2026-08-09T00:56:28.704965+00:00,True,1.781
pixel8-4-run05-20260809T122043,pixel8,4,11,data/raw/4/capture_4_pixel8_pixel8-4-run05-20260809T122043_11.pcap,data/raw/rrc/rrc_4_pixel8_pixel8-4-run05-20260809T122043_15.json,2026-08-09T00:56:53.335129+00:00,True,0.676
pixel8-4-run05-20260809T122043,pixel8,4,12,data/raw/4/capture_4_pixel8_pixel8-4-run05-20260809T122043_12.pcap,data/raw/rrc/rrc_4_pixel8_pixel8-4-run05-20260809T122043_18.json,2026-08-09T00:57:17.689366+00:00,True,0.954
pixel8-4-run05-20260809T122043,pixel8,4,13,data/raw/4/capture_4_pixel8_pixel8-4-run05-20260809T122043_13.pcap,data/raw/rrc/rrc_4_pixel8_pixel8-4-run05-20260809T122043_19.json,2026-08-09T00:57:42.016597+00:00,True,0.626
pixel8-4-run05-20260809T122043,pixel8,4,14,data/raw/4/capture_4_pixel8_pixel8-4-run05-20260809T122043_14.pcap,data/raw/rrc/rrc_4_pixel8_pixel8-4-run05-20260809T122043_20.json,2026-08-09T00:58:05.870890+00:00,True,0.696
pixel8-4-run05-20260809T122043,pixel8,4,15,data/raw/4/capture_4_pixel8_pixel8-4-run05-20260809T122043_15.pcap,data/raw/rrc/rrc_4_pixel8_pixel8-4-run05-20260809T122043_21.json,2026-08-09T00:58:29.356679+00:00,True,0.982
pixel8-4-run05-20260809T122043,pixel8,4,16,data/raw/4/capture_4_pixel8_pixel8-4-run05-20260809T122043_16.pcap,data/raw/rrc/rrc_4_pixel8_pixel8-4-run05-20260809T122043_22.json,2026-08-09T00:58:53.642362+00:00,True,1.062
pixel8-4-run05-20260809T122043,pixel8,4,17,data/raw/4/capture_4_pixel8_pixel8-4-run05-20260809T122043_17.pcap,data/raw/rrc/rrc_4_pixel8_pixel8-4-run05-20260809T122043_23.json,2026-08-09T00:59:17.589478+00:00,True,1.048
pixel8-4-run05-20260809T122043,pixel8,4,18,data/raw/4/capture_4_pixel8_pixel8-4-run05-20260809T122043_18.pcap,data/raw/rrc/rrc_4_pixel8_pixel8-4-run05-20260809T122043_24.json,2026-08-09T00:59:41.225744+00:00,True,0.854
pixel8-4-run05-20260809T122043,pixel8,4,19,data/raw/4/capture_4_pixel8_pixel8-4-run05-20260809T122043_19.pcap,data/raw/rrc/rrc_4_pixel8_pixel8-4-run05-20260809T122043_25.json,2026-08-09T01:00:05.377025+00:00,True,0.278
pixel8-4-run05-20260809T122043,pixel8,4,20,data/raw/4/capture_4_pixel8_pixel8-4-run05-20260809T122043_20.pcap,data/raw/rrc/rrc_4_pixel8_pixel8-4-run05-20260809T122043_26.json,2026-08-09T01:00:29.166962+00:00,True,0.309
pixel8-5-run01-20260809T130053,pixel8,5,1,data/raw/5/capture_5_pixel8_pixel8-5-run01-20260809T130053_1.pcap,data/raw/rrc/rrc_5_pixel8_pixel8-5-run01-20260809T130053_4.json,2026-08-09T01:01:29.527327+00:00,True,0.628
pixel8-5-run01-20260809T133655,pixel8,5,1,data/raw/5/capture_5_pixel8_pixel8-5-run01-20260809T133655_1.pcap,data/raw/rrc/rrc_5_pixel8_pixel8-5-run01-20260809T133655_1.json,2026-08-09T01:37:35.367786+00:00,True,1.001
pixel8-5-run01-20260809T133655,pixel8,5,2,data/raw/5/capture_5_pixel8_pixel8-5-run01-20260809T133655_2.pcap,data/raw/rrc/rrc_5_pixel8_pixel8-5-run01-20260809T133655_2.json,2026-08-09T01:37:59.510512+00:00,True,1.109
pixel8-5-run01-20260809T133655,pixel8,5,3,data/raw/5/capture_5_pixel8_pixel8-5-run01-20260809T133655_3.pcap,data/raw/rrc/rrc_5_pixel8_pixel8-5-run01-20260809T133655_3.json,2026-08-09T01:38:23.796857+00:00,True,0.281
pixel8-5-run01-20260809T133655,pixel8,5,4,data/raw/5/capture_5_pixel8_pixel8-5-run01-20260809T133655_4.pcap,data/raw/rrc/rrc_5_pixel8_pixel8-5-run01-20260809T133655_7.json,2026-08-09T01:38:48.066444+00:00,True,1.840
pixel8-5-run01-20260809T133655,pixel8,5,5,data/raw/5/capture_5_pixel8_pixel8-5-run01-20260809T133655_5.pcap,data/raw/rrc/rrc_5_pixel8_pixel8-5-run01-20260809T133655_9.json,2026-08-09T01:39:12.377698+00:00,True,0.557
pixel8-5-run01-20260809T133655,pixel8,5,6,data/raw/5/capture_5_pixel8_pixel8-5-run01-20260809T133655_6.pcap,data/raw/rrc/rrc_5_pixel8_pixel8-5-run01-20260809T133655_12.json,2026-08-09T01:39:37.009637+00:00,True,1.088
pixel8-5-run01-20260809T133655,pixel8,5,7,data/raw/5/capture_5_pixel8_pixel8-5-run01-20260809T133655_7.pcap,data/raw/rrc/rrc_5_pixel8_pixel8-5-run01-20260809T133655_13.json,2026-08-09T01:40:01.745713+00:00,True,1.265
pixel8-5-run01-20260809T133655,pixel8,5,8,data/raw/5/capture_5_pixel8_pixel8-5-run01-20260809T133655_8.pcap,data/raw/rrc/rrc_5_pixel8_pixel8-5-run01-20260809T133655_17.json,2026-08-09T01:40:25.756241+00:00,True,1.129
pixel8-5-run01-20260809T133655,pixel8,5,9,data/raw/5/capture_5_pixel8_pixel8-5-run01-20260809T133655_9.pcap,data/raw/rrc/rrc_5_pixel8_pixel8-5-run01-20260809T133655_19.json,2026-08-09T01:40:50.156566+00:00,True,0.793
pixel8-5-run01-20260809T133655,pixel8,5,10,data/raw/5/capture_5_pixel8_pixel8-5-run01-20260809T133655_10.pcap,data/raw/rrc/rrc_5_pixel8_pixel8-5-run01-20260809T133655_21.json,2026-08-09T01:41:14.746553+00:00,True,0.644
pixel8-5-run01-20260809T133655,pixel8,5,11,data/raw/5/capture_5_pixel8_pixel8-5-run01-20260809T133655_11.pcap,data/raw/rrc/rrc_5_pixel8_pixel8-5-run01-20260809T133655_23.json,2026-08-09T01:41:38.941399+00:00,True,0.785
pixel8-5-run01-20260809T133655,pixel8,5,12,data/raw/5/capture_5_pixel8_pixel8-5-run01-20260809T133655_12.pcap,data/raw/rrc/rrc_5_pixel8_pixel8-5-run01-20260809T133655_24.json,2026-08-09T01:42:03.272889+00:00,True,0.755
pixel8-5-run01-20260809T133655,pixel8,5,13,data/raw/5/capture_5_pixel8_pixel8-5-run01-20260809T133655_13.pcap,data/raw/rrc/rrc_5_pixel8_pixel8-5-run01-20260809T133655_25.json,2026-08-09T01:42:27.536882+00:00,True,0.682
pixel8-5-run01-20260809T133655,pixel8,5,14,data/raw/5/capture_5_pixel8_pixel8-5-run01-20260809T133655_14.pcap,data/raw/rrc/rrc_5_pixel8_pixel8-5-run01-20260809T133655_26.json,2026-08-09T01:42:51.266376+00:00,True,0.516
pixel8-5-run01-20260809T133655,pixel8,5,15,data/raw/5/capture_5_pixel8_pixel8-5-run01-20260809T133655_15.pcap,data/raw/rrc/rrc_5_pixel8_pixel8-5-run01-20260809T133655_27.json,2026-08-09T01:43:15.267503+00:00,True,0.890
pixel8-5-run01-20260809T133655,pixel8,5,16,data/raw/5/capture_5_pixel8_pixel8-5-run01-20260809T133655_16.pcap,data/raw/rrc/rrc_5_pixel8_pixel8-5-run01-20260809T133655_28.json,2026-08-09T01:43:39.487822+00:00,True,0.278
pixel8-5-run01-20260809T133655,pixel8,5,17,data/raw/5/capture_5_pixel8_pixel8-5-run01-20260809T133655_17.pcap,data/raw/rrc/rrc_5_pixel8_pixel8-5-run01-20260809T133655_29.json,2026-08-09T01:44:03.335667+00:00,True,0.599
pixel8-5-run01-20260809T133655,pixel8,5,18,data/raw/5/capture_5_pixel8_pixel8-5-run01-20260809T133655_18.pcap,data/raw/rrc/rrc_5_pixel8_pixel8-5-run01-20260809T133655_30.json,2026-08-09T01:44:27.827849+00:00,True,0.613
pixel8-5-run01-20260809T133655,pixel8,5,19,data/raw/5/capture_5_pixel8_pixel8-5-run01-20260809T133655_19.pcap,data/raw/rrc/rrc_5_pixel8_pixel8-5-run01-20260809T133655_31.json,2026-08-09T01:44:51.694425+00:00,True,0.664
pixel8-5-run01-20260809T133655,pixel8,5,20,data/raw/5/capture_5_pixel8_pixel8-5-run01-20260809T133655_20.pcap,data/raw/rrc/rrc_5_pixel8_pixel8-5-run01-20260809T133655_32.json,2026-08-09T01:45:15.930537+00:00,True,0.635
pixel8-5-run02-20260809T133655,pixel8,5,1,data/raw/5/capture_5_pixel8_pixel8-5-run02-20260809T133655_1.pcap,data/raw/rrc/rrc_5_pixel8_pixel8-5-run02-20260809T133655_1.json,2026-08-09T01:45:40.029717+00:00,True,0.862
pixel8-5-run02-20260809T133655,pixel8,5,2,data/raw/5/capture_5_pixel8_pixel8-5-run02-20260809T133655_2.pcap,data/raw/rrc/rrc_5_pixel8_pixel8-5-run02-20260809T133655_2.json,2026-08-09T01:46:04.704668+00:00,True,0.650
pixel8-5-run02-20260809T133655,pixel8,5,3,data/raw/5/capture_5_pixel8_pixel8-5-run02-20260809T133655_3.pcap,data/raw/rrc/rrc_5_pixel8_pixel8-5-run02-20260809T133655_3.json,2026-08-09T01:46:28.979098+00:00,True,0.631
pixel8-5-run02-20260809T133655,pixel8,5,4,data/raw/5/capture_5_pixel8_pixel8-5-run02-20260809T133655_4.pcap,data/raw/rrc/rrc_5_pixel8_pixel8-5-run02-20260809T133655_4.json,2026-08-09T01:46:53.253142+00:00,True,0.621
pixel8-5-run02-20260809T133655,pixel8,5,5,data/raw/5/capture_5_pixel8_pixel8-5-run02-20260809T133655_5.pcap,data/raw/rrc/rrc_5_pixel8_pixel8-5-run02-20260809T133655_5.json,2026-08-09T01:47:17.214425+00:00,True,1.100
pixel8-5-run02-20260809T133655,pixel8,5,6,data/raw/5/capture_5_pixel8_pixel8-5-run02-20260809T133655_6.pcap,data/raw/rrc/rrc_5_pixel8_pixel8-5-run02-20260809T133655_6.json,2026-08-09T01:47:41.554831+00:00,True,0.595
pixel8-5-run02-20260809T133655,pixel8,5,7,data/raw/5/capture_5_pixel8_pixel8-5-run02-20260809T133655_7.pcap,data/raw/rrc/rrc_5_pixel8_pixel8-5-run02-20260809T133655_7.json,2026-08-09T01:48:05.676776+00:00,True,1.188
pixel8-5-run02-20260809T133655,pixel8,5,8,data/raw/5/capture_5_pixel8_pixel8-5-run02-20260809T133655_8.pcap,data/raw/rrc/rrc_5_pixel8_pixel8-5-run02-20260809T133655_8.json,2026-08-09T01:48:29.817568+00:00,True,1.026
pixel8-5-run02-20260809T133655,pixel8,5,9,data/raw/5/capture_5_pixel8_pixel8-5-run02-20260809T133655_9.pcap,data/raw/rrc/rrc_5_pixel8_pixel8-5-run02-20260809T133655_9.json,2026-08-09T01:48:53.718692+00:00,True,0.678
pixel8-5-run02-20260809T133655,pixel8,5,10,data/raw/5/capture_5_pixel8_pixel8-5-run02-20260809T133655_10.pcap,data/raw/rrc/rrc_5_pixel8_pixel8-5-run02-20260809T133655_11.json,2026-08-09T01:49:17.642318+00:00,True,0.742
pixel8-5-run02-20260809T133655,pixel8,5,11,data/raw/5/capture_5_pixel8_pixel8-5-run02-20260809T133655_11.pcap,data/raw/rrc/rrc_5_pixel8_pixel8-5-run02-20260809T133655_12.json,2026-08-09T01:49:41.709217+00:00,True,0.600
pixel8-5-run02-20260809T133655,pixel8,5,12,data/raw/5/capture_5_pixel8_pixel8-5-run02-20260809T133655_12.pcap,data/raw/rrc/rrc_5_pixel8_pixel8-5-run02-20260809T133655_13.json,2026-08-09T01:50:05.782911+00:00,True,0.960
pixel8-5-run02-20260809T133655,pixel8,5,13,data/raw/5/capture_5_pixel8_pixel8-5-run02-20260809T133655_13.pcap,data/raw/rrc/rrc_5_pixel8_pixel8-5-run02-20260809T133655_14.json,2026-08-09T01:50:29.744868+00:00,True,1.066
pixel8-5-run02-20260809T133655,pixel8,5,14,data/raw/5/capture_5_pixel8_pixel8-5-run02-20260809T133655_14.pcap,data/raw/rrc/rrc_5_pixel8_pixel8-5-run02-20260809T133655_15.json,2026-08-09T01:50:53.827133+00:00,True,1.041
pixel8-5-run02-20260809T133655,pixel8,5,15,data/raw/5/capture_5_pixel8_pixel8-5-run02-20260809T133655_15.pcap,data/raw/rrc/rrc_5_pixel8_pixel8-5-run02-20260809T133655_16.json,2026-08-09T01:51:17.784207+00:00,True,1.105
pixel8-5-run02-20260809T133655,pixel8,5,16,data/raw/5/capture_5_pixel8_pixel8-5-run02-20260809T133655_16.pcap,data/raw/rrc/rrc_5_pixel8_pixel8-5-run02-20260809T133655_17.json,2026-08-09T01:51:42.420108+00:00,True,0.619
pixel8-5-run02-20260809T133655,pixel8,5,17,data/raw/5/capture_5_pixel8_pixel8-5-run02-20260809T133655_17.pcap,data/raw/rrc/rrc_5_pixel8_pixel8-5-run02-20260809T133655_18.json,2026-08-09T01:52:07.100333+00:00,True,1.130
pixel8-5-run02-20260809T133655,pixel8,5,18,data/raw/5/capture_5_pixel8_pixel8-5-run02-20260809T133655_18.pcap,data/raw/rrc/rrc_5_pixel8_pixel8-5-run02-20260809T133655_19.json,2026-08-09T01:52:31.454341+00:00,True,1.272
pixel8-5-run02-20260809T133655,pixel8,5,19,data/raw/5/capture_5_pixel8_pixel8-5-run02-20260809T133655_19.pcap,data/raw/rrc/rrc_5_pixel8_pixel8-5-run02-20260809T133655_20.json,2026-08-09T01:52:55.576541+00:00,True,0.617
pixel8-5-run02-20260809T133655,pixel8,5,20,data/raw/5/capture_5_pixel8_pixel8-5-run02-20260809T133655_20.pcap,data/raw/rrc/rrc_5_pixel8_pixel8-5-run02-20260809T133655_22.json,2026-08-09T01:53:19.260140+00:00,True,0.607
pixel8-5-run03-20260809T133655,pixel8,5,1,data/raw/5/capture_5_pixel8_pixel8-5-run03-20260809T133655_1.pcap,data/raw/rrc/rrc_5_pixel8_pixel8-5-run03-20260809T133655_2.json,2026-08-09T01:53:43.539452+00:00,True,0.360
pixel8-5-run03-20260809T133655,pixel8,5,2,data/raw/5/capture_5_pixel8_pixel8-5-run03-20260809T133655_2.pcap,data/raw/rrc/rrc_5_pixel8_pixel8-5-run03-20260809T133655_5.json,2026-08-09T01:54:07.905080+00:00,True,1.137
pixel8-5-run03-20260809T133655,pixel8,5,3,data/raw/5/capture_5_pixel8_pixel8-5-run03-20260809T133655_3.pcap,data/raw/rrc/rrc_5_pixel8_pixel8-5-run03-20260809T133655_7.json,2026-08-09T01:54:32.592557+00:00,True,1.001
pixel8-5-run03-20260809T133655,pixel8,5,4,data/raw/5/capture_5_pixel8_pixel8-5-run03-20260809T133655_4.pcap,data/raw/rrc/rrc_5_pixel8_pixel8-5-run03-20260809T133655_8.json,2026-08-09T01:54:57.027863+00:00,True,0.627
pixel8-5-run03-20260809T133655,pixel8,5,5,data/raw/5/capture_5_pixel8_pixel8-5-run03-20260809T133655_5.pcap,data/raw/rrc/rrc_5_pixel8_pixel8-5-run03-20260809T133655_11.json,2026-08-09T01:55:21.652306+00:00,True,0.778
pixel8-5-run03-20260809T133655,pixel8,5,6,data/raw/5/capture_5_pixel8_pixel8-5-run03-20260809T133655_6.pcap,data/raw/rrc/rrc_5_pixel8_pixel8-5-run03-20260809T133655_13.json,2026-08-09T01:55:46.900628+00:00,True,0.621
pixel8-5-run03-20260809T133655,pixel8,5,7,data/raw/5/capture_5_pixel8_pixel8-5-run03-20260809T133655_7.pcap,data/raw/rrc/rrc_5_pixel8_pixel8-5-run03-20260809T133655_16.json,2026-08-09T01:56:11.693585+00:00,True,1.122
pixel8-5-run03-20260809T133655,pixel8,5,8,data/raw/5/capture_5_pixel8_pixel8-5-run03-20260809T133655_8.pcap,data/raw/rrc/rrc_5_pixel8_pixel8-5-run03-20260809T133655_17.json,2026-08-09T01:56:36.440557+00:00,True,0.724
pixel8-5-run03-20260809T133655,pixel8,5,9,data/raw/5/capture_5_pixel8_pixel8-5-run03-20260809T133655_9.pcap,data/raw/rrc/rrc_5_pixel8_pixel8-5-run03-20260809T133655_18.json,2026-08-09T01:57:01.245481+00:00,True,0.712
pixel8-5-run03-20260809T133655,pixel8,5,10,data/raw/5/capture_5_pixel8_pixel8-5-run03-20260809T133655_10.pcap,data/raw/rrc/rrc_5_pixel8_pixel8-5-run03-20260809T133655_19.json,2026-08-09T01:57:25.222362+00:00,True,0.642
pixel8-5-run03-20260809T133655,pixel8,5,11,data/raw/5/capture_5_pixel8_pixel8-5-run03-20260809T133655_11.pcap,data/raw/rrc/rrc_5_pixel8_pixel8-5-run03-20260809T133655_20.json,2026-08-09T01:57:50.314460+00:00,True,0.766
pixel8-5-run03-20260809T133655,pixel8,5,12,data/raw/5/capture_5_pixel8_pixel8-5-run03-20260809T133655_12.pcap,data/raw/rrc/rrc_5_pixel8_pixel8-5-run03-20260809T133655_21.json,2026-08-09T01:58:14.799235+00:00,True,0.609
pixel8-5-run03-20260809T133655,pixel8,5,13,data/raw/5/capture_5_pixel8_pixel8-5-run03-20260809T133655_13.pcap,data/raw/rrc/rrc_5_pixel8_pixel8-5-run03-20260809T133655_22.json,2026-08-09T01:58:38.822284+00:00,True,0.634
pixel8-5-run03-20260809T133655,pixel8,5,14,data/raw/5/capture_5_pixel8_pixel8-5-run03-20260809T133655_14.pcap,data/raw/rrc/rrc_5_pixel8_pixel8-5-run03-20260809T133655_23.json,2026-08-09T01:59:04.016015+00:00,True,1.047
pixel8-5-run03-20260809T133655,pixel8,5,15,data/raw/5/capture_5_pixel8_pixel8-5-run03-20260809T133655_15.pcap,data/raw/rrc/rrc_5_pixel8_pixel8-5-run03-20260809T133655_24.json,2026-08-09T01:59:28.903648+00:00,True,0.998
pixel8-5-run03-20260809T133655,pixel8,5,16,data/raw/5/capture_5_pixel8_pixel8-5-run03-20260809T133655_16.pcap,data/raw/rrc/rrc_5_pixel8_pixel8-5-run03-20260809T133655_25.json,2026-08-09T01:59:53.129547+00:00,True,0.604
pixel8-5-run03-20260809T133655,pixel8,5,17,data/raw/5/capture_5_pixel8_pixel8-5-run03-20260809T133655_17.pcap,data/raw/rrc/rrc_5_pixel8_pixel8-5-run03-20260809T133655_26.json,2026-08-09T02:00:17.388473+00:00,True,1.035
pixel8-5-run03-20260809T133655,pixel8,5,18,data/raw/5/capture_5_pixel8_pixel8-5-run03-20260809T133655_18.pcap,data/raw/rrc/rrc_5_pixel8_pixel8-5-run03-20260809T133655_27.json,2026-08-09T02:00:42.015473+00:00,True,0.598
pixel8-5-run03-20260809T133655,pixel8,5,19,data/raw/5/capture_5_pixel8_pixel8-5-run03-20260809T133655_19.pcap,data/raw/rrc/rrc_5_pixel8_pixel8-5-run03-20260809T133655_28.json,2026-08-09T02:01:05.993195+00:00,True,0.661
pixel8-5-run03-20260809T133655,pixel8,5,20,data/raw/5/capture_5_pixel8_pixel8-5-run03-20260809T133655_20.pcap,data/raw/rrc/rrc_5_pixel8_pixel8-5-run03-20260809T133655_29.json,2026-08-09T02:01:30.809976+00:00,True,0.661
pixel8-5-run04-20260809T133655,pixel8,5,1,data/raw/5/capture_5_pixel8_pixel8-5-run04-20260809T133655_1.pcap,data/raw/rrc/rrc_5_pixel8_pixel8-5-run04-20260809T133655_1.json,2026-08-09T02:01:55.381986+00:00,True,0.280
pixel8-5-run04-20260809T133655,pixel8,5,2,data/raw/5/capture_5_pixel8_pixel8-5-run04-20260809T133655_2.pcap,data/raw/rrc/rrc_5_pixel8_pixel8-5-run04-20260809T133655_2.json,2026-08-09T02:02:19.520637+00:00,True,1.045
pixel8-5-run04-20260809T133655,pixel8,5,3,data/raw/5/capture_5_pixel8_pixel8-5-run04-20260809T133655_3.pcap,data/raw/rrc/rrc_5_pixel8_pixel8-5-run04-20260809T133655_3.json,2026-08-09T02:02:43.859764+00:00,True,0.596
pixel8-5-run04-20260809T133655,pixel8,5,4,data/raw/5/capture_5_pixel8_pixel8-5-run04-20260809T133655_4.pcap,data/raw/rrc/rrc_5_pixel8_pixel8-5-run04-20260809T133655_4.json,2026-08-09T02:03:08.107502+00:00,True,1.017
pixel8-5-run04-20260809T133655,pixel8,5,5,data/raw/5/capture_5_pixel8_pixel8-5-run04-20260809T133655_5.pcap,data/raw/rrc/rrc_5_pixel8_pixel8-5-run04-20260809T133655_5.json,2026-08-09T02:03:32.384971+00:00,True,1.143
pixel8-5-run04-20260809T133655,pixel8,5,6,data/raw/5/capture_5_pixel8_pixel8-5-run04-20260809T133655_6.pcap,data/raw/rrc/rrc_5_pixel8_pixel8-5-run04-20260809T133655_6.json,2026-08-09T02:03:57.019285+00:00,True,1.052
pixel8-5-run04-20260809T133655,pixel8,5,7,data/raw/5/capture_5_pixel8_pixel8-5-run04-20260809T133655_7.pcap,data/raw/rrc/rrc_5_pixel8_pixel8-5-run04-20260809T133655_7.json,2026-08-09T02:04:22.571950+00:00,True,0.600
pixel8-5-run04-20260809T133655,pixel8,5,8,data/raw/5/capture_5_pixel8_pixel8-5-run04-20260809T133655_8.pcap,data/raw/rrc/rrc_5_pixel8_pixel8-5-run04-20260809T133655_8.json,2026-08-09T02:04:46.908737+00:00,True,1.252
pixel8-5-run04-20260809T133655,pixel8,5,9,data/raw/5/capture_5_pixel8_pixel8-5-run04-20260809T133655_9.pcap,data/raw/rrc/rrc_5_pixel8_pixel8-5-run04-20260809T133655_9.json,2026-08-09T02:05:11.450367+00:00,True,1.069
pixel8-5-run04-20260809T133655,pixel8,5,10,data/raw/5/capture_5_pixel8_pixel8-5-run04-20260809T133655_10.pcap,data/raw/rrc/rrc_5_pixel8_pixel8-5-run04-20260809T133655_10.json,2026-08-09T02:05:35.974891+00:00,True,0.593
pixel8-5-run04-20260809T133655,pixel8,5,11,data/raw/5/capture_5_pixel8_pixel8-5-run04-20260809T133655_11.pcap,data/raw/rrc/rrc_5_pixel8_pixel8-5-run04-20260809T133655_11.json,2026-08-09T02:06:00.313072+00:00,True,2.968
pixel8-5-run04-20260809T133655,pixel8,5,12,data/raw/5/capture_5_pixel8_pixel8-5-run04-20260809T133655_12.pcap,data/raw/rrc/rrc_5_pixel8_pixel8-5-run04-20260809T133655_12.json,2026-08-09T02:06:24.793115+00:00,True,0.260
pixel8-5-run04-20260809T133655,pixel8,5,13,data/raw/5/capture_5_pixel8_pixel8-5-run04-20260809T133655_13.pcap,data/raw/rrc/rrc_5_pixel8_pixel8-5-run04-20260809T133655_14.json,2026-08-09T02:06:49.251604+00:00,True,0.607
pixel8-5-run04-20260809T133655,pixel8,5,14,data/raw/5/capture_5_pixel8_pixel8-5-run04-20260809T133655_14.pcap,data/raw/rrc/rrc_5_pixel8_pixel8-5-run04-20260809T133655_15.json,2026-08-09T02:07:14.238606+00:00,True,0.191
pixel8-5-run04-20260809T133655,pixel8,5,15,data/raw/5/capture_5_pixel8_pixel8-5-run04-20260809T133655_15.pcap,data/raw/rrc/rrc_5_pixel8_pixel8-5-run04-20260809T133655_16.json,2026-08-09T02:07:38.803925+00:00,True,0.667
pixel8-5-run04-20260809T133655,pixel8,5,16,data/raw/5/capture_5_pixel8_pixel8-5-run04-20260809T133655_16.pcap,data/raw/rrc/rrc_5_pixel8_pixel8-5-run04-20260809T133655_17.json,2026-08-09T02:08:03.404326+00:00,True,1.092
pixel8-5-run04-20260809T133655,pixel8,5,17,data/raw/5/capture_5_pixel8_pixel8-5-run04-20260809T133655_17.pcap,data/raw/rrc/rrc_5_pixel8_pixel8-5-run04-20260809T133655_18.json,2026-08-09T02:08:28.066615+00:00,True,1.045
pixel8-5-run04-20260809T133655,pixel8,5,18,data/raw/5/capture_5_pixel8_pixel8-5-run04-20260809T133655_18.pcap,data/raw/rrc/rrc_5_pixel8_pixel8-5-run04-20260809T133655_22.json,2026-08-09T02:08:52.933016+00:00,True,0.997
pixel8-5-run04-20260809T133655,pixel8,5,19,data/raw/5/capture_5_pixel8_pixel8-5-run04-20260809T133655_19.pcap,data/raw/rrc/rrc_5_pixel8_pixel8-5-run04-20260809T133655_24.json,2026-08-09T02:09:17.475695+00:00,True,1.328
pixel8-5-run04-20260809T133655,pixel8,5,20,data/raw/5/capture_5_pixel8_pixel8-5-run04-20260809T133655_20.pcap,data/raw/rrc/rrc_5_pixel8_pixel8-5-run04-20260809T133655_27.json,2026-08-09T02:09:42.262451+00:00,True,0.282
pixel8-5-run05-20260809T133655,pixel8,5,1,data/raw/5/capture_5_pixel8_pixel8-5-run05-20260809T133655_1.pcap,data/raw/rrc/rrc_5_pixel8_pixel8-5-run05-20260809T133655_1.json,2026-08-09T02:10:07.004815+00:00,True,0.660
pixel8-5-run05-20260809T133655,pixel8,5,2,data/raw/5/capture_5_pixel8_pixel8-5-run05-20260809T133655_2.pcap,data/raw/rrc/rrc_5_pixel8_pixel8-5-run05-20260809T133655_2.json,2026-08-09T02:10:31.668191+00:00,True,0.724
pixel8-5-run05-20260809T133655,pixel8,5,3,data/raw/5/capture_5_pixel8_pixel8-5-run05-20260809T133655_3.pcap,data/raw/rrc/rrc_5_pixel8_pixel8-5-run05-20260809T133655_3.json,2026-08-09T02:10:56.585209+00:00,True,1.050
pixel8-5-run05-20260809T133655,pixel8,5,4,data/raw/5/capture_5_pixel8_pixel8-5-run05-20260809T133655_4.pcap,data/raw/rrc/rrc_5_pixel8_pixel8-5-run05-20260809T133655_4.json,2026-08-09T02:11:21.865954+00:00,True,0.962
pixel8-5-run05-20260809T133655,pixel8,5,5,data/raw/5/capture_5_pixel8_pixel8-5-run05-20260809T133655_5.pcap,data/raw/rrc/rrc_5_pixel8_pixel8-5-run05-20260809T133655_5.json,2026-08-09T02:11:46.743910+00:00,True,0.866
pixel8-5-run05-20260809T133655,pixel8,5,6,data/raw/5/capture_5_pixel8_pixel8-5-run05-20260809T133655_6.pcap,data/raw/rrc/rrc_5_pixel8_pixel8-5-run05-20260809T133655_6.json,2026-08-09T02:12:11.720269+00:00,True,1.066
pixel8-5-run05-20260809T133655,pixel8,5,7,data/raw/5/capture_5_pixel8_pixel8-5-run05-20260809T133655_7.pcap,data/raw/rrc/rrc_5_pixel8_pixel8-5-run05-20260809T133655_7.json,2026-08-09T02:12:36.251355+00:00,True,0.579
pixel8-5-run05-20260809T133655,pixel8,5,8,data/raw/5/capture_5_pixel8_pixel8-5-run05-20260809T133655_8.pcap,data/raw/rrc/rrc_5_pixel8_pixel8-5-run05-20260809T133655_8.json,2026-08-09T02:13:00.641949+00:00,True,0.607
pixel8-5-run05-20260809T133655,pixel8,5,9,data/raw/5/capture_5_pixel8_pixel8-5-run05-20260809T133655_9.pcap,data/raw/rrc/rrc_5_pixel8_pixel8-5-run05-20260809T133655_9.json,2026-08-09T02:13:25.213957+00:00,True,0.656
pixel8-5-run05-20260809T133655,pixel8,5,10,data/raw/5/capture_5_pixel8_pixel8-5-run05-20260809T133655_10.pcap,data/raw/rrc/rrc_5_pixel8_pixel8-5-run05-20260809T133655_10.json,2026-08-09T02:13:50.041578+00:00,True,0.723
pixel8-5-run05-20260809T133655,pixel8,5,11,data/raw/5/capture_5_pixel8_pixel8-5-run05-20260809T133655_11.pcap,data/raw/rrc/rrc_5_pixel8_pixel8-5-run05-20260809T133655_11.json,2026-08-09T02:14:14.748955+00:00,True,0.805
pixel8-5-run05-20260809T133655,pixel8,5,12,data/raw/5/capture_5_pixel8_pixel8-5-run05-20260809T133655_12.pcap,data/raw/rrc/rrc_5_pixel8_pixel8-5-run05-20260809T133655_12.json,2026-08-09T02:14:40.035091+00:00,True,0.697
pixel8-5-run05-20260809T133655,pixel8,5,13,data/raw/5/capture_5_pixel8_pixel8-5-run05-20260809T133655_13.pcap,data/raw/rrc/rrc_5_pixel8_pixel8-5-run05-20260809T133655_13.json,2026-08-09T02:15:05.281771+00:00,True,0.813
pixel8-5-run05-20260809T133655,pixel8,5,14,data/raw/5/capture_5_pixel8_pixel8-5-run05-20260809T133655_14.pcap,data/raw/rrc/rrc_5_pixel8_pixel8-5-run05-20260809T133655_14.json,2026-08-09T02:15:30.605035+00:00,True,1.049
pixel8-5-run05-20260809T133655,pixel8,5,15,data/raw/5/capture_5_pixel8_pixel8-5-run05-20260809T133655_15.pcap,data/raw/rrc/rrc_5_pixel8_pixel8-5-run05-20260809T133655_15.json,2026-08-09T02:15:55.900589+00:00,True,0.904
pixel8-5-run05-20260809T133655,pixel8,5,16,data/raw/5/capture_5_pixel8_pixel8-5-run05-20260809T133655_16.pcap,data/raw/rrc/rrc_5_pixel8_pixel8-5-run05-20260809T133655_16.json,2026-08-09T02:16:20.783415+00:00,True,0.633
pixel8-5-run05-20260809T133655,pixel8,5,17,data/raw/5/capture_5_pixel8_pixel8-5-run05-20260809T133655_17.pcap,data/raw/rrc/rrc_5_pixel8_pixel8-5-run05-20260809T133655_17.json,2026-08-09T02:16:45.340540+00:00,True,0.624
pixel8-5-run05-20260809T133655,pixel8,5,18,data/raw/5/capture_5_pixel8_pixel8-5-run05-20260809T133655_18.pcap,data/raw/rrc/rrc_5_pixel8_pixel8-5-run05-20260809T133655_18.json,2026-08-09T02:17:09.995437+00:00,True,1.322
pixel8-5-run05-20260809T133655,pixel8,5,19,data/raw/5/capture_5_pixel8_pixel8-5-run05-20260809T133655_19.pcap,data/raw/rrc/rrc_5_pixel8_pixel8-5-run05-20260809T133655_19.json,2026-08-09T02:17:34.408072+00:00,True,0.571
pixel8-5-run05-20260809T133655,pixel8,5,20,data/raw/5/capture_5_pixel8_pixel8-5-run05-20260809T133655_20.pcap,data/raw/rrc/rrc_5_pixel8_pixel8-5-run05-20260809T133655_20.json,2026-08-09T02:17:59.002782+00:00,True,0.624
pixel8-6-run01-20260809T142603,pixel8,6,1,data/raw/6/capture_6_pixel8_pixel8-6-run01-20260809T142603_1.pcap,data/raw/rrc/rrc_6_pixel8_pixel8-6-run01-20260809T142603_1.json,2026-08-09T02:26:39.595922+00:00,True,0.451
pixel8-6-run01-20260809T142603,pixel8,6,2,data/raw/6/capture_6_pixel8_pixel8-6-run01-20260809T142603_2.pcap,data/raw/rrc/rrc_6_pixel8_pixel8-6-run01-20260809T142603_2.json,2026-08-09T02:27:05.578274+00:00,True,1.320
pixel8-6-run01-20260809T142603,pixel8,6,3,data/raw/6/capture_6_pixel8_pixel8-6-run01-20260809T142603_3.pcap,data/raw/rrc/rrc_6_pixel8_pixel8-6-run01-20260809T142603_3.json,2026-08-09T02:27:31.544709+00:00,True,1.746
pixel8-6-run01-20260809T142603,pixel8,6,4,data/raw/6/capture_6_pixel8_pixel8-6-run01-20260809T142603_4.pcap,data/raw/rrc/rrc_6_pixel8_pixel8-6-run01-20260809T142603_4.json,2026-08-09T02:27:57.299304+00:00,True,1.062
pixel8-6-run01-20260809T142603,pixel8,6,5,data/raw/6/capture_6_pixel8_pixel8-6-run01-20260809T142603_5.pcap,data/raw/rrc/rrc_6_pixel8_pixel8-6-run01-20260809T142603_5.json,2026-08-09T02:28:22.993990+00:00,True,0.855
pixel8-6-run01-20260809T142603,pixel8,6,6,data/raw/6/capture_6_pixel8_pixel8-6-run01-20260809T142603_6.pcap,data/raw/rrc/rrc_6_pixel8_pixel8-6-run01-20260809T142603_6.json,2026-08-09T02:28:48.681724+00:00,True,0.844
pixel8-6-run01-20260809T142603,pixel8,6,7,data/raw/6/capture_6_pixel8_pixel8-6-run01-20260809T142603_7.pcap,data/raw/rrc/rrc_6_pixel8_pixel8-6-run01-20260809T142603_7.json,2026-08-09T02:29:14.704673+00:00,True,0.291
pixel8-6-run01-20260809T142603,pixel8,6,8,data/raw/6/capture_6_pixel8_pixel8-6-run01-20260809T142603_8.pcap,data/raw/rrc/rrc_6_pixel8_pixel8-6-run01-20260809T142603_8.json,2026-08-09T02:29:40.402042+00:00,True,1.316
pixel8-6-run01-20260809T142603,pixel8,6,9,data/raw/6/capture_6_pixel8_pixel8-6-run01-20260809T142603_9.pcap,data/raw/rrc/rrc_6_pixel8_pixel8-6-run01-20260809T142603_9.json,2026-08-09T02:30:06.300946+00:00,True,1.163
pixel8-6-run01-20260809T142603,pixel8,6,10,data/raw/6/capture_6_pixel8_pixel8-6-run01-20260809T142603_10.pcap,data/raw/rrc/rrc_6_pixel8_pixel8-6-run01-20260809T142603_10.json,2026-08-09T02:30:32.287950+00:00,True,0.599
pixel8-6-run01-20260809T142603,pixel8,6,11,data/raw/6/capture_6_pixel8_pixel8-6-run01-20260809T142603_11.pcap,data/raw/rrc/rrc_6_pixel8_pixel8-6-run01-20260809T142603_11.json,2026-08-09T02:31:09.201303+00:00,True,0.864
pixel8-6-run01-20260809T142603,pixel8,6,12,data/raw/6/capture_6_pixel8_pixel8-6-run01-20260809T142603_12.pcap,data/raw/rrc/rrc_6_pixel8_pixel8-6-run01-20260809T142603_12.json,2026-08-09T02:31:35.015901+00:00,True,0.258
pixel8-6-run01-20260809T142603,pixel8,6,13,data/raw/6/capture_6_pixel8_pixel8-6-run01-20260809T142603_13.pcap,data/raw/rrc/rrc_6_pixel8_pixel8-6-run01-20260809T142603_13.json,2026-08-09T02:32:01.023153+00:00,True,0.768
pixel8-6-run01-20260809T142603,pixel8,6,14,data/raw/6/capture_6_pixel8_pixel8-6-run01-20260809T142603_14.pcap,data/raw/rrc/rrc_6_pixel8_pixel8-6-run01-20260809T142603_15.json,2026-08-09T02:32:26.956465+00:00,True,1.033
pixel8-6-run01-20260809T142603,pixel8,6,15,data/raw/6/capture_6_pixel8_pixel8-6-run01-20260809T142603_15.pcap,data/raw/rrc/rrc_6_pixel8_pixel8-6-run01-20260809T142603_16.json,2026-08-09T02:32:52.684071+00:00,True,1.245
pixel8-6-run01-20260809T142603,pixel8,6,16,data/raw/6/capture_6_pixel8_pixel8-6-run01-20260809T142603_16.pcap,data/raw/rrc/rrc_6_pixel8_pixel8-6-run01-20260809T142603_18.json,2026-08-09T02:33:18.661269+00:00,True,0.638
pixel8-6-run01-20260809T142603,pixel8,6,17,data/raw/6/capture_6_pixel8_pixel8-6-run01-20260809T142603_17.pcap,data/raw/rrc/rrc_6_pixel8_pixel8-6-run01-20260809T142603_20.json,2026-08-09T02:33:44.589065+00:00,True,0.776
pixel8-6-run01-20260809T142603,pixel8,6,18,data/raw/6/capture_6_pixel8_pixel8-6-run01-20260809T142603_18.pcap,data/raw/rrc/rrc_6_pixel8_pixel8-6-run01-20260809T142603_24.json,2026-08-09T02:34:11.051530+00:00,True,1.147
pixel8-6-run01-20260809T142603,pixel8,6,19,data/raw/6/capture_6_pixel8_pixel8-6-run01-20260809T142603_19.pcap,data/raw/rrc/rrc_6_pixel8_pixel8-6-run01-20260809T142603_26.json,2026-08-09T02:34:37.021851+00:00,True,1.087
pixel8-6-run01-20260809T142603,pixel8,6,20,data/raw/6/capture_6_pixel8_pixel8-6-run01-20260809T142603_20.pcap,data/raw/rrc/rrc_6_pixel8_pixel8-6-run01-20260809T142603_28.json,2026-08-09T02:35:02.792590+00:00,True,1.022
pixel8-6-run02-20260809T142603,pixel8,6,1,data/raw/6/capture_6_pixel8_pixel8-6-run02-20260809T142603_1.pcap,data/raw/rrc/rrc_6_pixel8_pixel8-6-run02-20260809T142603_1.json,2026-08-09T02:35:28.766487+00:00,True,0.984
pixel8-6-run02-20260809T142603,pixel8,6,2,data/raw/6/capture_6_pixel8_pixel8-6-run02-20260809T142603_2.pcap,data/raw/rrc/rrc_6_pixel8_pixel8-6-run02-20260809T142603_2.json,2026-08-09T02:35:54.505323+00:00,True,0.612
pixel8-6-run02-20260809T142603,pixel8,6,3,data/raw/6/capture_6_pixel8_pixel8-6-run02-20260809T142603_3.pcap,data/raw/rrc/rrc_6_pixel8_pixel8-6-run02-20260809T142603_3.json,2026-08-09T02:36:20.118614+00:00,True,1.169
pixel8-6-run02-20260809T142603,pixel8,6,4,data/raw/6/capture_6_pixel8_pixel8-6-run02-20260809T142603_4.pcap,data/raw/rrc/rrc_6_pixel8_pixel8-6-run02-20260809T142603_4.json,2026-08-09T02:36:45.970435+00:00,True,1.142
pixel8-6-run02-20260809T142603,pixel8,6,5,data/raw/6/capture_6_pixel8_pixel8-6-run02-20260809T142603_5.pcap,data/raw/rrc/rrc_6_pixel8_pixel8-6-run02-20260809T142603_5.json,2026-08-09T02:37:11.550376+00:00,True,0.612
pixel8-6-run02-20260809T142603,pixel8,6,6,data/raw/6/capture_6_pixel8_pixel8-6-run02-20260809T142603_6.pcap,data/raw/rrc/rrc_6_pixel8_pixel8-6-run02-20260809T142603_6.json,2026-08-09T02:37:37.168794+00:00,True,0.612
pixel8-6-run02-20260809T142603,pixel8,6,7,data/raw/6/capture_6_pixel8_pixel8-6-run02-20260809T142603_7.pcap,data/raw/rrc/rrc_6_pixel8_pixel8-6-run02-20260809T142603_7.json,2026-08-09T02:38:02.963573+00:00,True,0.503
pixel8-6-run02-20260809T142603,pixel8,6,8,data/raw/6/capture_6_pixel8_pixel8-6-run02-20260809T142603_8.pcap,data/raw/rrc/rrc_6_pixel8_pixel8-6-run02-20260809T142603_8.json,2026-08-09T02:38:28.872968+00:00,True,0.628
pixel8-6-run02-20260809T142603,pixel8,6,9,data/raw/6/capture_6_pixel8_pixel8-6-run02-20260809T142603_9.pcap,data/raw/rrc/rrc_6_pixel8_pixel8-6-run02-20260809T142603_9.json,2026-08-09T02:38:54.895490+00:00,True,0.639
pixel8-6-run02-20260809T142603,pixel8,6,10,data/raw/6/capture_6_pixel8_pixel8-6-run02-20260809T142603_10.pcap,data/raw/rrc/rrc_6_pixel8_pixel8-6-run02-20260809T142603_10.json,2026-08-09T02:39:20.777113+00:00,True,1.056
pixel8-6-run02-20260809T142603,pixel8,6,11,data/raw/6/capture_6_pixel8_pixel8-6-run02-20260809T142603_11.pcap,data/raw/rrc/rrc_6_pixel8_pixel8-6-run02-20260809T142603_11.json,2026-08-09T02:39:45.989131+00:00,True,0.833
pixel8-6-run02-20260809T142603,pixel8,6,12,data/raw/6/capture_6_pixel8_pixel8-6-run02-20260809T142603_12.pcap,data/raw/rrc/rrc_6_pixel8_pixel8-6-run02-20260809T142603_12.json,2026-08-09T02:40:11.509213+00:00,True,0.659
pixel8-6-run02-20260809T142603,pixel8,6,13,data/raw/6/capture_6_pixel8_pixel8-6-run02-20260809T142603_13.pcap,data/raw/rrc/rrc_6_pixel8_pixel8-6-run02-20260809T142603_13.json,2026-08-09T02:40:37.625170+00:00,True,0.576
pixel8-6-run02-20260809T142603,pixel8,6,14,data/raw/6/capture_6_pixel8_pixel8-6-run02-20260809T142603_14.pcap,data/raw/rrc/rrc_6_pixel8_pixel8-6-run02-20260809T142603_14.json,2026-08-09T02:41:03.327846+00:00,True,0.313
pixel8-6-run02-20260809T142603,pixel8,6,15,data/raw/6/capture_6_pixel8_pixel8-6-run02-20260809T142603_15.pcap,data/raw/rrc/rrc_6_pixel8_pixel8-6-run02-20260809T142603_15.json,2026-08-09T02:41:28.605769+00:00,True,1.272
pixel8-6-run02-20260809T142603,pixel8,6,16,data/raw/6/capture_6_pixel8_pixel8-6-run02-20260809T142603_16.pcap,data/raw/rrc/rrc_6_pixel8_pixel8-6-run02-20260809T142603_16.json,2026-08-09T02:41:54.165644+00:00,True,1.059
pixel8-6-run02-20260809T142603,pixel8,6,17,data/raw/6/capture_6_pixel8_pixel8-6-run02-20260809T142603_17.pcap,data/raw/rrc/rrc_6_pixel8_pixel8-6-run02-20260809T142603_17.json,2026-08-09T02:42:19.887452+00:00,True,1.140
pixel8-6-run02-20260809T142603,pixel8,6,18,data/raw/6/capture_6_pixel8_pixel8-6-run02-20260809T142603_18.pcap,data/raw/rrc/rrc_6_pixel8_pixel8-6-run02-20260809T142603_18.json,2026-08-09T02:42:45.722302+00:00,True,0.656
pixel8-6-run02-20260809T142603,pixel8,6,19,data/raw/6/capture_6_pixel8_pixel8-6-run02-20260809T142603_19.pcap,data/raw/rrc/rrc_6_pixel8_pixel8-6-run02-20260809T142603_19.json,2026-08-09T02:43:11.306782+00:00,True,1.016
pixel8-6-run02-20260809T142603,pixel8,6,20,data/raw/6/capture_6_pixel8_pixel8-6-run02-20260809T142603_20.pcap,data/raw/rrc/rrc_6_pixel8_pixel8-6-run02-20260809T142603_20.json,2026-08-09T02:43:36.749130+00:00,True,0.655
pixel8-6-run03-20260809T142603,pixel8,6,1,data/raw/6/capture_6_pixel8_pixel8-6-run03-20260809T142603_1.pcap,data/raw/rrc/rrc_6_pixel8_pixel8-6-run03-20260809T142603_2.json,2026-08-09T02:44:02.995395+00:00,True,0.672
pixel8-6-run03-20260809T142603,pixel8,6,2,data/raw/6/capture_6_pixel8_pixel8-6-run03-20260809T142603_2.pcap,data/raw/rrc/rrc_6_pixel8_pixel8-6-run03-20260809T142603_3.json,2026-08-09T02:44:29.178072+00:00,True,0.636
pixel8-6-run03-20260809T142603,pixel8,6,3,data/raw/6/capture_6_pixel8_pixel8-6-run03-20260809T142603_3.pcap,data/raw/rrc/rrc_6_pixel8_pixel8-6-run03-20260809T142603_4.json,2026-08-09T02:44:55.692429+00:00,True,1.193
pixel8-6-run03-20260809T142603,pixel8,6,4,data/raw/6/capture_6_pixel8_pixel8-6-run03-20260809T142603_4.pcap,data/raw/rrc/rrc_6_pixel8_pixel8-6-run03-20260809T142603_5.json,2026-08-09T02:45:32.950692+00:00,True,1.212
pixel8-6-run03-20260809T142603,pixel8,6,5,data/raw/6/capture_6_pixel8_pixel8-6-run03-20260809T142603_5.pcap,data/raw/rrc/rrc_6_pixel8_pixel8-6-run03-20260809T142603_6.json,2026-08-09T02:45:58.331769+00:00,True,0.632
pixel8-6-run03-20260809T142603,pixel8,6,6,data/raw/6/capture_6_pixel8_pixel8-6-run03-20260809T142603_6.pcap,data/raw/rrc/rrc_6_pixel8_pixel8-6-run03-20260809T142603_7.json,2026-08-09T02:46:36.212269+00:00,True,0.975
pixel8-6-run03-20260809T142603,pixel8,6,7,data/raw/6/capture_6_pixel8_pixel8-6-run03-20260809T142603_7.pcap,data/raw/rrc/rrc_6_pixel8_pixel8-6-run03-20260809T142603_8.json,2026-08-09T02:47:02.841243+00:00,True,1.024
pixel8-6-run03-20260809T142603,pixel8,6,8,data/raw/6/capture_6_pixel8_pixel8-6-run03-20260809T142603_8.pcap,data/raw/rrc/rrc_6_pixel8_pixel8-6-run03-20260809T142603_10.json,2026-08-09T02:47:28.933148+00:00,True,1.002
pixel8-6-run03-20260809T142603,pixel8,6,9,data/raw/6/capture_6_pixel8_pixel8-6-run03-20260809T142603_9.pcap,data/raw/rrc/rrc_6_pixel8_pixel8-6-run03-20260809T142603_11.json,2026-08-09T02:47:55.594374+00:00,True,0.300
pixel8-6-run03-20260809T142603,pixel8,6,10,data/raw/6/capture_6_pixel8_pixel8-6-run03-20260809T142603_10.pcap,data/raw/rrc/rrc_6_pixel8_pixel8-6-run03-20260809T142603_12.json,2026-08-09T02:48:34.510957+00:00,True,0.928
pixel8-6-run03-20260809T142603,pixel8,6,11,data/raw/6/capture_6_pixel8_pixel8-6-run03-20260809T142603_11.pcap,data/raw/rrc/rrc_6_pixel8_pixel8-6-run03-20260809T142603_13.json,2026-08-09T02:49:00.661500+00:00,True,0.922
pixel8-6-run03-20260809T142603,pixel8,6,12,data/raw/6/capture_6_pixel8_pixel8-6-run03-20260809T142603_12.pcap,data/raw/rrc/rrc_6_pixel8_pixel8-6-run03-20260809T142603_15.json,2026-08-09T02:49:41.631475+00:00,True,0.585
pixel8-6-run03-20260809T142603,pixel8,6,13,data/raw/6/capture_6_pixel8_pixel8-6-run03-20260809T142603_13.pcap,data/raw/rrc/rrc_6_pixel8_pixel8-6-run03-20260809T142603_17.json,2026-08-09T02:50:07.388279+00:00,True,0.635
pixel8-6-run03-20260809T142603,pixel8,6,14,data/raw/6/capture_6_pixel8_pixel8-6-run03-20260809T142603_14.pcap,data/raw/rrc/rrc_6_pixel8_pixel8-6-run03-20260809T142603_18.json,2026-08-09T02:50:33.425058+00:00,True,0.930
pixel8-6-run03-20260809T142603,pixel8,6,15,data/raw/6/capture_6_pixel8_pixel8-6-run03-20260809T142603_15.pcap,data/raw/rrc/rrc_6_pixel8_pixel8-6-run03-20260809T142603_19.json,2026-08-09T02:50:59.599801+00:00,True,0.621
pixel8-6-run03-20260809T142603,pixel8,6,16,data/raw/6/capture_6_pixel8_pixel8-6-run03-20260809T142603_16.pcap,data/raw/rrc/rrc_6_pixel8_pixel8-6-run03-20260809T142603_20.json,2026-08-09T02:51:25.555118+00:00,True,0.752
pixel8-6-run03-20260809T142603,pixel8,6,17,data/raw/6/capture_6_pixel8_pixel8-6-run03-20260809T142603_17.pcap,data/raw/rrc/rrc_6_pixel8_pixel8-6-run03-20260809T142603_21.json,2026-08-09T02:51:52.061230+00:00,True,0.811
pixel8-6-run03-20260809T142603,pixel8,6,18,data/raw/6/capture_6_pixel8_pixel8-6-run03-20260809T142603_18.pcap,data/raw/rrc/rrc_6_pixel8_pixel8-6-run03-20260809T142603_23.json,2026-08-09T02:52:32.766482+00:00,True,0.719
pixel8-6-run03-20260809T142603,pixel8,6,19,data/raw/6/capture_6_pixel8_pixel8-6-run03-20260809T142603_19.pcap,data/raw/rrc/rrc_6_pixel8_pixel8-6-run03-20260809T142603_25.json,2026-08-09T02:52:59.327788+00:00,True,0.633
pixel8-6-run03-20260809T142603,pixel8,6,20,data/raw/6/capture_6_pixel8_pixel8-6-run03-20260809T142603_20.pcap,data/raw/rrc/rrc_6_pixel8_pixel8-6-run03-20260809T142603_26.json,2026-08-09T02:53:25.973051+00:00,True,1.156
pixel8-6-run04-20260809T142603,pixel8,6,1,data/raw/6/capture_6_pixel8_pixel8-6-run04-20260809T142603_1.pcap,data/raw/rrc/rrc_6_pixel8_pixel8-6-run04-20260809T142603_1.json,2026-08-09T02:53:52.148858+00:00,True,1.778
pixel8-6-run04-20260809T142603,pixel8,6,2,data/raw/6/capture_6_pixel8_pixel8-6-run04-20260809T142603_2.pcap,data/raw/rrc/rrc_6_pixel8_pixel8-6-run04-20260809T142603_2.json,2026-08-09T02:54:18.180570+00:00,True,0.622
pixel8-6-run04-20260809T142603,pixel8,6,3,data/raw/6/capture_6_pixel8_pixel8-6-run04-20260809T142603_3.pcap,data/raw/rrc/rrc_6_pixel8_pixel8-6-run04-20260809T142603_3.json,2026-08-09T02:54:44.193151+00:00,True,1.018
pixel8-6-run04-20260809T142603,pixel8,6,4,data/raw/6/capture_6_pixel8_pixel8-6-run04-20260809T142603_4.pcap,data/raw/rrc/rrc_6_pixel8_pixel8-6-run04-20260809T142603_5.json,2026-08-09T02:55:10.479455+00:00,True,0.673
pixel8-6-run04-20260809T142603,pixel8,6,5,data/raw/6/capture_6_pixel8_pixel8-6-run04-20260809T142603_5.pcap,data/raw/rrc/rrc_6_pixel8_pixel8-6-run04-20260809T142603_8.json,2026-08-09T02:55:36.699957+00:00,True,0.968
pixel8-6-run04-20260809T142603,pixel8,6,6,data/raw/6/capture_6_pixel8_pixel8-6-run04-20260809T142603_6.pcap,data/raw/rrc/rrc_6_pixel8_pixel8-6-run04-20260809T142603_11.json,2026-08-09T02:56:03.177707+00:00,True,0.262
pixel8-6-run04-20260809T142603,pixel8,6,7,data/raw/6/capture_6_pixel8_pixel8-6-run04-20260809T142603_7.pcap,data/raw/rrc/rrc_6_pixel8_pixel8-6-run04-20260809T142603_12.json,2026-08-09T02:56:29.579909+00:00,True,0.608
pixel8-6-run04-20260809T142603,pixel8,6,8,data/raw/6/capture_6_pixel8_pixel8-6-run04-20260809T142603_8.pcap,data/raw/rrc/rrc_6_pixel8_pixel8-6-run04-20260809T142603_13.json,2026-08-09T02:56:56.030378+00:00,True,0.745
pixel8-6-run04-20260809T142603,pixel8,6,9,data/raw/6/capture_6_pixel8_pixel8-6-run04-20260809T142603_9.pcap,data/raw/rrc/rrc_6_pixel8_pixel8-6-run04-20260809T142603_14.json,2026-08-09T02:57:21.632135+00:00,True,1.235
pixel8-6-run04-20260809T142603,pixel8,6,10,data/raw/6/capture_6_pixel8_pixel8-6-run04-20260809T142603_10.pcap,data/raw/rrc/rrc_6_pixel8_pixel8-6-run04-20260809T142603_15.json,2026-08-09T02:57:47.382749+00:00,True,0.795
pixel8-6-run04-20260809T142603,pixel8,6,11,data/raw/6/capture_6_pixel8_pixel8-6-run04-20260809T142603_11.pcap,data/raw/rrc/rrc_6_pixel8_pixel8-6-run04-20260809T142603_16.json,2026-08-09T02:58:13.412491+00:00,True,1.132
pixel8-6-run04-20260809T142603,pixel8,6,12,data/raw/6/capture_6_pixel8_pixel8-6-run04-20260809T142603_12.pcap,data/raw/rrc/rrc_6_pixel8_pixel8-6-run04-20260809T142603_17.json,2026-08-09T02:58:39.686984+00:00,True,1.103
pixel8-6-run04-20260809T142603,pixel8,6,13,data/raw/6/capture_6_pixel8_pixel8-6-run04-20260809T142603_13.pcap,data/raw/rrc/rrc_6_pixel8_pixel8-6-run04-20260809T142603_18.json,2026-08-09T02:59:05.939383+00:00,True,1.074
pixel8-6-run04-20260809T142603,pixel8,6,14,data/raw/6/capture_6_pixel8_pixel8-6-run04-20260809T142603_14.pcap,data/raw/rrc/rrc_6_pixel8_pixel8-6-run04-20260809T142603_19.json,2026-08-09T02:59:32.496386+00:00,True,0.714
pixel8-6-run04-20260809T142603,pixel8,6,15,data/raw/6/capture_6_pixel8_pixel8-6-run04-20260809T142603_15.pcap,data/raw/rrc/rrc_6_pixel8_pixel8-6-run04-20260809T142603_21.json,2026-08-09T02:59:58.670922+00:00,True,0.577
pixel8-6-run04-20260809T142603,pixel8,6,16,data/raw/6/capture_6_pixel8_pixel8-6-run04-20260809T142603_16.pcap,data/raw/rrc/rrc_6_pixel8_pixel8-6-run04-20260809T142603_22.json,2026-08-09T03:00:25.345405+00:00,True,0.658
pixel8-6-run04-20260809T142603,pixel8,6,17,data/raw/6/capture_6_pixel8_pixel8-6-run04-20260809T142603_17.pcap,data/raw/rrc/rrc_6_pixel8_pixel8-6-run04-20260809T142603_23.json,2026-08-09T03:00:51.872524+00:00,True,1.178
pixel8-6-run04-20260809T142603,pixel8,6,18,data/raw/6/capture_6_pixel8_pixel8-6-run04-20260809T142603_18.pcap,data/raw/rrc/rrc_6_pixel8_pixel8-6-run04-20260809T142603_24.json,2026-08-09T03:01:19.282757+00:00,True,1.096
pixel8-6-run04-20260809T142603,pixel8,6,19,data/raw/6/capture_6_pixel8_pixel8-6-run04-20260809T142603_19.pcap,data/raw/rrc/rrc_6_pixel8_pixel8-6-run04-20260809T142603_25.json,2026-08-09T03:01:45.297119+00:00,True,1.040
pixel8-6-run04-20260809T142603,pixel8,6,20,data/raw/6/capture_6_pixel8_pixel8-6-run04-20260809T142603_20.pcap,data/raw/rrc/rrc_6_pixel8_pixel8-6-run04-20260809T142603_26.json,2026-08-09T03:02:12.724500+00:00,True,0.780
pixel8-6-run05-20260809T142603,pixel8,6,1,data/raw/6/capture_6_pixel8_pixel8-6-run05-20260809T142603_1.pcap,data/raw/rrc/rrc_6_pixel8_pixel8-6-run05-20260809T142603_1.json,2026-08-09T03:02:39.502613+00:00,True,1.117
pixel8-6-run05-20260809T142603,pixel8,6,2,data/raw/6/capture_6_pixel8_pixel8-6-run05-20260809T142603_2.pcap,data/raw/rrc/rrc_6_pixel8_pixel8-6-run05-20260809T142603_2.json,2026-08-09T03:03:06.783697+00:00,True,0.646
pixel8-6-run05-20260809T142603,pixel8,6,3,data/raw/6/capture_6_pixel8_pixel8-6-run05-20260809T142603_3.pcap,data/raw/rrc/rrc_6_pixel8_pixel8-6-run05-20260809T142603_3.json,2026-08-09T03:03:33.695355+00:00,True,0.896
pixel8-6-run05-20260809T142603,pixel8,6,4,data/raw/6/capture_6_pixel8_pixel8-6-run05-20260809T142603_4.pcap,data/raw/rrc/rrc_6_pixel8_pixel8-6-run05-20260809T142603_4.json,2026-08-09T03:04:00.036080+00:00,True,0.694
pixel8-6-run05-20260809T142603,pixel8,6,5,data/raw/6/capture_6_pixel8_pixel8-6-run05-20260809T142603_5.pcap,data/raw/rrc/rrc_6_pixel8_pixel8-6-run05-20260809T142603_5.json,2026-08-09T03:04:26.392044+00:00,True,0.406
pixel8-6-run05-20260809T142603,pixel8,6,6,data/raw/6/capture_6_pixel8_pixel8-6-run05-20260809T142603_6.pcap,data/raw/rrc/rrc_6_pixel8_pixel8-6-run05-20260809T142603_6.json,2026-08-09T03:04:52.596205+00:00,True,1.333
pixel8-6-run05-20260809T142603,pixel8,6,7,data/raw/6/capture_6_pixel8_pixel8-6-run05-20260809T142603_7.pcap,data/raw/rrc/rrc_6_pixel8_pixel8-6-run05-20260809T142603_7.json,2026-08-09T03:05:18.424326+00:00,True,0.688
pixel8-6-run05-20260809T142603,pixel8,6,8,data/raw/6/capture_6_pixel8_pixel8-6-run05-20260809T142603_8.pcap,data/raw/rrc/rrc_6_pixel8_pixel8-6-run05-20260809T142603_8.json,2026-08-09T03:05:44.965630+00:00,True,0.664
pixel8-6-run05-20260809T142603,pixel8,6,9,data/raw/6/capture_6_pixel8_pixel8-6-run05-20260809T142603_9.pcap,data/raw/rrc/rrc_6_pixel8_pixel8-6-run05-20260809T142603_9.json,2026-08-09T03:06:11.957776+00:00,True,0.513
pixel8-6-run05-20260809T142603,pixel8,6,10,data/raw/6/capture_6_pixel8_pixel8-6-run05-20260809T142603_10.pcap,data/raw/rrc/rrc_6_pixel8_pixel8-6-run05-20260809T142603_10.json,2026-08-09T03:06:38.039443+00:00,True,0.752
pixel8-6-run05-20260809T142603,pixel8,6,11,data/raw/6/capture_6_pixel8_pixel8-6-run05-20260809T142603_11.pcap,data/raw/rrc/rrc_6_pixel8_pixel8-6-run05-20260809T142603_11.json,2026-08-09T03:07:04.759939+00:00,True,1.133
pixel8-6-run05-20260809T142603,pixel8,6,12,data/raw/6/capture_6_pixel8_pixel8-6-run05-20260809T142603_12.pcap,data/raw/rrc/rrc_6_pixel8_pixel8-6-run05-20260809T142603_12.json,2026-08-09T03:07:31.290824+00:00,True,0.615
pixel8-6-run05-20260809T142603,pixel8,6,13,data/raw/6/capture_6_pixel8_pixel8-6-run05-20260809T142603_13.pcap,data/raw/rrc/rrc_6_pixel8_pixel8-6-run05-20260809T142603_13.json,2026-08-09T03:07:57.625333+00:00,True,0.592
pixel8-6-run05-20260809T142603,pixel8,6,14,data/raw/6/capture_6_pixel8_pixel8-6-run05-20260809T142603_14.pcap,data/raw/rrc/rrc_6_pixel8_pixel8-6-run05-20260809T142603_16.json,2026-08-09T03:08:24.482607+00:00,True,1.034
pixel8-6-run05-20260809T142603,pixel8,6,15,data/raw/6/capture_6_pixel8_pixel8-6-run05-20260809T142603_15.pcap,data/raw/rrc/rrc_6_pixel8_pixel8-6-run05-20260809T142603_18.json,2026-08-09T03:08:51.151177+00:00,True,0.619
pixel8-6-run05-20260809T142603,pixel8,6,16,data/raw/6/capture_6_pixel8_pixel8-6-run05-20260809T142603_16.pcap,data/raw/rrc/rrc_6_pixel8_pixel8-6-run05-20260809T142603_21.json,2026-08-09T03:09:17.417045+00:00,True,0.575
pixel8-6-run05-20260809T142603,pixel8,6,17,data/raw/6/capture_6_pixel8_pixel8-6-run05-20260809T142603_17.pcap,data/raw/rrc/rrc_6_pixel8_pixel8-6-run05-20260809T142603_23.json,2026-08-09T03:09:43.738062+00:00,True,0.606
pixel8-6-run05-20260809T142603,pixel8,6,18,data/raw/6/capture_6_pixel8_pixel8-6-run05-20260809T142603_18.pcap,data/raw/rrc/rrc_6_pixel8_pixel8-6-run05-20260809T142603_25.json,2026-08-09T03:10:10.897533+00:00,True,1.071
pixel8-6-run05-20260809T142603,pixel8,6,19,data/raw/6/capture_6_pixel8_pixel8-6-run05-20260809T142603_19.pcap,data/raw/rrc/rrc_6_pixel8_pixel8-6-run05-20260809T142603_27.json,2026-08-09T03:10:37.460865+00:00,True,0.684
pixel8-6-run05-20260809T142603,pixel8,6,20,data/raw/6/capture_6_pixel8_pixel8-6-run05-20260809T142603_20.pcap,data/raw/rrc/rrc_6_pixel8_pixel8-6-run05-20260809T142603_30.json,2026-08-09T03:11:04.268976+00:00,True,0.748
realme-0-run01-20260809T152334,realme,0,1,data/raw/0/capture_0_realme_realme-0-run01-20260809T152334_1.pcap,data/raw/rrc/rrc_0_realme_realme-0-run01-20260809T152334_4.json,2026-08-09T03:24:11.644049+00:00,True,0.648
realme-0-run01-20260809T153048,realme,0,1,data/raw/0/capture_0_realme_realme-0-run01-20260809T153048_1.pcap,data/raw/rrc/rrc_0_realme_realme-0-run01-20260809T153048_2.json,2026-08-09T03:31:28.838076+00:00,True,0.647
realme-0-run01-20260809T153048,realme,0,2,data/raw/0/capture_0_realme_realme-0-run01-20260809T153048_2.pcap,data/raw/rrc/rrc_0_realme_realme-0-run01-20260809T153048_5.json,2026-08-09T03:31:54.562391+00:00,True,0.318
realme-0-run01-20260809T153048,realme,0,3,data/raw/0/capture_0_realme_realme-0-run01-20260809T153048_3.pcap,data/raw/rrc/rrc_0_realme_realme-0-run01-20260809T153048_8.json,2026-08-09T03:32:38.008112+00:00,False,0.354
realme-0-run01-20260809T153048,realme,0,4,data/raw/0/capture_0_realme_realme-0-run01-20260809T153048_4.pcap,data/raw/rrc/rrc_0_realme_realme-0-run01-20260809T153048_10.json,2026-08-09T03:32:58.020445+00:00,True,0.187
realme-0-run01-20260809T153048,realme,0,5,data/raw/0/capture_0_realme_realme-0-run01-20260809T153048_5.pcap,data/raw/rrc/rrc_0_realme_realme-0-run01-20260809T153048_12.json,2026-08-09T03:33:16.106103+00:00,True,0.743
realme-0-run01-20260809T153048,realme,0,6,data/raw/0/capture_0_realme_realme-0-run01-20260809T153048_6.pcap,data/raw/rrc/rrc_0_realme_realme-0-run01-20260809T153048_13.json,2026-08-09T03:33:34.337888+00:00,True,0.656
realme-0-run01-20260809T153048,realme,0,7,data/raw/0/capture_0_realme_realme-0-run01-20260809T153048_7.pcap,data/raw/rrc/rrc_0_realme_realme-0-run01-20260809T153048_14.json,2026-08-09T03:33:52.753487+00:00,True,0.778
realme-0-run01-20260809T153048,realme,0,8,data/raw/0/capture_0_realme_realme-0-run01-20260809T153048_8.pcap,data/raw/rrc/rrc_0_realme_realme-0-run01-20260809T153048_15.json,2026-08-09T03:34:11.314579+00:00,True,1.127
realme-0-run01-20260809T153048,realme,0,9,data/raw/0/capture_0_realme_realme-0-run01-20260809T153048_9.pcap,data/raw/rrc/rrc_0_realme_realme-0-run01-20260809T153048_16.json,2026-08-09T03:34:29.524402+00:00,True,0.625
realme-0-run01-20260809T153048,realme,0,10,data/raw/0/capture_0_realme_realme-0-run01-20260809T153048_10.pcap,data/raw/rrc/rrc_0_realme_realme-0-run01-20260809T153048_17.json,2026-08-09T03:34:48.512157+00:00,True,0.923
realme-0-run01-20260809T153048,realme,0,11,data/raw/0/capture_0_realme_realme-0-run01-20260809T153048_11.pcap,data/raw/rrc/rrc_0_realme_realme-0-run01-20260809T153048_18.json,2026-08-09T03:35:07.125248+00:00,True,0.895
realme-0-run01-20260809T153048,realme,0,12,data/raw/0/capture_0_realme_realme-0-run01-20260809T153048_12.pcap,data/raw/rrc/rrc_0_realme_realme-0-run01-20260809T153048_20.json,2026-08-09T03:35:28.853182+00:00,True,0.669
realme-0-run01-20260809T153048,realme,0,13,data/raw/0/capture_0_realme_realme-0-run01-20260809T153048_13.pcap,data/raw/rrc/rrc_0_realme_realme-0-run01-20260809T153048_21.json,2026-08-09T03:36:00.031613+00:00,True,1.173
realme-0-run01-20260809T153048,realme,0,14,data/raw/0/capture_0_realme_realme-0-run01-20260809T153048_14.pcap,data/raw/rrc/rrc_0_realme_realme-0-run01-20260809T153048_22.json,2026-08-09T03:36:18.899225+00:00,True,2.084
realme-0-run01-20260809T153048,realme,0,15,data/raw/0/capture_0_realme_realme-0-run01-20260809T153048_15.pcap,data/raw/rrc/rrc_0_realme_realme-0-run01-20260809T153048_25.json,2026-08-09T03:36:38.068514+00:00,True,0.786
realme-0-run01-20260809T153048,realme,0,16,data/raw/0/capture_0_realme_realme-0-run01-20260809T153048_16.pcap,data/raw/rrc/rrc_0_realme_realme-0-run01-20260809T153048_27.json,2026-08-09T03:36:57.483113+00:00,True,0.597
realme-0-run01-20260809T153048,realme,0,17,data/raw/0/capture_0_realme_realme-0-run01-20260809T153048_17.pcap,data/raw/rrc/rrc_0_realme_realme-0-run01-20260809T153048_29.json,2026-08-09T03:37:16.812415+00:00,True,0.625
realme-0-run01-20260809T153048,realme,0,18,data/raw/0/capture_0_realme_realme-0-run01-20260809T153048_18.pcap,data/raw/rrc/rrc_0_realme_realme-0-run01-20260809T153048_31.json,2026-08-09T03:37:35.363660+00:00,True,1.242
realme-0-run01-20260809T153048,realme,0,19,data/raw/0/capture_0_realme_realme-0-run01-20260809T153048_19.pcap,data/raw/rrc/rrc_0_realme_realme-0-run01-20260809T153048_32.json,2026-08-09T03:37:53.315269+00:00,True,0.584
realme-0-run01-20260809T153048,realme,0,20,data/raw/0/capture_0_realme_realme-0-run01-20260809T153048_20.pcap,data/raw/rrc/rrc_0_realme_realme-0-run01-20260809T153048_33.json,2026-08-09T03:38:12.469706+00:00,True,0.721
realme-0-run02-20260809T153048,realme,0,1,data/raw/0/capture_0_realme_realme-0-run02-20260809T153048_1.pcap,data/raw/rrc/rrc_0_realme_realme-0-run02-20260809T153048_1.json,2026-08-09T03:38:31.029506+00:00,True,0.655
realme-0-run02-20260809T153048,realme,0,2,data/raw/0/capture_0_realme_realme-0-run02-20260809T153048_2.pcap,data/raw/rrc/rrc_0_realme_realme-0-run02-20260809T153048_2.json,2026-08-09T03:38:49.794963+00:00,True,0.647
realme-0-run02-20260809T153048,realme,0,3,data/raw/0/capture_0_realme_realme-0-run02-20260809T153048_3.pcap,data/raw/rrc/rrc_0_realme_realme-0-run02-20260809T153048_3.json,2026-08-09T03:39:08.697637+00:00,True,0.692
realme-0-run02-20260809T153048,realme,0,4,data/raw/0/capture_0_realme_realme-0-run02-20260809T153048_4.pcap,data/raw/rrc/rrc_0_realme_realme-0-run02-20260809T153048_4.json,2026-08-09T03:39:27.089411+00:00,True,0.618
realme-0-run02-20260809T153048,realme,0,5,data/raw/0/capture_0_realme_realme-0-run02-20260809T153048_5.pcap,data/raw/rrc/rrc_0_realme_realme-0-run02-20260809T153048_5.json,2026-08-09T03:39:46.242590+00:00,True,0.656
realme-0-run02-20260809T153048,realme,0,6,data/raw/0/capture_0_realme_realme-0-run02-20260809T153048_6.pcap,data/raw/rrc/rrc_0_realme_realme-0-run02-20260809T153048_6.json,2026-08-09T03:40:05.667515+00:00,True,0.688
realme-0-run02-20260809T153048,realme,0,7,data/raw/0/capture_0_realme_realme-0-run02-20260809T153048_7.pcap,data/raw/rrc/rrc_0_realme_realme-0-run02-20260809T153048_7.json,2026-08-09T03:40:24.770589+00:00,True,0.609
realme-0-run02-20260809T153048,realme,0,8,data/raw/0/capture_0_realme_realme-0-run02-20260809T153048_8.pcap,data/raw/rrc/rrc_0_realme_realme-0-run02-20260809T153048_8.json,2026-08-09T03:40:44.011579+00:00,True,0.940
realme-0-run02-20260809T153048,realme,0,9,data/raw/0/capture_0_realme_realme-0-run02-20260809T153048_9.pcap,data/raw/rrc/rrc_0_realme_realme-0-run02-20260809T153048_9.json,2026-08-09T03:41:02.403706+00:00,True,1.126
realme-0-run02-20260809T153048,realme,0,10,data/raw/0/capture_0_realme_realme-0-run02-20260809T153048_10.pcap,data/raw/rrc/rrc_0_realme_realme-0-run02-20260809T153048_10.json,2026-08-09T03:41:21.397086+00:00,True,0.632
realme-0-run02-20260809T153048,realme,0,11,data/raw/0/capture_0_realme_realme-0-run02-20260809T153048_11.pcap,data/raw/rrc/rrc_0_realme_realme-0-run02-20260809T153048_11.json,2026-08-09T03:41:40.036405+00:00,True,0.594
realme-0-run02-20260809T153048,realme,0,12,data/raw/0/capture_0_realme_realme-0-run02-20260809T153048_12.pcap,data/raw/rrc/rrc_0_realme_realme-0-run02-20260809T153048_12.json,2026-08-09T03:41:58.868622+00:00,True,1.093
realme-0-run02-20260809T153048,realme,0,13,data/raw/0/capture_0_realme_realme-0-run02-20260809T153048_13.pcap,data/raw/rrc/rrc_0_realme_realme-0-run02-20260809T153048_13.json,2026-08-09T03:42:18.058029+00:00,True,1.286
realme-0-run02-20260809T153048,realme,0,14,data/raw/0/capture_0_realme_realme-0-run02-20260809T153048_14.pcap,data/raw/rrc/rrc_0_realme_realme-0-run02-20260809T153048_14.json,2026-08-09T03:42:37.356901+00:00,True,1.049
realme-0-run02-20260809T153048,realme,0,15,data/raw/0/capture_0_realme_realme-0-run02-20260809T153048_15.pcap,data/raw/rrc/rrc_0_realme_realme-0-run02-20260809T153048_15.json,2026-08-09T03:42:58.609548+00:00,True,2.573
realme-0-run02-20260809T153048,realme,0,16,data/raw/0/capture_0_realme_realme-0-run02-20260809T153048_16.pcap,data/raw/rrc/rrc_0_realme_realme-0-run02-20260809T153048_16.json,2026-08-09T03:43:17.919613+00:00,True,1.446
realme-0-run02-20260809T153048,realme,0,17,data/raw/0/capture_0_realme_realme-0-run02-20260809T153048_17.pcap,data/raw/rrc/rrc_0_realme_realme-0-run02-20260809T153048_17.json,2026-08-09T03:43:36.754745+00:00,True,0.628
realme-0-run02-20260809T153048,realme,0,18,data/raw/0/capture_0_realme_realme-0-run02-20260809T153048_18.pcap,data/raw/rrc/rrc_0_realme_realme-0-run02-20260809T153048_18.json,2026-08-09T03:43:55.630534+00:00,True,0.754
realme-0-run02-20260809T153048,realme,0,19,data/raw/0/capture_0_realme_realme-0-run02-20260809T153048_19.pcap,data/raw/rrc/rrc_0_realme_realme-0-run02-20260809T153048_19.json,2026-08-09T03:44:15.176152+00:00,True,0.724
realme-0-run02-20260809T153048,realme,0,20,data/raw/0/capture_0_realme_realme-0-run02-20260809T153048_20.pcap,data/raw/rrc/rrc_0_realme_realme-0-run02-20260809T153048_20.json,2026-08-09T03:44:34.501271+00:00,True,0.630
realme-0-run03-20260809T153048,realme,0,1,data/raw/0/capture_0_realme_realme-0-run03-20260809T153048_1.pcap,data/raw/rrc/rrc_0_realme_realme-0-run03-20260809T153048_1.json,2026-08-09T03:44:53.268294+00:00,True,0.640
realme-0-run03-20260809T153048,realme,0,2,data/raw/0/capture_0_realme_realme-0-run03-20260809T153048_2.pcap,data/raw/rrc/rrc_0_realme_realme-0-run03-20260809T153048_2.json,2026-08-09T03:45:12.168973+00:00,True,0.619
realme-0-run03-20260809T153048,realme,0,3,data/raw/0/capture_0_realme_realme-0-run03-20260809T153048_3.pcap,data/raw/rrc/rrc_0_realme_realme-0-run03-20260809T153048_3.json,2026-08-09T03:45:31.289061+00:00,True,0.653
realme-0-run03-20260809T153048,realme,0,4,data/raw/0/capture_0_realme_realme-0-run03-20260809T153048_4.pcap,data/raw/rrc/rrc_0_realme_realme-0-run03-20260809T153048_4.json,2026-08-09T03:45:50.168941+00:00,True,0.609
realme-0-run03-20260809T153048,realme,0,5,data/raw/0/capture_0_realme_realme-0-run03-20260809T153048_5.pcap,data/raw/rrc/rrc_0_realme_realme-0-run03-20260809T153048_5.json,2026-08-09T03:46:09.479316+00:00,True,0.667
realme-0-run03-20260809T153048,realme,0,6,data/raw/0/capture_0_realme_realme-0-run03-20260809T153048_6.pcap,data/raw/rrc/rrc_0_realme_realme-0-run03-20260809T153048_6.json,2026-08-09T03:46:29.880817+00:00,True,0.702
realme-0-run03-20260809T153048,realme,0,7,data/raw/0/capture_0_realme_realme-0-run03-20260809T153048_7.pcap,data/raw/rrc/rrc_0_realme_realme-0-run03-20260809T153048_7.json,2026-08-09T03:46:49.380401+00:00,True,0.634
realme-0-run03-20260809T153048,realme,0,8,data/raw/0/capture_0_realme_realme-0-run03-20260809T153048_8.pcap,data/raw/rrc/rrc_0_realme_realme-0-run03-20260809T153048_8.json,2026-08-09T03:47:08.673308+00:00,True,0.631
realme-0-run03-20260809T153048,realme,0,9,data/raw/0/capture_0_realme_realme-0-run03-20260809T153048_9.pcap,data/raw/rrc/rrc_0_realme_realme-0-run03-20260809T153048_9.json,2026-08-09T03:47:27.969092+00:00,True,0.627
realme-0-run03-20260809T153048,realme,0,10,data/raw/0/capture_0_realme_realme-0-run03-20260809T153048_10.pcap,data/raw/rrc/rrc_0_realme_realme-0-run03-20260809T153048_10.json,2026-08-09T03:47:48.182373+00:00,True,0.703
realme-0-run03-20260809T153048,realme,0,11,data/raw/0/capture_0_realme_realme-0-run03-20260809T153048_11.pcap,data/raw/rrc/rrc_0_realme_realme-0-run03-20260809T153048_11.json,2026-08-09T03:48:08.837948+00:00,True,1.092
realme-0-run03-20260809T153048,realme,0,12,data/raw/0/capture_0_realme_realme-0-run03-20260809T153048_12.pcap,data/raw/rrc/rrc_0_realme_realme-0-run03-20260809T153048_12.json,2026-08-09T03:48:29.289851+00:00,True,1.142
realme-0-run03-20260809T153048,realme,0,13,data/raw/0/capture_0_realme_realme-0-run03-20260809T153048_13.pcap,data/raw/rrc/rrc_0_realme_realme-0-run03-20260809T153048_13.json,2026-08-09T03:48:48.864877+00:00,True,0.678
realme-0-run03-20260809T153048,realme,0,14,data/raw/0/capture_0_realme_realme-0-run03-20260809T153048_14.pcap,data/raw/rrc/rrc_0_realme_realme-0-run03-20260809T153048_14.json,2026-08-09T03:49:08.833303+00:00,True,0.683
realme-0-run03-20260809T153048,realme,0,15,data/raw/0/capture_0_realme_realme-0-run03-20260809T153048_15.pcap,data/raw/rrc/rrc_0_realme_realme-0-run03-20260809T153048_15.json,2026-08-09T03:49:28.774767+00:00,True,1.263
realme-0-run03-20260809T153048,realme,0,16,data/raw/0/capture_0_realme_realme-0-run03-20260809T153048_16.pcap,data/raw/rrc/rrc_0_realme_realme-0-run03-20260809T153048_16.json,2026-08-09T03:49:49.627924+00:00,True,0.791
realme-0-run03-20260809T153048,realme,0,17,data/raw/0/capture_0_realme_realme-0-run03-20260809T153048_17.pcap,data/raw/rrc/rrc_0_realme_realme-0-run03-20260809T153048_19.json,2026-08-09T03:50:09.268650+00:00,True,0.623
realme-0-run03-20260809T153048,realme,0,18,data/raw/0/capture_0_realme_realme-0-run03-20260809T153048_18.pcap,data/raw/rrc/rrc_0_realme_realme-0-run03-20260809T153048_21.json,2026-08-09T03:50:28.590710+00:00,True,0.953
realme-0-run03-20260809T153048,realme,0,19,data/raw/0/capture_0_realme_realme-0-run03-20260809T153048_19.pcap,data/raw/rrc/rrc_0_realme_realme-0-run03-20260809T153048_23.json,2026-08-09T03:50:48.790637+00:00,True,1.759
realme-0-run03-20260809T153048,realme,0,20,data/raw/0/capture_0_realme_realme-0-run03-20260809T153048_20.pcap,data/raw/rrc/rrc_0_realme_realme-0-run03-20260809T153048_25.json,2026-08-09T03:51:09.116444+00:00,True,0.678
realme-0-run04-20260809T153048,realme,0,1,data/raw/0/capture_0_realme_realme-0-run04-20260809T153048_1.pcap,data/raw/rrc/rrc_0_realme_realme-0-run04-20260809T153048_2.json,2026-08-09T03:51:28.366958+00:00,True,0.636
realme-0-run04-20260809T153048,realme,0,2,data/raw/0/capture_0_realme_realme-0-run04-20260809T153048_2.pcap,data/raw/rrc/rrc_0_realme_realme-0-run04-20260809T153048_3.json,2026-08-09T03:51:47.860498+00:00,True,0.703
realme-0-run04-20260809T153048,realme,0,3,data/raw/0/capture_0_realme_realme-0-run04-20260809T153048_3.pcap,data/raw/rrc/rrc_0_realme_realme-0-run04-20260809T153048_5.json,2026-08-09T03:52:06.918730+00:00,True,0.655
realme-0-run04-20260809T153048,realme,0,4,data/raw/0/capture_0_realme_realme-0-run04-20260809T153048_4.pcap,data/raw/rrc/rrc_0_realme_realme-0-run04-20260809T153048_8.json,2026-08-09T03:52:27.081577+00:00,True,0.368
realme-0-run04-20260809T153048,realme,0,5,data/raw/0/capture_0_realme_realme-0-run04-20260809T153048_5.pcap,data/raw/rrc/rrc_0_realme_realme-0-run04-20260809T153048_10.json,2026-08-09T03:52:46.459900+00:00,True,0.927
realme-0-run04-20260809T153048,realme,0,6,data/raw/0/capture_0_realme_realme-0-run04-20260809T153048_6.pcap,data/raw/rrc/rrc_0_realme_realme-0-run04-20260809T153048_11.json,2026-08-09T03:53:05.545992+00:00,True,0.626
realme-0-run04-20260809T153048,realme,0,7,data/raw/0/capture_0_realme_realme-0-run04-20260809T153048_7.pcap,data/raw/rrc/rrc_0_realme_realme-0-run04-20260809T153048_13.json,2026-08-09T03:53:24.556267+00:00,True,1.172
realme-0-run04-20260809T153048,realme,0,8,data/raw/0/capture_0_realme_realme-0-run04-20260809T153048_8.pcap,data/raw/rrc/rrc_0_realme_realme-0-run04-20260809T153048_16.json,2026-08-09T03:53:44.159746+00:00,True,0.205
realme-0-run04-20260809T153048,realme,0,9,data/raw/0/capture_0_realme_realme-0-run04-20260809T153048_9.pcap,data/raw/rrc/rrc_0_realme_realme-0-run04-20260809T153048_18.json,2026-08-09T03:54:03.649253+00:00,True,0.594
realme-0-run04-20260809T153048,realme,0,10,data/raw/0/capture_0_realme_realme-0-run04-20260809T153048_10.pcap,data/raw/rrc/rrc_0_realme_realme-0-run04-20260809T153048_20.json,2026-08-09T03:54:22.810573+00:00,True,1.042
realme-0-run04-20260809T153048,realme,0,11,data/raw/0/capture_0_realme_realme-0-run04-20260809T153048_11.pcap,data/raw/rrc/rrc_0_realme_realme-0-run04-20260809T153048_21.json,2026-08-09T03:54:42.219968+00:00,True,0.864
realme-0-run04-20260809T153048,realme,0,12,data/raw/0/capture_0_realme_realme-0-run04-20260809T153048_12.pcap,data/raw/rrc/rrc_0_realme_realme-0-run04-20260809T153048_22.json,2026-08-09T03:55:01.402934+00:00,True,1.213
realme-0-run04-20260809T153048,realme,0,13,data/raw/0/capture_0_realme_realme-0-run04-20260809T153048_13.pcap,data/raw/rrc/rrc_0_realme_realme-0-run04-20260809T153048_23.json,2026-08-09T03:55:20.075211+00:00,True,0.633
realme-0-run04-20260809T153048,realme,0,14,data/raw/0/capture_0_realme_realme-0-run04-20260809T153048_14.pcap,data/raw/rrc/rrc_0_realme_realme-0-run04-20260809T153048_24.json,2026-08-09T03:55:39.561593+00:00,True,0.728
realme-0-run04-20260809T153048,realme,0,15,data/raw/0/capture_0_realme_realme-0-run04-20260809T153048_15.pcap,data/raw/rrc/rrc_0_realme_realme-0-run04-20260809T153048_25.json,2026-08-09T03:55:59.983055+00:00,True,0.697
realme-0-run04-20260809T153048,realme,0,16,data/raw/0/capture_0_realme_realme-0-run04-20260809T153048_16.pcap,data/raw/rrc/rrc_0_realme_realme-0-run04-20260809T153048_26.json,2026-08-09T03:56:19.967131+00:00,True,0.624
realme-0-run04-20260809T153048,realme,0,17,data/raw/0/capture_0_realme_realme-0-run04-20260809T153048_17.pcap,data/raw/rrc/rrc_0_realme_realme-0-run04-20260809T153048_27.json,2026-08-09T03:56:38.823654+00:00,True,0.648
realme-0-run04-20260809T153048,realme,0,18,data/raw/0/capture_0_realme_realme-0-run04-20260809T153048_18.pcap,data/raw/rrc/rrc_0_realme_realme-0-run04-20260809T153048_28.json,2026-08-09T03:56:58.139830+00:00,True,0.744
realme-0-run04-20260809T153048,realme,0,19,data/raw/0/capture_0_realme_realme-0-run04-20260809T153048_19.pcap,data/raw/rrc/rrc_0_realme_realme-0-run04-20260809T153048_29.json,2026-08-09T03:57:17.263990+00:00,True,0.606
realme-0-run04-20260809T153048,realme,0,20,data/raw/0/capture_0_realme_realme-0-run04-20260809T153048_20.pcap,data/raw/rrc/rrc_0_realme_realme-0-run04-20260809T153048_30.json,2026-08-09T03:57:35.885091+00:00,True,1.083
realme-0-run05-20260809T153048,realme,0,1,data/raw/0/capture_0_realme_realme-0-run05-20260809T153048_1.pcap,data/raw/rrc/rrc_0_realme_realme-0-run05-20260809T153048_1.json,2026-08-09T03:57:55.663016+00:00,True,0.718
realme-0-run05-20260809T153048,realme,0,2,data/raw/0/capture_0_realme_realme-0-run05-20260809T153048_2.pcap,data/raw/rrc/rrc_0_realme_realme-0-run05-20260809T153048_2.json,2026-08-09T03:58:14.088218+00:00,True,0.664
realme-0-run05-20260809T153048,realme,0,3,data/raw/0/capture_0_realme_realme-0-run05-20260809T153048_3.pcap,data/raw/rrc/rrc_0_realme_realme-0-run05-20260809T153048_3.json,2026-08-09T03:58:33.361723+00:00,True,0.633
realme-0-run05-20260809T153048,realme,0,4,data/raw/0/capture_0_realme_realme-0-run05-20260809T153048_4.pcap,data/raw/rrc/rrc_0_realme_realme-0-run05-20260809T153048_4.json,2026-08-09T03:58:52.144061+00:00,True,0.613
realme-0-run05-20260809T153048,realme,0,5,data/raw/0/capture_0_realme_realme-0-run05-20260809T153048_5.pcap,data/raw/rrc/rrc_0_realme_realme-0-run05-20260809T153048_5.json,2026-08-09T03:59:11.314553+00:00,True,1.140
realme-0-run05-20260809T153048,realme,0,6,data/raw/0/capture_0_realme_realme-0-run05-20260809T153048_6.pcap,data/raw/rrc/rrc_0_realme_realme-0-run05-20260809T153048_6.json,2026-08-09T03:59:31.199980+00:00,True,0.612
realme-0-run05-20260809T153048,realme,0,7,data/raw/0/capture_0_realme_realme-0-run05-20260809T153048_7.pcap,data/raw/rrc/rrc_0_realme_realme-0-run05-20260809T153048_7.json,2026-08-09T03:59:50.952817+00:00,True,0.660
realme-0-run05-20260809T153048,realme,0,8,data/raw/0/capture_0_realme_realme-0-run05-20260809T153048_8.pcap,data/raw/rrc/rrc_0_realme_realme-0-run05-20260809T153048_8.json,2026-08-09T04:00:09.814092+00:00,True,1.138
realme-0-run05-20260809T153048,realme,0,9,data/raw/0/capture_0_realme_realme-0-run05-20260809T153048_9.pcap,data/raw/rrc/rrc_0_realme_realme-0-run05-20260809T153048_9.json,2026-08-09T04:00:28.868107+00:00,True,0.642
realme-0-run05-20260809T153048,realme,0,10,data/raw/0/capture_0_realme_realme-0-run05-20260809T153048_10.pcap,data/raw/rrc/rrc_0_realme_realme-0-run05-20260809T153048_10.json,2026-08-09T04:00:48.108421+00:00,True,0.767
realme-0-run05-20260809T153048,realme,0,11,data/raw/0/capture_0_realme_realme-0-run05-20260809T153048_11.pcap,data/raw/rrc/rrc_0_realme_realme-0-run05-20260809T153048_11.json,2026-08-09T04:01:07.240995+00:00,True,0.606
realme-0-run05-20260809T153048,realme,0,12,data/raw/0/capture_0_realme_realme-0-run05-20260809T153048_12.pcap,data/raw/rrc/rrc_0_realme_realme-0-run05-20260809T153048_12.json,2026-08-09T04:01:26.381634+00:00,True,0.911
realme-0-run05-20260809T153048,realme,0,13,data/raw/0/capture_0_realme_realme-0-run05-20260809T153048_13.pcap,data/raw/rrc/rrc_0_realme_realme-0-run05-20260809T153048_13.json,2026-08-09T04:01:45.480690+00:00,True,1.087
realme-0-run05-20260809T153048,realme,0,14,data/raw/0/capture_0_realme_realme-0-run05-20260809T153048_14.pcap,data/raw/rrc/rrc_0_realme_realme-0-run05-20260809T153048_14.json,2026-08-09T04:02:04.198279+00:00,True,0.634
realme-0-run05-20260809T153048,realme,0,15,data/raw/0/capture_0_realme_realme-0-run05-20260809T153048_15.pcap,data/raw/rrc/rrc_0_realme_realme-0-run05-20260809T153048_15.json,2026-08-09T04:02:23.136088+00:00,True,0.667
realme-0-run05-20260809T153048,realme,0,16,data/raw/0/capture_0_realme_realme-0-run05-20260809T153048_16.pcap,data/raw/rrc/rrc_0_realme_realme-0-run05-20260809T153048_16.json,2026-08-09T04:02:42.059725+00:00,True,0.655
realme-0-run05-20260809T153048,realme,0,17,data/raw/0/capture_0_realme_realme-0-run05-20260809T153048_17.pcap,data/raw/rrc/rrc_0_realme_realme-0-run05-20260809T153048_17.json,2026-08-09T04:03:01.622311+00:00,True,0.649
realme-0-run05-20260809T153048,realme,0,18,data/raw/0/capture_0_realme_realme-0-run05-20260809T153048_18.pcap,data/raw/rrc/rrc_0_realme_realme-0-run05-20260809T153048_18.json,2026-08-09T04:03:20.807755+00:00,True,0.634
realme-0-run05-20260809T153048,realme,0,19,data/raw/0/capture_0_realme_realme-0-run05-20260809T153048_19.pcap,data/raw/rrc/rrc_0_realme_realme-0-run05-20260809T153048_19.json,2026-08-09T04:03:40.498125+00:00,True,0.612
realme-0-run05-20260809T153048,realme,0,20,data/raw/0/capture_0_realme_realme-0-run05-20260809T153048_20.pcap,data/raw/rrc/rrc_0_realme_realme-0-run05-20260809T153048_20.json,2026-08-09T04:04:00.758420+00:00,True,0.628
realme-1-run01-20260809T160432,realme,1,1,data/raw/1/capture_1_realme_realme-1-run01-20260809T160432_1.pcap,data/raw/rrc/rrc_1_realme_realme-1-run01-20260809T160432_2.json,2026-08-09T04:05:08.511163+00:00,True,1.243
realme-1-run01-20260809T161508,realme,1,1,data/raw/1/capture_1_realme_realme-1-run01-20260809T161508_1.pcap,data/raw/rrc/rrc_1_realme_realme-1-run01-20260809T161508_1.json,2026-08-09T04:15:47.651239+00:00,True,1.119
realme-1-run01-20260809T161508,realme,1,2,data/raw/1/capture_1_realme_realme-1-run01-20260809T161508_2.pcap,data/raw/rrc/rrc_1_realme_realme-1-run01-20260809T161508_2.json,2026-08-09T04:16:07.837926+00:00,True,0.191
realme-1-run01-20260809T161508,realme,1,3,data/raw/1/capture_1_realme_realme-1-run01-20260809T161508_3.pcap,data/raw/rrc/rrc_1_realme_realme-1-run01-20260809T161508_7.json,2026-08-09T04:16:46.723560+00:00,True,0.336
realme-1-run01-20260809T161508,realme,1,4,data/raw/1/capture_1_realme_realme-1-run01-20260809T161508_4.pcap,data/raw/rrc/rrc_1_realme_realme-1-run01-20260809T161508_11.json,2026-08-09T04:17:07.878970+00:00,True,0.299
realme-1-run01-20260809T161508,realme,1,5,data/raw/1/capture_1_realme_realme-1-run01-20260809T161508_5.pcap,data/raw/rrc/rrc_1_realme_realme-1-run01-20260809T161508_14.json,2026-08-09T04:17:28.118931+00:00,True,1.135
realme-1-run01-20260809T161508,realme,1,6,data/raw/1/capture_1_realme_realme-1-run01-20260809T161508_6.pcap,data/raw/rrc/rrc_1_realme_realme-1-run01-20260809T161508_15.json,2026-08-09T04:17:48.048103+00:00,True,0.638
realme-1-run01-20260809T161508,realme,1,7,data/raw/1/capture_1_realme_realme-1-run01-20260809T161508_7.pcap,data/raw/rrc/rrc_1_realme_realme-1-run01-20260809T161508_16.json,2026-08-09T04:18:07.890077+00:00,True,1.314
realme-1-run01-20260809T161508,realme,1,8,data/raw/1/capture_1_realme_realme-1-run01-20260809T161508_8.pcap,data/raw/rrc/rrc_1_realme_realme-1-run01-20260809T161508_17.json,2026-08-09T04:18:27.213195+00:00,True,0.631
realme-1-run01-20260809T161508,realme,1,9,data/raw/1/capture_1_realme_realme-1-run01-20260809T161508_9.pcap,data/raw/rrc/rrc_1_realme_realme-1-run01-20260809T161508_18.json,2026-08-09T04:18:46.948422+00:00,True,1.136
realme-1-run01-20260809T161508,realme,1,10,data/raw/1/capture_1_realme_realme-1-run01-20260809T161508_10.pcap,data/raw/rrc/rrc_1_realme_realme-1-run01-20260809T161508_19.json,2026-08-09T04:19:06.475423+00:00,True,0.672
realme-1-run01-20260809T161508,realme,1,11,data/raw/1/capture_1_realme_realme-1-run01-20260809T161508_11.pcap,data/raw/rrc/rrc_1_realme_realme-1-run01-20260809T161508_20.json,2026-08-09T04:19:26.078039+00:00,True,0.677
realme-1-run01-20260809T161508,realme,1,12,data/raw/1/capture_1_realme_realme-1-run01-20260809T161508_12.pcap,data/raw/rrc/rrc_1_realme_realme-1-run01-20260809T161508_21.json,2026-08-09T04:19:46.047565+00:00,True,1.100
realme-1-run01-20260809T161508,realme,1,13,data/raw/1/capture_1_realme_realme-1-run01-20260809T161508_13.pcap,data/raw/rrc/rrc_1_realme_realme-1-run01-20260809T161508_22.json,2026-08-09T04:20:05.405371+00:00,True,0.643
realme-1-run01-20260809T161508,realme,1,14,data/raw/1/capture_1_realme_realme-1-run01-20260809T161508_14.pcap,data/raw/rrc/rrc_1_realme_realme-1-run01-20260809T161508_23.json,2026-08-09T04:20:25.712703+00:00,True,0.845
realme-1-run01-20260809T161508,realme,1,15,data/raw/1/capture_1_realme_realme-1-run01-20260809T161508_15.pcap,data/raw/rrc/rrc_1_realme_realme-1-run01-20260809T161508_24.json,2026-08-09T04:20:45.570773+00:00,True,1.072
realme-1-run01-20260809T161508,realme,1,16,data/raw/1/capture_1_realme_realme-1-run01-20260809T161508_16.pcap,data/raw/rrc/rrc_1_realme_realme-1-run01-20260809T161508_25.json,2026-08-09T04:21:04.859729+00:00,True,0.612
realme-1-run01-20260809T161508,realme,1,17,data/raw/1/capture_1_realme_realme-1-run01-20260809T161508_17.pcap,data/raw/rrc/rrc_1_realme_realme-1-run01-20260809T161508_26.json,2026-08-09T04:21:24.630332+00:00,True,0.684
realme-1-run01-20260809T161508,realme,1,18,data/raw/1/capture_1_realme_realme-1-run01-20260809T161508_18.pcap,data/raw/rrc/rrc_1_realme_realme-1-run01-20260809T161508_28.json,2026-08-09T04:21:44.150449+00:00,True,0.460
realme-1-run01-20260809T161508,realme,1,19,data/raw/1/capture_1_realme_realme-1-run01-20260809T161508_19.pcap,data/raw/rrc/rrc_1_realme_realme-1-run01-20260809T161508_30.json,2026-08-09T04:22:03.878356+00:00,True,0.607
realme-1-run01-20260809T161508,realme,1,20,data/raw/1/capture_1_realme_realme-1-run01-20260809T161508_20.pcap,data/raw/rrc/rrc_1_realme_realme-1-run01-20260809T161508_32.json,2026-08-09T04:22:23.518402+00:00,True,0.696
realme-1-run02-20260809T161508,realme,1,1,data/raw/1/capture_1_realme_realme-1-run02-20260809T161508_1.pcap,data/raw/rrc/rrc_1_realme_realme-1-run02-20260809T161508_2.json,2026-08-09T04:22:43.859266+00:00,True,1.166
realme-1-run02-20260809T161508,realme,1,2,data/raw/1/capture_1_realme_realme-1-run02-20260809T161508_2.pcap,data/raw/rrc/rrc_1_realme_realme-1-run02-20260809T161508_4.json,2026-08-09T04:23:03.631908+00:00,True,0.591
realme-1-run02-20260809T161508,realme,1,3,data/raw/1/capture_1_realme_realme-1-run02-20260809T161508_3.pcap,data/raw/rrc/rrc_1_realme_realme-1-run02-20260809T161508_5.json,2026-08-09T04:23:23.298367+00:00,True,0.625
realme-1-run02-20260809T161508,realme,1,4,data/raw/1/capture_1_realme_realme-1-run02-20260809T161508_4.pcap,data/raw/rrc/rrc_1_realme_realme-1-run02-20260809T161508_6.json,2026-08-09T04:23:42.624948+00:00,True,0.682
realme-1-run02-20260809T161508,realme,1,5,data/raw/1/capture_1_realme_realme-1-run02-20260809T161508_5.pcap,data/raw/rrc/rrc_1_realme_realme-1-run02-20260809T161508_7.json,2026-08-09T04:24:03.083187+00:00,True,0.651
realme-1-run02-20260809T161508,realme,1,6,data/raw/1/capture_1_realme_realme-1-run02-20260809T161508_6.pcap,data/raw/rrc/rrc_1_realme_realme-1-run02-20260809T161508_8.json,2026-08-09T04:24:22.523385+00:00,True,1.015
realme-1-run02-20260809T161508,realme,1,7,data/raw/1/capture_1_realme_realme-1-run02-20260809T161508_7.pcap,data/raw/rrc/rrc_1_realme_realme-1-run02-20260809T161508_9.json,2026-08-09T04:24:42.230173+00:00,True,1.126
realme-1-run02-20260809T161508,realme,1,8,data/raw/1/capture_1_realme_realme-1-run02-20260809T161508_8.pcap,data/raw/rrc/rrc_1_realme_realme-1-run02-20260809T161508_10.json,2026-08-09T04:25:02.349261+00:00,True,1.180
realme-1-run02-20260809T161508,realme,1,9,data/raw/1/capture_1_realme_realme-1-run02-20260809T161508_9.pcap,data/raw/rrc/rrc_1_realme_realme-1-run02-20260809T161508_11.json,2026-08-09T04:25:21.689392+00:00,True,1.498
realme-1-run02-20260809T161508,realme,1,10,data/raw/1/capture_1_realme_realme-1-run02-20260809T161508_10.pcap,data/raw/rrc/rrc_1_realme_realme-1-run02-20260809T161508_12.json,2026-08-09T04:25:41.371719+00:00,True,0.622
realme-1-run02-20260809T161508,realme,1,11,data/raw/1/capture_1_realme_realme-1-run02-20260809T161508_11.pcap,data/raw/rrc/rrc_1_realme_realme-1-run02-20260809T161508_13.json,2026-08-09T04:26:01.704304+00:00,True,0.833
realme-1-run02-20260809T161508,realme,1,12,data/raw/1/capture_1_realme_realme-1-run02-20260809T161508_12.pcap,data/raw/rrc/rrc_1_realme_realme-1-run02-20260809T161508_14.json,2026-08-09T04:26:20.931571+00:00,True,0.621
realme-1-run02-20260809T161508,realme,1,13,data/raw/1/capture_1_realme_realme-1-run02-20260809T161508_13.pcap,data/raw/rrc/rrc_1_realme_realme-1-run02-20260809T161508_15.json,2026-08-09T04:26:41.405483+00:00,True,2.105
realme-1-run02-20260809T161508,realme,1,14,data/raw/1/capture_1_realme_realme-1-run02-20260809T161508_14.pcap,data/raw/rrc/rrc_1_realme_realme-1-run02-20260809T161508_16.json,2026-08-09T04:27:00.993314+00:00,True,1.017
realme-1-run02-20260809T161508,realme,1,15,data/raw/1/capture_1_realme_realme-1-run02-20260809T161508_15.pcap,data/raw/rrc/rrc_1_realme_realme-1-run02-20260809T161508_17.json,2026-08-09T04:27:20.663038+00:00,True,0.696
realme-1-run02-20260809T161508,realme,1,16,data/raw/1/capture_1_realme_realme-1-run02-20260809T161508_16.pcap,data/raw/rrc/rrc_1_realme_realme-1-run02-20260809T161508_18.json,2026-08-09T04:27:40.992181+00:00,True,0.764
realme-1-run02-20260809T161508,realme,1,17,data/raw/1/capture_1_realme_realme-1-run02-20260809T161508_17.pcap,data/raw/rrc/rrc_1_realme_realme-1-run02-20260809T161508_19.json,2026-08-09T04:28:00.922715+00:00,True,2.757
realme-1-run02-20260809T161508,realme,1,18,data/raw/1/capture_1_realme_realme-1-run02-20260809T161508_18.pcap,data/raw/rrc/rrc_1_realme_realme-1-run02-20260809T161508_20.json,2026-08-09T04:28:20.650425+00:00,True,1.009
realme-1-run02-20260809T161508,realme,1,19,data/raw/1/capture_1_realme_realme-1-run02-20260809T161508_19.pcap,data/raw/rrc/rrc_1_realme_realme-1-run02-20260809T161508_21.json,2026-08-09T04:28:40.570466+00:00,True,1.060
realme-1-run02-20260809T161508,realme,1,20,data/raw/1/capture_1_realme_realme-1-run02-20260809T161508_20.pcap,data/raw/rrc/rrc_1_realme_realme-1-run02-20260809T161508_22.json,2026-08-09T04:28:59.786450+00:00,True,1.161
realme-1-run03-20260809T161508,realme,1,1,data/raw/1/capture_1_realme_realme-1-run03-20260809T161508_1.pcap,data/raw/rrc/rrc_1_realme_realme-1-run03-20260809T161508_1.json,2026-08-09T04:29:19.471141+00:00,True,1.117
realme-1-run03-20260809T161508,realme,1,2,data/raw/1/capture_1_realme_realme-1-run03-20260809T161508_2.pcap,data/raw/rrc/rrc_1_realme_realme-1-run03-20260809T161508_2.json,2026-08-09T04:29:39.549143+00:00,True,0.595
realme-1-run03-20260809T161508,realme,1,3,data/raw/1/capture_1_realme_realme-1-run03-20260809T161508_3.pcap,data/raw/rrc/rrc_1_realme_realme-1-run03-20260809T161508_3.json,2026-08-09T04:29:59.107635+00:00,True,0.626
realme-1-run03-20260809T161508,realme,1,4,data/raw/1/capture_1_realme_realme-1-run03-20260809T161508_4.pcap,data/raw/rrc/rrc_1_realme_realme-1-run03-20260809T161508_4.json,2026-08-09T04:30:18.576662+00:00,True,0.655
realme-1-run03-20260809T161508,realme,1,5,data/raw/1/capture_1_realme_realme-1-run03-20260809T161508_5.pcap,data/raw/rrc/rrc_1_realme_realme-1-run03-20260809T161508_5.json,2026-08-09T04:30:38.352708+00:00,True,1.158
realme-1-run03-20260809T161508,realme,1,6,data/raw/1/capture_1_realme_realme-1-run03-20260809T161508_6.pcap,data/raw/rrc/rrc_1_realme_realme-1-run03-20260809T161508_6.json,2026-08-09T04:30:58.407746+00:00,True,0.629
realme-1-run03-20260809T161508,realme,1,7,data/raw/1/capture_1_realme_realme-1-run03-20260809T161508_7.pcap,data/raw/rrc/rrc_1_realme_realme-1-run03-20260809T161508_7.json,2026-08-09T04:31:17.843191+00:00,True,1.189
realme-1-run03-20260809T161508,realme,1,8,data/raw/1/capture_1_realme_realme-1-run03-20260809T161508_8.pcap,data/raw/rrc/rrc_1_realme_realme-1-run03-20260809T161508_8.json,2026-08-09T04:31:38.729946+00:00,True,1.010
realme-1-run03-20260809T161508,realme,1,9,data/raw/1/capture_1_realme_realme-1-run03-20260809T161508_9.pcap,data/raw/rrc/rrc_1_realme_realme-1-run03-20260809T161508_9.json,2026-08-09T04:31:59.820580+00:00,True,0.615
realme-1-run03-20260809T161508,realme,1,10,data/raw/1/capture_1_realme_realme-1-run03-20260809T161508_10.pcap,data/raw/rrc/rrc_1_realme_realme-1-run03-20260809T161508_10.json,2026-08-09T04:32:19.928816+00:00,True,1.023
realme-1-run03-20260809T161508,realme,1,11,data/raw/1/capture_1_realme_realme-1-run03-20260809T161508_11.pcap,data/raw/rrc/rrc_1_realme_realme-1-run03-20260809T161508_11.json,2026-08-09T04:32:39.915009+00:00,True,0.677
realme-1-run03-20260809T161508,realme,1,12,data/raw/1/capture_1_realme_realme-1-run03-20260809T161508_12.pcap,data/raw/rrc/rrc_1_realme_realme-1-run03-20260809T161508_12.json,2026-08-09T04:33:00.769401+00:00,True,1.083
realme-1-run03-20260809T161508,realme,1,13,data/raw/1/capture_1_realme_realme-1-run03-20260809T161508_13.pcap,data/raw/rrc/rrc_1_realme_realme-1-run03-20260809T161508_13.json,2026-08-09T04:33:21.342058+00:00,True,0.875
realme-1-run03-20260809T161508,realme,1,14,data/raw/1/capture_1_realme_realme-1-run03-20260809T161508_14.pcap,data/raw/rrc/rrc_1_realme_realme-1-run03-20260809T161508_14.json,2026-08-09T04:33:41.764541+00:00,True,0.668
realme-1-run03-20260809T161508,realme,1,15,data/raw/1/capture_1_realme_realme-1-run03-20260809T161508_15.pcap,data/raw/rrc/rrc_1_realme_realme-1-run03-20260809T161508_15.json,2026-08-09T04:34:01.731021+00:00,True,0.615
realme-1-run03-20260809T161508,realme,1,16,data/raw/1/capture_1_realme_realme-1-run03-20260809T161508_16.pcap,data/raw/rrc/rrc_1_realme_realme-1-run03-20260809T161508_16.json,2026-08-09T04:34:22.070725+00:00,True,0.951
realme-1-run03-20260809T161508,realme,1,17,data/raw/1/capture_1_realme_realme-1-run03-20260809T161508_17.pcap,data/raw/rrc/rrc_1_realme_realme-1-run03-20260809T161508_17.json,2026-08-09T04:34:42.506031+00:00,True,0.759
realme-1-run03-20260809T161508,realme,1,18,data/raw/1/capture_1_realme_realme-1-run03-20260809T161508_18.pcap,data/raw/rrc/rrc_1_realme_realme-1-run03-20260809T161508_18.json,2026-08-09T04:35:01.893043+00:00,True,0.639
realme-1-run03-20260809T161508,realme,1,19,data/raw/1/capture_1_realme_realme-1-run03-20260809T161508_19.pcap,data/raw/rrc/rrc_1_realme_realme-1-run03-20260809T161508_21.json,2026-08-09T04:35:21.721980+00:00,True,1.117
realme-1-run03-20260809T161508,realme,1,20,data/raw/1/capture_1_realme_realme-1-run03-20260809T161508_20.pcap,data/raw/rrc/rrc_1_realme_realme-1-run03-20260809T161508_23.json,2026-08-09T04:35:40.833388+00:00,True,0.614
realme-1-run04-20260809T161508,realme,1,1,data/raw/1/capture_1_realme_realme-1-run04-20260809T161508_1.pcap,data/raw/rrc/rrc_1_realme_realme-1-run04-20260809T161508_3.json,2026-08-09T04:36:01.409511+00:00,True,0.605
realme-1-run04-20260809T161508,realme,1,2,data/raw/1/capture_1_realme_realme-1-run04-20260809T161508_2.pcap,data/raw/rrc/rrc_1_realme_realme-1-run04-20260809T161508_5.json,2026-08-09T04:36:21.886236+00:00,True,0.387
realme-1-run04-20260809T161508,realme,1,3,data/raw/1/capture_1_realme_realme-1-run04-20260809T161508_3.pcap,data/raw/rrc/rrc_1_realme_realme-1-run04-20260809T161508_7.json,2026-08-09T04:36:42.289620+00:00,True,1.021
realme-1-run04-20260809T161508,realme,1,4,data/raw/1/capture_1_realme_realme-1-run04-20260809T161508_4.pcap,data/raw/rrc/rrc_1_realme_realme-1-run04-20260809T161508_9.json,2026-08-09T04:37:03.016236+00:00,True,0.927
realme-1-run04-20260809T161508,realme,1,5,data/raw/1/capture_1_realme_realme-1-run04-20260809T161508_5.pcap,data/raw/rrc/rrc_1_realme_realme-1-run04-20260809T161508_11.json,2026-08-09T04:37:23.157979+00:00,True,0.624
realme-1-run04-20260809T161508,realme,1,6,data/raw/1/capture_1_realme_realme-1-run04-20260809T161508_6.pcap,data/raw/rrc/rrc_1_realme_realme-1-run04-20260809T161508_13.json,2026-08-09T04:37:43.080354+00:00,True,0.623
realme-1-run04-20260809T161508,realme,1,7,data/raw/1/capture_1_realme_realme-1-run04-20260809T161508_7.pcap,data/raw/rrc/rrc_1_realme_realme-1-run04-20260809T161508_15.json,2026-08-09T04:38:03.312508+00:00,True,1.238
realme-1-run04-20260809T161508,realme,1,8,data/raw/1/capture_1_realme_realme-1-run04-20260809T161508_8.pcap,data/raw/rrc/rrc_1_realme_realme-1-run04-20260809T161508_16.json,2026-08-09T04:38:23.103212+00:00,True,0.633
realme-1-run04-20260809T161508,realme,1,9,data/raw/1/capture_1_realme_realme-1-run04-20260809T161508_9.pcap,data/raw/rrc/rrc_1_realme_realme-1-run04-20260809T161508_17.json,2026-08-09T04:38:43.677756+00:00,True,1.191
realme-1-run04-20260809T161508,realme,1,10,data/raw/1/capture_1_realme_realme-1-run04-20260809T161508_10.pcap,data/raw/rrc/rrc_1_realme_realme-1-run04-20260809T161508_18.json,2026-08-09T04:39:03.275346+00:00,True,1.176
realme-1-run04-20260809T161508,realme,1,11,data/raw/1/capture_1_realme_realme-1-run04-20260809T161508_11.pcap,data/raw/rrc/rrc_1_realme_realme-1-run04-20260809T161508_19.json,2026-08-09T04:39:23.159555+00:00,True,0.644
realme-1-run04-20260809T161508,realme,1,12,data/raw/1/capture_1_realme_realme-1-run04-20260809T161508_12.pcap,data/raw/rrc/rrc_1_realme_realme-1-run04-20260809T161508_20.json,2026-08-09T04:39:43.126809+00:00,True,0.719
realme-1-run04-20260809T161508,realme,1,13,data/raw/1/capture_1_realme_realme-1-run04-20260809T161508_13.pcap,data/raw/rrc/rrc_1_realme_realme-1-run04-20260809T161508_21.json,2026-08-09T04:40:02.847131+00:00,True,0.656
realme-1-run04-20260809T161508,realme,1,14,data/raw/1/capture_1_realme_realme-1-run04-20260809T161508_14.pcap,data/raw/rrc/rrc_1_realme_realme-1-run04-20260809T161508_22.json,2026-08-09T04:40:22.358165+00:00,True,1.167
realme-1-run04-20260809T161508,realme,1,15,data/raw/1/capture_1_realme_realme-1-run04-20260809T161508_15.pcap,data/raw/rrc/rrc_1_realme_realme-1-run04-20260809T161508_23.json,2026-08-09T04:40:42.586326+00:00,True,1.216
realme-1-run04-20260809T161508,realme,1,16,data/raw/1/capture_1_realme_realme-1-run04-20260809T161508_16.pcap,data/raw/rrc/rrc_1_realme_realme-1-run04-20260809T161508_24.json,2026-08-09T04:41:04.002681+00:00,True,0.691
realme-1-run04-20260809T161508,realme,1,17,data/raw/1/capture_1_realme_realme-1-run04-20260809T161508_17.pcap,data/raw/rrc/rrc_1_realme_realme-1-run04-20260809T161508_25.json,2026-08-09T04:41:24.354762+00:00,True,1.107
realme-1-run04-20260809T161508,realme,1,18,data/raw/1/capture_1_realme_realme-1-run04-20260809T161508_18.pcap,data/raw/rrc/rrc_1_realme_realme-1-run04-20260809T161508_26.json,2026-08-09T04:41:43.855728+00:00,True,1.175
realme-1-run04-20260809T161508,realme,1,19,data/raw/1/capture_1_realme_realme-1-run04-20260809T161508_19.pcap,data/raw/rrc/rrc_1_realme_realme-1-run04-20260809T161508_27.json,2026-08-09T04:42:03.533353+00:00,True,0.630
realme-1-run04-20260809T161508,realme,1,20,data/raw/1/capture_1_realme_realme-1-run04-20260809T161508_20.pcap,data/raw/rrc/rrc_1_realme_realme-1-run04-20260809T161508_28.json,2026-08-09T04:42:23.645888+00:00,True,0.611
realme-1-run05-20260809T161508,realme,1,1,data/raw/1/capture_1_realme_realme-1-run05-20260809T161508_1.pcap,data/raw/rrc/rrc_1_realme_realme-1-run05-20260809T161508_1.json,2026-08-09T04:42:43.894577+00:00,True,1.081
realme-1-run05-20260809T161508,realme,1,2,data/raw/1/capture_1_realme_realme-1-run05-20260809T161508_2.pcap,data/raw/rrc/rrc_1_realme_realme-1-run05-20260809T161508_2.json,2026-08-09T04:43:03.736540+00:00,True,1.084
realme-1-run05-20260809T161508,realme,1,3,data/raw/1/capture_1_realme_realme-1-run05-20260809T161508_3.pcap,data/raw/rrc/rrc_1_realme_realme-1-run05-20260809T161508_3.json,2026-08-09T04:43:23.975856+00:00,True,0.670
realme-1-run05-20260809T161508,realme,1,4,data/raw/1/capture_1_realme_realme-1-run05-20260809T161508_4.pcap,data/raw/rrc/rrc_1_realme_realme-1-run05-20260809T161508_4.json,2026-08-09T04:43:44.496968+00:00,True,0.590
realme-1-run05-20260809T161508,realme,1,5,data/raw/1/capture_1_realme_realme-1-run05-20260809T161508_5.pcap,data/raw/rrc/rrc_1_realme_realme-1-run05-20260809T161508_5.json,2026-08-09T04:44:04.796984+00:00,True,0.650
realme-1-run05-20260809T161508,realme,1,6,data/raw/1/capture_1_realme_realme-1-run05-20260809T161508_6.pcap,data/raw/rrc/rrc_1_realme_realme-1-run05-20260809T161508_6.json,2026-08-09T04:44:24.696298+00:00,True,1.180
realme-1-run05-20260809T161508,realme,1,7,data/raw/1/capture_1_realme_realme-1-run05-20260809T161508_7.pcap,data/raw/rrc/rrc_1_realme_realme-1-run05-20260809T161508_7.json,2026-08-09T04:44:44.930553+00:00,True,1.081
realme-1-run05-20260809T161508,realme,1,8,data/raw/1/capture_1_realme_realme-1-run05-20260809T161508_8.pcap,data/raw/rrc/rrc_1_realme_realme-1-run05-20260809T161508_8.json,2026-08-09T04:45:04.935810+00:00,True,1.231
realme-1-run05-20260809T161508,realme,1,9,data/raw/1/capture_1_realme_realme-1-run05-20260809T161508_9.pcap,data/raw/rrc/rrc_1_realme_realme-1-run05-20260809T161508_9.json,2026-08-09T04:45:25.340239+00:00,True,0.668
realme-1-run05-20260809T161508,realme,1,10,data/raw/1/capture_1_realme_realme-1-run05-20260809T161508_10.pcap,data/raw/rrc/rrc_1_realme_realme-1-run05-20260809T161508_10.json,2026-08-09T04:45:45.635498+00:00,True,0.588
realme-1-run05-20260809T161508,realme,1,11,data/raw/1/capture_1_realme_realme-1-run05-20260809T161508_11.pcap,data/raw/rrc/rrc_1_realme_realme-1-run05-20260809T161508_11.json,2026-08-09T04:46:05.872565+00:00,True,0.648
realme-1-run05-20260809T161508,realme,1,12,data/raw/1/capture_1_realme_realme-1-run05-20260809T161508_12.pcap,data/raw/rrc/rrc_1_realme_realme-1-run05-20260809T161508_12.json,2026-08-09T04:46:26.319233+00:00,True,0.607
realme-1-run05-20260809T161508,realme,1,13,data/raw/1/capture_1_realme_realme-1-run05-20260809T161508_13.pcap,data/raw/rrc/rrc_1_realme_realme-1-run05-20260809T161508_13.json,2026-08-09T04:46:46.844287+00:00,True,1.099
realme-1-run05-20260809T161508,realme,1,14,data/raw/1/capture_1_realme_realme-1-run05-20260809T161508_14.pcap,data/raw/rrc/rrc_1_realme_realme-1-run05-20260809T161508_14.json,2026-08-09T04:47:06.946824+00:00,True,0.878
realme-1-run05-20260809T161508,realme,1,15,data/raw/1/capture_1_realme_realme-1-run05-20260809T161508_15.pcap,data/raw/rrc/rrc_1_realme_realme-1-run05-20260809T161508_15.json,2026-08-09T04:47:27.138829+00:00,True,0.672
realme-1-run05-20260809T161508,realme,1,16,data/raw/1/capture_1_realme_realme-1-run05-20260809T161508_16.pcap,data/raw/rrc/rrc_1_realme_realme-1-run05-20260809T161508_16.json,2026-08-09T04:47:47.184841+00:00,True,0.678
realme-1-run05-20260809T161508,realme,1,17,data/raw/1/capture_1_realme_realme-1-run05-20260809T161508_17.pcap,data/raw/rrc/rrc_1_realme_realme-1-run05-20260809T161508_17.json,2026-08-09T04:48:07.127416+00:00,True,1.032
realme-1-run05-20260809T161508,realme,1,18,data/raw/1/capture_1_realme_realme-1-run05-20260809T161508_18.pcap,data/raw/rrc/rrc_1_realme_realme-1-run05-20260809T161508_18.json,2026-08-09T04:48:28.169262+00:00,True,1.083
realme-1-run05-20260809T161508,realme,1,19,data/raw/1/capture_1_realme_realme-1-run05-20260809T161508_19.pcap,data/raw/rrc/rrc_1_realme_realme-1-run05-20260809T161508_19.json,2026-08-09T04:48:49.041544+00:00,True,0.615
realme-1-run05-20260809T161508,realme,1,20,data/raw/1/capture_1_realme_realme-1-run05-20260809T161508_20.pcap,data/raw/rrc/rrc_1_realme_realme-1-run05-20260809T161508_21.json,2026-08-09T04:49:09.414594+00:00,True,0.614
realme-2-run01-20260809T164944,realme,2,1,data/raw/2/capture_2_realme_realme-2-run01-20260809T164944_1.pcap,data/raw/rrc/rrc_2_realme_realme-2-run01-20260809T164944_4.json,2026-08-09T04:50:22.495960+00:00,True,1.072
realme-2-run01-20260809T164944,realme,2,2,data/raw/2/capture_2_realme_realme-2-run01-20260809T164944_2.pcap,data/raw/rrc/rrc_2_realme_realme-2-run01-20260809T164944_7.json,2026-08-09T04:50:43.385524+00:00,True,0.671
realme-2-run01-20260809T164944,realme,2,3,data/raw/2/capture_2_realme_realme-2-run01-20260809T164944_3.pcap,data/raw/rrc/rrc_2_realme_realme-2-run01-20260809T164944_9.json,2026-08-09T04:51:03.468974+00:00,True,0.625
realme-2-run01-20260809T164944,realme,2,4,data/raw/2/capture_2_realme_realme-2-run01-20260809T164944_4.pcap,data/raw/rrc/rrc_2_realme_realme-2-run01-20260809T164944_11.json,2026-08-09T04:51:24.237580+00:00,True,0.694
realme-2-run01-20260809T164944,realme,2,5,data/raw/2/capture_2_realme_realme-2-run01-20260809T164944_5.pcap,data/raw/rrc/rrc_2_realme_realme-2-run01-20260809T164944_12.json,2026-08-09T04:51:44.816728+00:00,True,1.053
realme-2-run01-20260809T164944,realme,2,6,data/raw/2/capture_2_realme_realme-2-run01-20260809T164944_6.pcap,data/raw/rrc/rrc_2_realme_realme-2-run01-20260809T164944_13.json,2026-08-09T04:52:05.397372+00:00,True,0.634
realme-2-run01-20260809T164944,realme,2,7,data/raw/2/capture_2_realme_realme-2-run01-20260809T164944_7.pcap,data/raw/rrc/rrc_2_realme_realme-2-run01-20260809T164944_14.json,2026-08-09T04:52:26.206184+00:00,True,0.650
realme-2-run01-20260809T164944,realme,2,8,data/raw/2/capture_2_realme_realme-2-run01-20260809T164944_8.pcap,data/raw/rrc/rrc_2_realme_realme-2-run01-20260809T164944_15.json,2026-08-09T04:52:45.748926+00:00,True,0.772
realme-2-run01-20260809T164944,realme,2,9,data/raw/2/capture_2_realme_realme-2-run01-20260809T164944_9.pcap,data/raw/rrc/rrc_2_realme_realme-2-run01-20260809T164944_16.json,2026-08-09T04:53:06.736855+00:00,True,1.279
realme-2-run01-20260809T164944,realme,2,10,data/raw/2/capture_2_realme_realme-2-run01-20260809T164944_10.pcap,data/raw/rrc/rrc_2_realme_realme-2-run01-20260809T164944_17.json,2026-08-09T04:53:27.325474+00:00,True,0.617
realme-2-run01-20260809T164944,realme,2,11,data/raw/2/capture_2_realme_realme-2-run01-20260809T164944_11.pcap,data/raw/rrc/rrc_2_realme_realme-2-run01-20260809T164944_19.json,2026-08-09T04:53:47.389224+00:00,True,1.129
realme-2-run01-20260809T164944,realme,2,12,data/raw/2/capture_2_realme_realme-2-run01-20260809T164944_12.pcap,data/raw/rrc/rrc_2_realme_realme-2-run01-20260809T164944_22.json,2026-08-09T04:54:07.872572+00:00,True,1.245
realme-2-run01-20260809T164944,realme,2,13,data/raw/2/capture_2_realme_realme-2-run01-20260809T164944_13.pcap,data/raw/rrc/rrc_2_realme_realme-2-run01-20260809T164944_24.json,2026-08-09T04:54:28.323209+00:00,True,1.081
realme-2-run01-20260809T164944,realme,2,14,data/raw/2/capture_2_realme_realme-2-run01-20260809T164944_14.pcap,data/raw/rrc/rrc_2_realme_realme-2-run01-20260809T164944_26.json,2026-08-09T04:54:48.215283+00:00,True,0.641
realme-2-run01-20260809T164944,realme,2,15,data/raw/2/capture_2_realme_realme-2-run01-20260809T164944_15.pcap,data/raw/rrc/rrc_2_realme_realme-2-run01-20260809T164944_27.json,2026-08-09T04:55:08.633247+00:00,True,0.841
realme-2-run01-20260809T164944,realme,2,16,data/raw/2/capture_2_realme_realme-2-run01-20260809T164944_16.pcap,data/raw/rrc/rrc_2_realme_realme-2-run01-20260809T164944_28.json,2026-08-09T04:55:29.207400+00:00,True,0.671
realme-2-run01-20260809T164944,realme,2,17,data/raw/2/capture_2_realme_realme-2-run01-20260809T164944_17.pcap,data/raw/rrc/rrc_2_realme_realme-2-run01-20260809T164944_29.json,2026-08-09T04:55:49.245087+00:00,True,0.735
realme-2-run01-20260809T164944,realme,2,18,data/raw/2/capture_2_realme_realme-2-run01-20260809T164944_18.pcap,data/raw/rrc/rrc_2_realme_realme-2-run01-20260809T164944_30.json,2026-08-09T04:56:10.171052+00:00,True,1.077
realme-2-run01-20260809T164944,realme,2,19,data/raw/2/capture_2_realme_realme-2-run01-20260809T164944_19.pcap,data/raw/rrc/rrc_2_realme_realme-2-run01-20260809T164944_31.json,2026-08-09T04:56:30.281222+00:00,True,1.115
realme-2-run01-20260809T164944,realme,2,20,data/raw/2/capture_2_realme_realme-2-run01-20260809T164944_20.pcap,data/raw/rrc/rrc_2_realme_realme-2-run01-20260809T164944_32.json,2026-08-09T04:56:51.277026+00:00,True,0.726
realme-2-run02-20260809T164944,realme,2,1,data/raw/2/capture_2_realme_realme-2-run02-20260809T164944_1.pcap,data/raw/rrc/rrc_2_realme_realme-2-run02-20260809T164944_1.json,2026-08-09T04:57:11.199690+00:00,True,1.114
realme-2-run02-20260809T164944,realme,2,2,data/raw/2/capture_2_realme_realme-2-run02-20260809T164944_2.pcap,data/raw/rrc/rrc_2_realme_realme-2-run02-20260809T164944_2.json,2026-08-09T04:57:31.466753+00:00,True,0.630
realme-2-run02-20260809T164944,realme,2,3,data/raw/2/capture_2_realme_realme-2-run02-20260809T164944_3.pcap,data/raw/rrc/rrc_2_realme_realme-2-run02-20260809T164944_3.json,2026-08-09T04:57:51.322087+00:00,True,1.065
realme-2-run02-20260809T164944,realme,2,4,data/raw/2/capture_2_realme_realme-2-run02-20260809T164944_4.pcap,data/raw/rrc/rrc_2_realme_realme-2-run02-20260809T164944_4.json,2026-08-09T04:58:11.851740+00:00,True,1.068
realme-2-run02-20260809T164944,realme,2,5,data/raw/2/capture_2_realme_realme-2-run02-20260809T164944_5.pcap,data/raw/rrc/rrc_2_realme_realme-2-run02-20260809T164944_5.json,2026-08-09T04:58:32.019861+00:00,True,0.604
realme-2-run02-20260809T164944,realme,2,6,data/raw/2/capture_2_realme_realme-2-run02-20260809T164944_6.pcap,data/raw/rrc/rrc_2_realme_realme-2-run02-20260809T164944_6.json,2026-08-09T04:58:52.050326+00:00,True,0.739
realme-2-run02-20260809T164944,realme,2,7,data/raw/2/capture_2_realme_realme-2-run02-20260809T164944_7.pcap,data/raw/rrc/rrc_2_realme_realme-2-run02-20260809T164944_7.json,2026-08-09T04:59:12.895543+00:00,True,1.084
realme-2-run02-20260809T164944,realme,2,8,data/raw/2/capture_2_realme_realme-2-run02-20260809T164944_8.pcap,data/raw/rrc/rrc_2_realme_realme-2-run02-20260809T164944_8.json,2026-08-09T04:59:33.042492+00:00,True,0.551
realme-2-run02-20260809T164944,realme,2,9,data/raw/2/capture_2_realme_realme-2-run02-20260809T164944_9.pcap,data/raw/rrc/rrc_2_realme_realme-2-run02-20260809T164944_9.json,2026-08-09T04:59:53.073021+00:00,True,0.856
realme-2-run02-20260809T164944,realme,2,10,data/raw/2/capture_2_realme_realme-2-run02-20260809T164944_10.pcap,data/raw/rrc/rrc_2_realme_realme-2-run02-20260809T164944_10.json,2026-08-09T05:00:13.501364+00:00,True,1.021
realme-2-run02-20260809T164944,realme,2,11,data/raw/2/capture_2_realme_realme-2-run02-20260809T164944_11.pcap,data/raw/rrc/rrc_2_realme_realme-2-run02-20260809T164944_11.json,2026-08-09T05:00:33.909347+00:00,True,1.240
realme-2-run02-20260809T164944,realme,2,12,data/raw/2/capture_2_realme_realme-2-run02-20260809T164944_12.pcap,data/raw/rrc/rrc_2_realme_realme-2-run02-20260809T164944_12.json,2026-08-09T05:00:54.499588+00:00,True,1.121
realme-2-run02-20260809T164944,realme,2,13,data/raw/2/capture_2_realme_realme-2-run02-20260809T164944_13.pcap,data/raw/rrc/rrc_2_realme_realme-2-run02-20260809T164944_13.json,2026-08-09T05:01:14.523339+00:00,True,0.603
realme-2-run02-20260809T164944,realme,2,14,data/raw/2/capture_2_realme_realme-2-run02-20260809T164944_14.pcap,data/raw/rrc/rrc_2_realme_realme-2-run02-20260809T164944_14.json,2026-08-09T05:01:35.308219+00:00,True,0.673
realme-2-run02-20260809T164944,realme,2,15,data/raw/2/capture_2_realme_realme-2-run02-20260809T164944_15.pcap,data/raw/rrc/rrc_2_realme_realme-2-run02-20260809T164944_15.json,2026-08-09T05:01:56.386961+00:00,True,1.077
realme-2-run02-20260809T164944,realme,2,16,data/raw/2/capture_2_realme_realme-2-run02-20260809T164944_16.pcap,data/raw/rrc/rrc_2_realme_realme-2-run02-20260809T164944_16.json,2026-08-09T05:02:18.676889+00:00,True,0.663
realme-2-run02-20260809T164944,realme,2,17,data/raw/2/capture_2_realme_realme-2-run02-20260809T164944_17.pcap,data/raw/rrc/rrc_2_realme_realme-2-run02-20260809T164944_17.json,2026-08-09T05:02:39.816565+00:00,True,1.140
realme-2-run02-20260809T164944,realme,2,18,data/raw/2/capture_2_realme_realme-2-run02-20260809T164944_18.pcap,data/raw/rrc/rrc_2_realme_realme-2-run02-20260809T164944_18.json,2026-08-09T05:02:59.781867+00:00,True,0.686
realme-2-run02-20260809T164944,realme,2,19,data/raw/2/capture_2_realme_realme-2-run02-20260809T164944_19.pcap,data/raw/rrc/rrc_2_realme_realme-2-run02-20260809T164944_19.json,2026-08-09T05:03:20.688484+00:00,True,0.615
realme-2-run02-20260809T164944,realme,2,20,data/raw/2/capture_2_realme_realme-2-run02-20260809T164944_20.pcap,data/raw/rrc/rrc_2_realme_realme-2-run02-20260809T164944_20.json,2026-08-09T05:03:41.265435+00:00,True,0.979
realme-2-run03-20260809T164944,realme,2,1,data/raw/2/capture_2_realme_realme-2-run03-20260809T164944_1.pcap,data/raw/rrc/rrc_2_realme_realme-2-run03-20260809T164944_1.json,2026-08-09T05:04:02.395047+00:00,True,0.911
realme-2-run03-20260809T164944,realme,2,2,data/raw/2/capture_2_realme_realme-2-run03-20260809T164944_2.pcap,data/raw/rrc/rrc_2_realme_realme-2-run03-20260809T164944_2.json,2026-08-09T05:04:23.390449+00:00,True,1.014
realme-2-run03-20260809T164944,realme,2,3,data/raw/2/capture_2_realme_realme-2-run03-20260809T164944_3.pcap,data/raw/rrc/rrc_2_realme_realme-2-run03-20260809T164944_3.json,2026-08-09T05:04:43.173388+00:00,True,0.616
realme-2-run03-20260809T164944,realme,2,4,data/raw/2/capture_2_realme_realme-2-run03-20260809T164944_4.pcap,data/raw/rrc/rrc_2_realme_realme-2-run03-20260809T164944_4.json,2026-08-09T05:05:04.728950+00:00,True,1.043
realme-2-run03-20260809T164944,realme,2,5,data/raw/2/capture_2_realme_realme-2-run03-20260809T164944_5.pcap,data/raw/rrc/rrc_2_realme_realme-2-run03-20260809T164944_5.json,2026-08-09T05:05:24.906923+00:00,True,1.088
realme-2-run03-20260809T164944,realme,2,6,data/raw/2/capture_2_realme_realme-2-run03-20260809T164944_6.pcap,data/raw/rrc/rrc_2_realme_realme-2-run03-20260809T164944_6.json,2026-08-09T05:05:45.724395+00:00,True,1.862
realme-2-run03-20260809T164944,realme,2,7,data/raw/2/capture_2_realme_realme-2-run03-20260809T164944_7.pcap,data/raw/rrc/rrc_2_realme_realme-2-run03-20260809T164944_7.json,2026-08-09T05:06:06.903497+00:00,True,1.735
realme-2-run03-20260809T164944,realme,2,8,data/raw/2/capture_2_realme_realme-2-run03-20260809T164944_8.pcap,data/raw/rrc/rrc_2_realme_realme-2-run03-20260809T164944_8.json,2026-08-09T05:06:28.024062+00:00,True,0.621
realme-2-run03-20260809T164944,realme,2,9,data/raw/2/capture_2_realme_realme-2-run03-20260809T164944_9.pcap,data/raw/rrc/rrc_2_realme_realme-2-run03-20260809T164944_9.json,2026-08-09T05:06:48.115031+00:00,True,1.061
realme-2-run03-20260809T164944,realme,2,10,data/raw/2/capture_2_realme_realme-2-run03-20260809T164944_10.pcap,data/raw/rrc/rrc_2_realme_realme-2-run03-20260809T164944_12.json,2026-08-09T05:07:08.497109+00:00,True,1.151
realme-2-run03-20260809T164944,realme,2,11,data/raw/2/capture_2_realme_realme-2-run03-20260809T164944_11.pcap,data/raw/rrc/rrc_2_realme_realme-2-run03-20260809T164944_14.json,2026-08-09T05:07:28.917539+00:00,True,0.993
realme-2-run03-20260809T164944,realme,2,12,data/raw/2/capture_2_realme_realme-2-run03-20260809T164944_12.pcap,data/raw/rrc/rrc_2_realme_realme-2-run03-20260809T164944_15.json,2026-08-09T05:07:49.793360+00:00,True,0.938
realme-2-run03-20260809T164944,realme,2,13,data/raw/2/capture_2_realme_realme-2-run03-20260809T164944_13.pcap,data/raw/rrc/rrc_2_realme_realme-2-run03-20260809T164944_18.json,2026-08-09T05:08:10.875395+00:00,True,0.842
realme-2-run03-20260809T164944,realme,2,14,data/raw/2/capture_2_realme_realme-2-run03-20260809T164944_14.pcap,data/raw/rrc/rrc_2_realme_realme-2-run03-20260809T164944_19.json,2026-08-09T05:08:32.212725+00:00,True,0.676
realme-2-run03-20260809T164944,realme,2,15,data/raw/2/capture_2_realme_realme-2-run03-20260809T164944_15.pcap,data/raw/rrc/rrc_2_realme_realme-2-run03-20260809T164944_20.json,2026-08-09T05:08:52.602533+00:00,True,0.698
realme-2-run03-20260809T164944,realme,2,16,data/raw/2/capture_2_realme_realme-2-run03-20260809T164944_16.pcap,data/raw/rrc/rrc_2_realme_realme-2-run03-20260809T164944_21.json,2026-08-09T05:09:14.132050+00:00,True,0.677
realme-2-run03-20260809T164944,realme,2,17,data/raw/2/capture_2_realme_realme-2-run03-20260809T164944_17.pcap,data/raw/rrc/rrc_2_realme_realme-2-run03-20260809T164944_22.json,2026-08-09T05:09:34.950864+00:00,True,1.071
realme-2-run03-20260809T164944,realme,2,18,data/raw/2/capture_2_realme_realme-2-run03-20260809T164944_18.pcap,data/raw/rrc/rrc_2_realme_realme-2-run03-20260809T164944_23.json,2026-08-09T05:09:55.520280+00:00,True,1.191
realme-2-run03-20260809T164944,realme,2,19,data/raw/2/capture_2_realme_realme-2-run03-20260809T164944_19.pcap,data/raw/rrc/rrc_2_realme_realme-2-run03-20260809T164944_24.json,2026-08-09T05:10:16.759413+00:00,True,0.636
realme-2-run03-20260809T164944,realme,2,20,data/raw/2/capture_2_realme_realme-2-run03-20260809T164944_20.pcap,data/raw/rrc/rrc_2_realme_realme-2-run03-20260809T164944_25.json,2026-08-09T05:10:38.137261+00:00,True,1.018
realme-2-run04-20260809T164944,realme,2,1,data/raw/2/capture_2_realme_realme-2-run04-20260809T164944_1.pcap,data/raw/rrc/rrc_2_realme_realme-2-run04-20260809T164944_1.json,2026-08-09T05:10:58.800834+00:00,True,0.699
realme-2-run04-20260809T164944,realme,2,2,data/raw/2/capture_2_realme_realme-2-run04-20260809T164944_2.pcap,data/raw/rrc/rrc_2_realme_realme-2-run04-20260809T164944_2.json,2026-08-09T05:11:19.976517+00:00,True,0.597
realme-2-run04-20260809T164944,realme,2,3,data/raw/2/capture_2_realme_realme-2-run04-20260809T164944_3.pcap,data/raw/rrc/rrc_2_realme_realme-2-run04-20260809T164944_3.json,2026-08-09T05:11:40.721239+00:00,True,0.713
realme-2-run04-20260809T164944,realme,2,4,data/raw/2/capture_2_realme_realme-2-run04-20260809T164944_4.pcap,data/raw/rrc/rrc_2_realme_realme-2-run04-20260809T164944_4.json,2026-08-09T05:12:01.641545+00:00,True,0.606
realme-2-run04-20260809T164944,realme,2,5,data/raw/2/capture_2_realme_realme-2-run04-20260809T164944_5.pcap,data/raw/rrc/rrc_2_realme_realme-2-run04-20260809T164944_5.json,2026-08-09T05:12:22.821835+00:00,True,1.309
realme-2-run04-20260809T164944,realme,2,6,data/raw/2/capture_2_realme_realme-2-run04-20260809T164944_6.pcap,data/raw/rrc/rrc_2_realme_realme-2-run04-20260809T164944_6.json,2026-08-09T05:12:44.493035+00:00,True,1.478
realme-2-run04-20260809T164944,realme,2,7,data/raw/2/capture_2_realme_realme-2-run04-20260809T164944_7.pcap,data/raw/rrc/rrc_2_realme_realme-2-run04-20260809T164944_7.json,2026-08-09T05:13:05.586468+00:00,True,0.617
realme-2-run04-20260809T164944,realme,2,8,data/raw/2/capture_2_realme_realme-2-run04-20260809T164944_8.pcap,data/raw/rrc/rrc_2_realme_realme-2-run04-20260809T164944_8.json,2026-08-09T05:13:26.826390+00:00,True,0.604
realme-2-run04-20260809T164944,realme,2,9,data/raw/2/capture_2_realme_realme-2-run04-20260809T164944_9.pcap,data/raw/rrc/rrc_2_realme_realme-2-run04-20260809T164944_9.json,2026-08-09T05:13:47.369984+00:00,True,0.636
realme-2-run04-20260809T164944,realme,2,10,data/raw/2/capture_2_realme_realme-2-run04-20260809T164944_10.pcap,data/raw/rrc/rrc_2_realme_realme-2-run04-20260809T164944_10.json,2026-08-09T05:14:09.079793+00:00,True,0.630
realme-2-run04-20260809T164944,realme,2,11,data/raw/2/capture_2_realme_realme-2-run04-20260809T164944_11.pcap,data/raw/rrc/rrc_2_realme_realme-2-run04-20260809T164944_11.json,2026-08-09T05:14:30.052894+00:00,True,0.621
realme-2-run04-20260809T164944,realme,2,12,data/raw/2/capture_2_realme_realme-2-run04-20260809T164944_12.pcap,data/raw/rrc/rrc_2_realme_realme-2-run04-20260809T164944_12.json,2026-08-09T05:14:51.449431+00:00,True,0.608
realme-2-run04-20260809T164944,realme,2,13,data/raw/2/capture_2_realme_realme-2-run04-20260809T164944_13.pcap,data/raw/rrc/rrc_2_realme_realme-2-run04-20260809T164944_13.json,2026-08-09T05:15:12.902013+00:00,True,1.110
realme-2-run04-20260809T164944,realme,2,14,data/raw/2/capture_2_realme_realme-2-run04-20260809T164944_14.pcap,data/raw/rrc/rrc_2_realme_realme-2-run04-20260809T164944_14.json,2026-08-09T05:15:34.280466+00:00,True,1.175
realme-2-run04-20260809T164944,realme,2,15,data/raw/2/capture_2_realme_realme-2-run04-20260809T164944_15.pcap,data/raw/rrc/rrc_2_realme_realme-2-run04-20260809T164944_15.json,2026-08-09T05:15:55.302218+00:00,True,0.588
realme-2-run04-20260809T164944,realme,2,16,data/raw/2/capture_2_realme_realme-2-run04-20260809T164944_16.pcap,data/raw/rrc/rrc_2_realme_realme-2-run04-20260809T164944_16.json,2026-08-09T05:16:16.262765+00:00,True,0.631
realme-2-run04-20260809T164944,realme,2,17,data/raw/2/capture_2_realme_realme-2-run04-20260809T164944_17.pcap,data/raw/rrc/rrc_2_realme_realme-2-run04-20260809T164944_17.json,2026-08-09T05:16:37.465839+00:00,True,0.634
realme-2-run04-20260809T164944,realme,2,18,data/raw/2/capture_2_realme_realme-2-run04-20260809T164944_18.pcap,data/raw/rrc/rrc_2_realme_realme-2-run04-20260809T164944_18.json,2026-08-09T05:16:57.804536+00:00,True,0.608
realme-2-run04-20260809T164944,realme,2,19,data/raw/2/capture_2_realme_realme-2-run04-20260809T164944_19.pcap,data/raw/rrc/rrc_2_realme_realme-2-run04-20260809T164944_20.json,2026-08-09T05:17:19.470843+00:00,True,0.701
realme-2-run04-20260809T164944,realme,2,20,data/raw/2/capture_2_realme_realme-2-run04-20260809T164944_20.pcap,data/raw/rrc/rrc_2_realme_realme-2-run04-20260809T164944_21.json,2026-08-09T05:17:40.933822+00:00,True,0.677
realme-2-run05-20260809T164944,realme,2,1,data/raw/2/capture_2_realme_realme-2-run05-20260809T164944_1.pcap,data/raw/rrc/rrc_2_realme_realme-2-run05-20260809T164944_1.json,2026-08-09T05:18:02.292923+00:00,True,1.097
realme-2-run05-20260809T164944,realme,2,2,data/raw/2/capture_2_realme_realme-2-run05-20260809T164944_2.pcap,data/raw/rrc/rrc_2_realme_realme-2-run05-20260809T164944_2.json,2026-08-09T05:18:22.703862+00:00,True,1.169
realme-2-run05-20260809T164944,realme,2,3,data/raw/2/capture_2_realme_realme-2-run05-20260809T164944_3.pcap,data/raw/rrc/rrc_2_realme_realme-2-run05-20260809T164944_5.json,2026-08-09T05:18:44.126625+00:00,True,0.445
realme-2-run05-20260809T164944,realme,2,4,data/raw/2/capture_2_realme_realme-2-run05-20260809T164944_4.pcap,data/raw/rrc/rrc_2_realme_realme-2-run05-20260809T164944_7.json,2026-08-09T05:19:06.150420+00:00,True,0.998
realme-2-run05-20260809T164944,realme,2,5,data/raw/2/capture_2_realme_realme-2-run05-20260809T164944_5.pcap,data/raw/rrc/rrc_2_realme_realme-2-run05-20260809T164944_9.json,2026-08-09T05:19:27.841132+00:00,True,0.626
realme-2-run05-20260809T164944,realme,2,6,data/raw/2/capture_2_realme_realme-2-run05-20260809T164944_6.pcap,data/raw/rrc/rrc_2_realme_realme-2-run05-20260809T164944_11.json,2026-08-09T05:19:49.183056+00:00,True,0.879
realme-2-run05-20260809T164944,realme,2,7,data/raw/2/capture_2_realme_realme-2-run05-20260809T164944_7.pcap,data/raw/rrc/rrc_2_realme_realme-2-run05-20260809T164944_12.json,2026-08-09T05:20:10.666179+00:00,True,1.024
realme-2-run05-20260809T164944,realme,2,8,data/raw/2/capture_2_realme_realme-2-run05-20260809T164944_8.pcap,data/raw/rrc/rrc_2_realme_realme-2-run05-20260809T164944_13.json,2026-08-09T05:20:31.635728+00:00,True,0.730
realme-2-run05-20260809T164944,realme,2,9,data/raw/2/capture_2_realme_realme-2-run05-20260809T164944_9.pcap,data/raw/rrc/rrc_2_realme_realme-2-run05-20260809T164944_14.json,2026-08-09T05:20:52.594320+00:00,True,0.574
realme-2-run05-20260809T164944,realme,2,10,data/raw/2/capture_2_realme_realme-2-run05-20260809T164944_10.pcap,data/raw/rrc/rrc_2_realme_realme-2-run05-20260809T164944_15.json,2026-08-09T05:21:14.633378+00:00,True,0.621
realme-2-run05-20260809T164944,realme,2,11,data/raw/2/capture_2_realme_realme-2-run05-20260809T164944_11.pcap,data/raw/rrc/rrc_2_realme_realme-2-run05-20260809T164944_16.json,2026-08-09T05:21:36.089834+00:00,True,0.636
realme-2-run05-20260809T164944,realme,2,12,data/raw/2/capture_2_realme_realme-2-run05-20260809T164944_12.pcap,data/raw/rrc/rrc_2_realme_realme-2-run05-20260809T164944_17.json,2026-08-09T05:21:57.198684+00:00,True,0.637
realme-2-run05-20260809T164944,realme,2,13,data/raw/2/capture_2_realme_realme-2-run05-20260809T164944_13.pcap,data/raw/rrc/rrc_2_realme_realme-2-run05-20260809T164944_18.json,2026-08-09T05:22:18.744782+00:00,True,1.110
realme-2-run05-20260809T164944,realme,2,14,data/raw/2/capture_2_realme_realme-2-run05-20260809T164944_14.pcap,data/raw/rrc/rrc_2_realme_realme-2-run05-20260809T164944_19.json,2026-08-09T05:22:40.811590+00:00,True,0.999
realme-2-run05-20260809T164944,realme,2,15,data/raw/2/capture_2_realme_realme-2-run05-20260809T164944_15.pcap,data/raw/rrc/rrc_2_realme_realme-2-run05-20260809T164944_20.json,2026-08-09T05:23:01.730840+00:00,True,0.639
realme-2-run05-20260809T164944,realme,2,16,data/raw/2/capture_2_realme_realme-2-run05-20260809T164944_16.pcap,data/raw/rrc/rrc_2_realme_realme-2-run05-20260809T164944_21.json,2026-08-09T05:23:23.142447+00:00,True,1.052
realme-2-run05-20260809T164944,realme,2,17,data/raw/2/capture_2_realme_realme-2-run05-20260809T164944_17.pcap,data/raw/rrc/rrc_2_realme_realme-2-run05-20260809T164944_22.json,2026-08-09T05:23:44.520940+00:00,True,1.049
realme-2-run05-20260809T164944,realme,2,18,data/raw/2/capture_2_realme_realme-2-run05-20260809T164944_18.pcap,data/raw/rrc/rrc_2_realme_realme-2-run05-20260809T164944_23.json,2026-08-09T05:24:06.500737+00:00,True,0.614
realme-2-run05-20260809T164944,realme,2,19,data/raw/2/capture_2_realme_realme-2-run05-20260809T164944_19.pcap,data/raw/rrc/rrc_2_realme_realme-2-run05-20260809T164944_24.json,2026-08-09T05:24:27.763977+00:00,True,0.615
realme-2-run05-20260809T164944,realme,2,20,data/raw/2/capture_2_realme_realme-2-run05-20260809T164944_20.pcap,data/raw/rrc/rrc_2_realme_realme-2-run05-20260809T164944_25.json,2026-08-09T05:24:48.501576+00:00,True,0.612
realme-3-run01-20260809T172526,realme,3,1,data/raw/3/capture_3_realme_realme-3-run01-20260809T172526_1.pcap,data/raw/rrc/rrc_3_realme_realme-3-run01-20260809T172526_2.json,2026-08-09T05:26:07.152114+00:00,True,0.665
realme-3-run01-20260809T173555,realme,3,1,data/raw/3/capture_3_realme_realme-3-run01-20260809T173555_1.pcap,data/raw/rrc/rrc_3_realme_realme-3-run01-20260809T173555_3.json,2026-08-09T05:36:35.939153+00:00,True,1.179
realme-3-run01-20260809T173555,realme,3,2,data/raw/3/capture_3_realme_realme-3-run01-20260809T173555_2.pcap,data/raw/rrc/rrc_3_realme_realme-3-run01-20260809T173555_5.json,2026-08-09T05:36:59.322126+00:00,True,0.294
realme-3-run01-20260809T173555,realme,3,3,data/raw/3/capture_3_realme_realme-3-run01-20260809T173555_3.pcap,data/raw/rrc/rrc_3_realme_realme-3-run01-20260809T173555_8.json,2026-08-09T05:37:30.752939+00:00,True,0.296
realme-3-run01-20260809T173555,realme,3,4,data/raw/3/capture_3_realme_realme-3-run01-20260809T173555_4.pcap,data/raw/rrc/rrc_3_realme_realme-3-run01-20260809T173555_11.json,2026-08-09T05:37:59.198541+00:00,True,0.197
realme-3-run01-20260809T173555,realme,3,5,data/raw/3/capture_3_realme_realme-3-run01-20260809T173555_5.pcap,data/raw/rrc/rrc_3_realme_realme-3-run01-20260809T173555_13.json,2026-08-09T05:38:25.363185+00:00,True,0.198
realme-3-run01-20260809T173555,realme,3,6,data/raw/3/capture_3_realme_realme-3-run01-20260809T173555_6.pcap,data/raw/rrc/rrc_3_realme_realme-3-run01-20260809T173555_14.json,2026-08-09T05:38:47.212371+00:00,True,1.248
realme-3-run01-20260809T173555,realme,3,7,data/raw/3/capture_3_realme_realme-3-run01-20260809T173555_7.pcap,data/raw/rrc/rrc_3_realme_realme-3-run01-20260809T173555_15.json,2026-08-09T05:39:08.451459+00:00,True,0.669
realme-3-run01-20260809T173555,realme,3,8,data/raw/3/capture_3_realme_realme-3-run01-20260809T173555_8.pcap,data/raw/rrc/rrc_3_realme_realme-3-run01-20260809T173555_16.json,2026-08-09T05:39:29.958989+00:00,True,1.836
realme-3-run01-20260809T173555,realme,3,9,data/raw/3/capture_3_realme_realme-3-run01-20260809T173555_9.pcap,data/raw/rrc/rrc_3_realme_realme-3-run01-20260809T173555_17.json,2026-08-09T05:39:51.767505+00:00,True,0.663
realme-3-run01-20260809T173555,realme,3,10,data/raw/3/capture_3_realme_realme-3-run01-20260809T173555_10.pcap,data/raw/rrc/rrc_3_realme_realme-3-run01-20260809T173555_18.json,2026-08-09T05:40:13.090968+00:00,True,1.722
realme-3-run01-20260809T173555,realme,3,11,data/raw/3/capture_3_realme_realme-3-run01-20260809T173555_11.pcap,data/raw/rrc/rrc_3_realme_realme-3-run01-20260809T173555_19.json,2026-08-09T05:40:34.884449+00:00,True,0.992
realme-3-run01-20260809T173555,realme,3,12,data/raw/3/capture_3_realme_realme-3-run01-20260809T173555_12.pcap,data/raw/rrc/rrc_3_realme_realme-3-run01-20260809T173555_20.json,2026-08-09T05:40:55.514442+00:00,True,0.706
realme-3-run01-20260809T173555,realme,3,13,data/raw/3/capture_3_realme_realme-3-run01-20260809T173555_13.pcap,data/raw/rrc/rrc_3_realme_realme-3-run01-20260809T173555_21.json,2026-08-09T05:41:17.226255+00:00,True,0.622
realme-3-run01-20260809T173555,realme,3,14,data/raw/3/capture_3_realme_realme-3-run01-20260809T173555_14.pcap,data/raw/rrc/rrc_3_realme_realme-3-run01-20260809T173555_22.json,2026-08-09T05:41:39.170089+00:00,True,0.783
realme-3-run01-20260809T173555,realme,3,15,data/raw/3/capture_3_realme_realme-3-run01-20260809T173555_15.pcap,data/raw/rrc/rrc_3_realme_realme-3-run01-20260809T173555_23.json,2026-08-09T05:42:00.512501+00:00,True,0.918
realme-3-run01-20260809T173555,realme,3,16,data/raw/3/capture_3_realme_realme-3-run01-20260809T173555_16.pcap,data/raw/rrc/rrc_3_realme_realme-3-run01-20260809T173555_24.json,2026-08-09T05:42:22.087709+00:00,True,0.613
realme-3-run01-20260809T173555,realme,3,17,data/raw/3/capture_3_realme_realme-3-run01-20260809T173555_17.pcap,data/raw/rrc/rrc_3_realme_realme-3-run01-20260809T173555_25.json,2026-08-09T05:42:43.462092+00:00,True,0.624
realme-3-run01-20260809T173555,realme,3,18,data/raw/3/capture_3_realme_realme-3-run01-20260809T173555_18.pcap,data/raw/rrc/rrc_3_realme_realme-3-run01-20260809T173555_26.json,2026-08-09T05:43:04.638007+00:00,True,0.659
realme-3-run01-20260809T173555,realme,3,19,data/raw/3/capture_3_realme_realme-3-run01-20260809T173555_19.pcap,data/raw/rrc/rrc_3_realme_realme-3-run01-20260809T173555_27.json,2026-08-09T05:43:26.166780+00:00,True,1.007
realme-3-run01-20260809T173555,realme,3,20,data/raw/3/capture_3_realme_realme-3-run01-20260809T173555_20.pcap,data/raw/rrc/rrc_3_realme_realme-3-run01-20260809T173555_28.json,2026-08-09T05:43:47.854696+00:00,True,0.635
realme-3-run02-20260809T173555,realme,3,1,data/raw/3/capture_3_realme_realme-3-run02-20260809T173555_1.pcap,data/raw/rrc/rrc_3_realme_realme-3-run02-20260809T173555_1.json,2026-08-09T05:44:09.675104+00:00,True,1.164
realme-3-run02-20260809T173555,realme,3,2,data/raw/3/capture_3_realme_realme-3-run02-20260809T173555_2.pcap,data/raw/rrc/rrc_3_realme_realme-3-run02-20260809T173555_2.json,2026-08-09T05:44:31.496494+00:00,True,0.676
realme-3-run02-20260809T173555,realme,3,3,data/raw/3/capture_3_realme_realme-3-run02-20260809T173555_3.pcap,data/raw/rrc/rrc_3_realme_realme-3-run02-20260809T173555_3.json,2026-08-09T05:44:52.561166+00:00,True,0.654
realme-3-run02-20260809T173555,realme,3,4,data/raw/3/capture_3_realme_realme-3-run02-20260809T173555_4.pcap,data/raw/rrc/rrc_3_realme_realme-3-run02-20260809T173555_4.json,2026-08-09T05:45:14.532472+00:00,True,0.616
realme-3-run02-20260809T173555,realme,3,5,data/raw/3/capture_3_realme_realme-3-run02-20260809T173555_5.pcap,data/raw/rrc/rrc_3_realme_realme-3-run02-20260809T173555_5.json,2026-08-09T05:45:36.004139+00:00,True,0.795
realme-3-run02-20260809T173555,realme,3,6,data/raw/3/capture_3_realme_realme-3-run02-20260809T173555_6.pcap,data/raw/rrc/rrc_3_realme_realme-3-run02-20260809T173555_6.json,2026-08-09T05:45:57.678857+00:00,True,1.069
realme-3-run02-20260809T173555,realme,3,7,data/raw/3/capture_3_realme_realme-3-run02-20260809T173555_7.pcap,data/raw/rrc/rrc_3_realme_realme-3-run02-20260809T173555_7.json,2026-08-09T05:46:19.004206+00:00,True,1.128
realme-3-run02-20260809T173555,realme,3,8,data/raw/3/capture_3_realme_realme-3-run02-20260809T173555_8.pcap,data/raw/rrc/rrc_3_realme_realme-3-run02-20260809T173555_8.json,2026-08-09T05:46:40.141336+00:00,True,1.323
realme-3-run02-20260809T173555,realme,3,9,data/raw/3/capture_3_realme_realme-3-run02-20260809T173555_9.pcap,data/raw/rrc/rrc_3_realme_realme-3-run02-20260809T173555_9.json,2026-08-09T05:47:01.219071+00:00,True,0.657
realme-3-run02-20260809T173555,realme,3,10,data/raw/3/capture_3_realme_realme-3-run02-20260809T173555_10.pcap,data/raw/rrc/rrc_3_realme_realme-3-run02-20260809T173555_10.json,2026-08-09T05:47:22.502733+00:00,True,1.001
realme-3-run02-20260809T173555,realme,3,11,data/raw/3/capture_3_realme_realme-3-run02-20260809T173555_11.pcap,data/raw/rrc/rrc_3_realme_realme-3-run02-20260809T173555_11.json,2026-08-09T05:47:44.626966+00:00,True,0.601
realme-3-run02-20260809T173555,realme,3,12,data/raw/3/capture_3_realme_realme-3-run02-20260809T173555_12.pcap,data/raw/rrc/rrc_3_realme_realme-3-run02-20260809T173555_12.json,2026-08-09T05:48:06.075563+00:00,True,0.589
realme-3-run02-20260809T173555,realme,3,13,data/raw/3/capture_3_realme_realme-3-run02-20260809T173555_13.pcap,data/raw/rrc/rrc_3_realme_realme-3-run02-20260809T173555_13.json,2026-08-09T05:48:28.087354+00:00,True,0.346
realme-3-run02-20260809T173555,realme,3,14,data/raw/3/capture_3_realme_realme-3-run02-20260809T173555_14.pcap,data/raw/rrc/rrc_3_realme_realme-3-run02-20260809T173555_14.json,2026-08-09T05:48:49.607211+00:00,True,1.164
realme-3-run02-20260809T173555,realme,3,15,data/raw/3/capture_3_realme_realme-3-run02-20260809T173555_15.pcap,data/raw/rrc/rrc_3_realme_realme-3-run02-20260809T173555_15.json,2026-08-09T05:49:11.010152+00:00,True,0.601
realme-3-run02-20260809T173555,realme,3,16,data/raw/3/capture_3_realme_realme-3-run02-20260809T173555_16.pcap,data/raw/rrc/rrc_3_realme_realme-3-run02-20260809T173555_16.json,2026-08-09T05:49:33.228983+00:00,True,1.097
realme-3-run02-20260809T173555,realme,3,17,data/raw/3/capture_3_realme_realme-3-run02-20260809T173555_17.pcap,data/raw/rrc/rrc_3_realme_realme-3-run02-20260809T173555_19.json,2026-08-09T05:49:54.818910+00:00,True,1.000
realme-3-run02-20260809T173555,realme,3,18,data/raw/3/capture_3_realme_realme-3-run02-20260809T173555_18.pcap,data/raw/rrc/rrc_3_realme_realme-3-run02-20260809T173555_21.json,2026-08-09T05:50:17.377514+00:00,True,0.780
realme-3-run02-20260809T173555,realme,3,19,data/raw/3/capture_3_realme_realme-3-run02-20260809T173555_19.pcap,data/raw/rrc/rrc_3_realme_realme-3-run02-20260809T173555_23.json,2026-08-09T05:50:39.478818+00:00,True,0.617
realme-3-run02-20260809T173555,realme,3,20,data/raw/3/capture_3_realme_realme-3-run02-20260809T173555_20.pcap,data/raw/rrc/rrc_3_realme_realme-3-run02-20260809T173555_26.json,2026-08-09T05:51:00.173312+00:00,True,1.805
realme-3-run03-20260809T173555,realme,3,1,data/raw/3/capture_3_realme_realme-3-run03-20260809T173555_1.pcap,data/raw/rrc/rrc_3_realme_realme-3-run03-20260809T173555_1.json,2026-08-09T05:51:22.785627+00:00,True,1.116
realme-3-run03-20260809T173555,realme,3,2,data/raw/3/capture_3_realme_realme-3-run03-20260809T173555_2.pcap,data/raw/rrc/rrc_3_realme_realme-3-run03-20260809T173555_2.json,2026-08-09T05:51:44.131615+00:00,True,0.968
realme-3-run03-20260809T173555,realme,3,3,data/raw/3/capture_3_realme_realme-3-run03-20260809T173555_3.pcap,data/raw/rrc/rrc_3_realme_realme-3-run03-20260809T173555_3.json,2026-08-09T05:52:06.039447+00:00,True,0.659
realme-3-run03-20260809T173555,realme,3,4,data/raw/3/capture_3_realme_realme-3-run03-20260809T173555_4.pcap,data/raw/rrc/rrc_3_realme_realme-3-run03-20260809T173555_4.json,2026-08-09T05:52:29.704935+00:00,True,1.236
realme-3-run03-20260809T173555,realme,3,5,data/raw/3/capture_3_realme_realme-3-run03-20260809T173555_5.pcap,data/raw/rrc/rrc_3_realme_realme-3-run03-20260809T173555_5.json,2026-08-09T05:52:51.510913+00:00,True,0.519
realme-3-run03-20260809T173555,realme,3,6,data/raw/3/capture_3_realme_realme-3-run03-20260809T173555_6.pcap,data/raw/rrc/rrc_3_realme_realme-3-run03-20260809T173555_6.json,2026-08-09T05:53:12.966408+00:00,True,0.809
realme-3-run03-20260809T173555,realme,3,7,data/raw/3/capture_3_realme_realme-3-run03-20260809T173555_7.pcap,data/raw/rrc/rrc_3_realme_realme-3-run03-20260809T173555_7.json,2026-08-09T05:53:35.258362+00:00,True,0.594
realme-3-run03-20260809T173555,realme,3,8,data/raw/3/capture_3_realme_realme-3-run03-20260809T173555_8.pcap,data/raw/rrc/rrc_3_realme_realme-3-run03-20260809T173555_8.json,2026-08-09T05:53:57.340070+00:00,True,0.603
realme-3-run03-20260809T173555,realme,3,9,data/raw/3/capture_3_realme_realme-3-run03-20260809T173555_9.pcap,data/raw/rrc/rrc_3_realme_realme-3-run03-20260809T173555_9.json,2026-08-09T05:54:19.378888+00:00,True,1.066
realme-3-run03-20260809T173555,realme,3,10,data/raw/3/capture_3_realme_realme-3-run03-20260809T173555_10.pcap,data/raw/rrc/rrc_3_realme_realme-3-run03-20260809T173555_10.json,2026-08-09T05:54:40.891320+00:00,True,0.619
realme-3-run03-20260809T173555,realme,3,11,data/raw/3/capture_3_realme_realme-3-run03-20260809T173555_11.pcap,data/raw/rrc/rrc_3_realme_realme-3-run03-20260809T173555_11.json,2026-08-09T05:55:02.668473+00:00,True,0.615
realme-3-run03-20260809T173555,realme,3,12,data/raw/3/capture_3_realme_realme-3-run03-20260809T173555_12.pcap,data/raw/rrc/rrc_3_realme_realme-3-run03-20260809T173555_12.json,2026-08-09T05:55:23.949086+00:00,True,1.113
realme-3-run03-20260809T173555,realme,3,13,data/raw/3/capture_3_realme_realme-3-run03-20260809T173555_13.pcap,data/raw/rrc/rrc_3_realme_realme-3-run03-20260809T173555_13.json,2026-08-09T05:55:45.600645+00:00,True,0.700
realme-3-run03-20260809T173555,realme,3,14,data/raw/3/capture_3_realme_realme-3-run03-20260809T173555_14.pcap,data/raw/rrc/rrc_3_realme_realme-3-run03-20260809T173555_14.json,2026-08-09T05:56:07.752111+00:00,True,1.045
realme-3-run03-20260809T173555,realme,3,15,data/raw/3/capture_3_realme_realme-3-run03-20260809T173555_15.pcap,data/raw/rrc/rrc_3_realme_realme-3-run03-20260809T173555_15.json,2026-08-09T05:56:29.356860+00:00,True,0.655
realme-3-run03-20260809T173555,realme,3,16,data/raw/3/capture_3_realme_realme-3-run03-20260809T173555_16.pcap,data/raw/rrc/rrc_3_realme_realme-3-run03-20260809T173555_16.json,2026-08-09T05:56:51.588748+00:00,True,1.045
realme-3-run03-20260809T173555,realme,3,17,data/raw/3/capture_3_realme_realme-3-run03-20260809T173555_17.pcap,data/raw/rrc/rrc_3_realme_realme-3-run03-20260809T173555_17.json,2026-08-09T05:57:13.543705+00:00,True,0.689
realme-3-run03-20260809T173555,realme,3,18,data/raw/3/capture_3_realme_realme-3-run03-20260809T173555_18.pcap,data/raw/rrc/rrc_3_realme_realme-3-run03-20260809T173555_18.json,2026-08-09T05:57:35.054540+00:00,True,0.743
realme-3-run03-20260809T173555,realme,3,19,data/raw/3/capture_3_realme_realme-3-run03-20260809T173555_19.pcap,data/raw/rrc/rrc_3_realme_realme-3-run03-20260809T173555_19.json,2026-08-09T05:57:56.736703+00:00,True,0.803
realme-3-run03-20260809T173555,realme,3,20,data/raw/3/capture_3_realme_realme-3-run03-20260809T173555_20.pcap,data/raw/rrc/rrc_3_realme_realme-3-run03-20260809T173555_20.json,2026-08-09T05:58:18.101189+00:00,True,0.611
realme-3-run04-20260809T173555,realme,3,1,data/raw/3/capture_3_realme_realme-3-run04-20260809T173555_1.pcap,data/raw/rrc/rrc_3_realme_realme-3-run04-20260809T173555_1.json,2026-08-09T05:58:39.716437+00:00,True,1.140
realme-3-run04-20260809T173555,realme,3,2,data/raw/3/capture_3_realme_realme-3-run04-20260809T173555_2.pcap,data/raw/rrc/rrc_3_realme_realme-3-run04-20260809T173555_2.json,2026-08-09T05:59:01.152320+00:00,True,0.614
realme-3-run04-20260809T173555,realme,3,3,data/raw/3/capture_3_realme_realme-3-run04-20260809T173555_3.pcap,data/raw/rrc/rrc_3_realme_realme-3-run04-20260809T173555_3.json,2026-08-09T05:59:23.238305+00:00,True,0.907
realme-3-run04-20260809T173555,realme,3,4,data/raw/3/capture_3_realme_realme-3-run04-20260809T173555_4.pcap,data/raw/rrc/rrc_3_realme_realme-3-run04-20260809T173555_4.json,2026-08-09T05:59:45.160486+00:00,True,0.618
realme-3-run04-20260809T173555,realme,3,5,data/raw/3/capture_3_realme_realme-3-run04-20260809T173555_5.pcap,data/raw/rrc/rrc_3_realme_realme-3-run04-20260809T173555_6.json,2026-08-09T06:00:07.581985+00:00,True,1.911
realme-3-run04-20260809T173555,realme,3,6,data/raw/3/capture_3_realme_realme-3-run04-20260809T173555_6.pcap,data/raw/rrc/rrc_3_realme_realme-3-run04-20260809T173555_7.json,2026-08-09T06:00:29.805546+00:00,True,0.636
realme-3-run04-20260809T173555,realme,3,7,data/raw/3/capture_3_realme_realme-3-run04-20260809T173555_7.pcap,data/raw/rrc/rrc_3_realme_realme-3-run04-20260809T173555_8.json,2026-08-09T06:00:52.169411+00:00,True,0.667
realme-3-run04-20260809T173555,realme,3,8,data/raw/3/capture_3_realme_realme-3-run04-20260809T173555_8.pcap,data/raw/rrc/rrc_3_realme_realme-3-run04-20260809T173555_9.json,2026-08-09T06:01:14.463454+00:00,True,1.081
realme-3-run04-20260809T173555,realme,3,9,data/raw/3/capture_3_realme_realme-3-run04-20260809T173555_9.pcap,data/raw/rrc/rrc_3_realme_realme-3-run04-20260809T173555_10.json,2026-08-09T06:01:37.031569+00:00,True,0.715
realme-3-run04-20260809T173555,realme,3,10,data/raw/3/capture_3_realme_realme-3-run04-20260809T173555_10.pcap,data/raw/rrc/rrc_3_realme_realme-3-run04-20260809T173555_11.json,2026-08-09T06:02:00.617393+00:00,True,1.380
realme-3-run04-20260809T173555,realme,3,11,data/raw/3/capture_3_realme_realme-3-run04-20260809T173555_11.pcap,data/raw/rrc/rrc_3_realme_realme-3-run04-20260809T173555_12.json,2026-08-09T06:02:22.841075+00:00,True,1.145
realme-3-run04-20260809T173555,realme,3,12,data/raw/3/capture_3_realme_realme-3-run04-20260809T173555_12.pcap,data/raw/rrc/rrc_3_realme_realme-3-run04-20260809T173555_13.json,2026-08-09T06:02:44.128131+00:00,True,0.705
realme-3-run04-20260809T173555,realme,3,13,data/raw/3/capture_3_realme_realme-3-run04-20260809T173555_13.pcap,data/raw/rrc/rrc_3_realme_realme-3-run04-20260809T173555_14.json,2026-08-09T06:03:06.733956+00:00,True,0.942
realme-3-run04-20260809T173555,realme,3,14,data/raw/3/capture_3_realme_realme-3-run04-20260809T173555_14.pcap,data/raw/rrc/rrc_3_realme_realme-3-run04-20260809T173555_15.json,2026-08-09T06:03:29.211802+00:00,True,0.671
realme-3-run04-20260809T173555,realme,3,15,data/raw/3/capture_3_realme_realme-3-run04-20260809T173555_15.pcap,data/raw/rrc/rrc_3_realme_realme-3-run04-20260809T173555_16.json,2026-08-09T06:03:51.287452+00:00,True,0.645
realme-3-run04-20260809T173555,realme,3,16,data/raw/3/capture_3_realme_realme-3-run04-20260809T173555_16.pcap,data/raw/rrc/rrc_3_realme_realme-3-run04-20260809T173555_17.json,2026-08-09T06:04:13.367237+00:00,True,0.991
realme-3-run04-20260809T173555,realme,3,17,data/raw/3/capture_3_realme_realme-3-run04-20260809T173555_17.pcap,data/raw/rrc/rrc_3_realme_realme-3-run04-20260809T173555_18.json,2026-08-09T06:04:35.394717+00:00,True,0.725
realme-3-run04-20260809T173555,realme,3,18,data/raw/3/capture_3_realme_realme-3-run04-20260809T173555_18.pcap,data/raw/rrc/rrc_3_realme_realme-3-run04-20260809T173555_19.json,2026-08-09T06:04:57.511233+00:00,True,1.854
realme-3-run04-20260809T173555,realme,3,19,data/raw/3/capture_3_realme_realme-3-run04-20260809T173555_19.pcap,data/raw/rrc/rrc_3_realme_realme-3-run04-20260809T173555_20.json,2026-08-09T06:05:19.593576+00:00,True,0.871
realme-3-run04-20260809T173555,realme,3,20,data/raw/3/capture_3_realme_realme-3-run04-20260809T173555_20.pcap,data/raw/rrc/rrc_3_realme_realme-3-run04-20260809T173555_21.json,2026-08-09T06:05:41.380585+00:00,True,0.743
realme-3-run05-20260809T173555,realme,3,1,data/raw/3/capture_3_realme_realme-3-run05-20260809T173555_1.pcap,data/raw/rrc/rrc_3_realme_realme-3-run05-20260809T173555_1.json,2026-08-09T06:06:03.789574+00:00,True,1.181
realme-3-run05-20260809T173555,realme,3,2,data/raw/3/capture_3_realme_realme-3-run05-20260809T173555_2.pcap,data/raw/rrc/rrc_3_realme_realme-3-run05-20260809T173555_2.json,2026-08-09T06:06:26.843268+00:00,True,0.765
realme-3-run05-20260809T173555,realme,3,3,data/raw/3/capture_3_realme_realme-3-run05-20260809T173555_3.pcap,data/raw/rrc/rrc_3_realme_realme-3-run05-20260809T173555_3.json,2026-08-09T06:06:48.457342+00:00,True,1.064
realme-3-run05-20260809T173555,realme,3,4,data/raw/3/capture_3_realme_realme-3-run05-20260809T173555_4.pcap,data/raw/rrc/rrc_3_realme_realme-3-run05-20260809T173555_4.json,2026-08-09T06:07:10.767188+00:00,True,0.711
realme-3-run05-20260809T173555,realme,3,5,data/raw/3/capture_3_realme_realme-3-run05-20260809T173555_5.pcap,data/raw/rrc/rrc_3_realme_realme-3-run05-20260809T173555_5.json,2026-08-09T06:07:32.980118+00:00,True,1.046
realme-3-run05-20260809T173555,realme,3,6,data/raw/3/capture_3_realme_realme-3-run05-20260809T173555_6.pcap,data/raw/rrc/rrc_3_realme_realme-3-run05-20260809T173555_6.json,2026-08-09T06:07:54.498408+00:00,True,0.611
realme-3-run05-20260809T173555,realme,3,7,data/raw/3/capture_3_realme_realme-3-run05-20260809T173555_7.pcap,data/raw/rrc/rrc_3_realme_realme-3-run05-20260809T173555_7.json,2026-08-09T06:08:16.974928+00:00,True,0.975
realme-3-run05-20260809T173555,realme,3,8,data/raw/3/capture_3_realme_realme-3-run05-20260809T173555_8.pcap,data/raw/rrc/rrc_3_realme_realme-3-run05-20260809T173555_8.json,2026-08-09T06:08:39.219613+00:00,True,0.671
realme-3-run05-20260809T173555,realme,3,9,data/raw/3/capture_3_realme_realme-3-run05-20260809T173555_9.pcap,data/raw/rrc/rrc_3_realme_realme-3-run05-20260809T173555_9.json,2026-08-09T06:09:01.500272+00:00,True,1.195
realme-3-run05-20260809T173555,realme,3,10,data/raw/3/capture_3_realme_realme-3-run05-20260809T173555_10.pcap,data/raw/rrc/rrc_3_realme_realme-3-run05-20260809T173555_11.json,2026-08-09T06:09:24.074931+00:00,True,0.687
realme-3-run05-20260809T173555,realme,3,11,data/raw/3/capture_3_realme_realme-3-run05-20260809T173555_11.pcap,data/raw/rrc/rrc_3_realme_realme-3-run05-20260809T173555_12.json,2026-08-09T06:09:46.595933+00:00,True,1.133
realme-3-run05-20260809T173555,realme,3,12,data/raw/3/capture_3_realme_realme-3-run05-20260809T173555_12.pcap,data/raw/rrc/rrc_3_realme_realme-3-run05-20260809T173555_14.json,2026-08-09T06:10:08.364421+00:00,True,0.962
realme-3-run05-20260809T173555,realme,3,13,data/raw/3/capture_3_realme_realme-3-run05-20260809T173555_13.pcap,data/raw/rrc/rrc_3_realme_realme-3-run05-20260809T173555_16.json,2026-08-09T06:10:30.943617+00:00,True,1.329
realme-3-run05-20260809T173555,realme,3,14,data/raw/3/capture_3_realme_realme-3-run05-20260809T173555_14.pcap,data/raw/rrc/rrc_3_realme_realme-3-run05-20260809T173555_19.json,2026-08-09T06:10:53.072000+00:00,True,1.167
realme-3-run05-20260809T173555,realme,3,15,data/raw/3/capture_3_realme_realme-3-run05-20260809T173555_15.pcap,data/raw/rrc/rrc_3_realme_realme-3-run05-20260809T173555_21.json,2026-08-09T06:11:15.018334+00:00,True,0.939
realme-3-run05-20260809T173555,realme,3,16,data/raw/3/capture_3_realme_realme-3-run05-20260809T173555_16.pcap,data/raw/rrc/rrc_3_realme_realme-3-run05-20260809T173555_22.json,2026-08-09T06:11:38.189967+00:00,True,0.598
realme-3-run05-20260809T173555,realme,3,17,data/raw/3/capture_3_realme_realme-3-run05-20260809T173555_17.pcap,data/raw/rrc/rrc_3_realme_realme-3-run05-20260809T173555_23.json,2026-08-09T06:12:00.136635+00:00,True,0.995
realme-3-run05-20260809T173555,realme,3,18,data/raw/3/capture_3_realme_realme-3-run05-20260809T173555_18.pcap,data/raw/rrc/rrc_3_realme_realme-3-run05-20260809T173555_24.json,2026-08-09T06:12:22.166907+00:00,True,1.232
realme-3-run05-20260809T173555,realme,3,19,data/raw/3/capture_3_realme_realme-3-run05-20260809T173555_19.pcap,data/raw/rrc/rrc_3_realme_realme-3-run05-20260809T173555_25.json,2026-08-09T06:12:43.956636+00:00,True,0.618
realme-3-run05-20260809T173555,realme,3,20,data/raw/3/capture_3_realme_realme-3-run05-20260809T173555_20.pcap,data/raw/rrc/rrc_3_realme_realme-3-run05-20260809T173555_26.json,2026-08-09T06:13:06.766608+00:00,True,0.581
realme-4-run01-20260809T181347,realme,4,1,data/raw/4/capture_4_realme_realme-4-run01-20260809T181347_1.pcap,data/raw/rrc/rrc_4_realme_realme-4-run01-20260809T181347_1.json,2026-08-09T06:14:29.937976+00:00,True,0.771
realme-4-run01-20260809T182753,realme,4,1,data/raw/4/capture_4_realme_realme-4-run01-20260809T182753_1.pcap,data/raw/rrc/rrc_4_realme_realme-4-run01-20260809T182753_2.json,2026-08-09T06:28:39.932457+00:00,True,0.242
realme-4-run01-20260809T182753,realme,4,2,data/raw/4/capture_4_realme_realme-4-run01-20260809T182753_2.pcap,data/raw/rrc/rrc_4_realme_realme-4-run01-20260809T182753_6.json,2026-08-09T06:29:04.337173+00:00,True,0.208
realme-4-run01-20260809T182753,realme,4,3,data/raw/4/capture_4_realme_realme-4-run01-20260809T182753_3.pcap,data/raw/rrc/rrc_4_realme_realme-4-run01-20260809T182753_10.json,2026-08-09T06:29:32.186320+00:00,True,0.204
realme-4-run01-20260809T182753,realme,4,4,data/raw/4/capture_4_realme_realme-4-run01-20260809T182753_4.pcap,data/raw/rrc/rrc_4_realme_realme-4-run01-20260809T182753_14.json,2026-08-09T06:30:02.868700+00:00,True,0.250
realme-4-run01-20260809T182753,realme,4,5,data/raw/4/capture_4_realme_realme-4-run01-20260809T182753_5.pcap,data/raw/rrc/rrc_4_realme_realme-4-run01-20260809T182753_16.json,2026-08-09T06:30:27.100951+00:00,True,1.043
realme-4-run01-20260809T182753,realme,4,6,data/raw/4/capture_4_realme_realme-4-run01-20260809T182753_6.pcap,data/raw/rrc/rrc_4_realme_realme-4-run01-20260809T182753_17.json,2026-08-09T06:30:56.454916+00:00,True,0.301
realme-4-run01-20260809T182753,realme,4,7,data/raw/4/capture_4_realme_realme-4-run01-20260809T182753_7.pcap,data/raw/rrc/rrc_4_realme_realme-4-run01-20260809T182753_19.json,2026-08-09T06:31:20.508208+00:00,True,0.262
realme-4-run01-20260809T182753,realme,4,8,data/raw/4/capture_4_realme_realme-4-run01-20260809T182753_8.pcap,data/raw/rrc/rrc_4_realme_realme-4-run01-20260809T182753_20.json,2026-08-09T06:31:42.472752+00:00,True,1.145
realme-4-run01-20260809T182753,realme,4,9,data/raw/4/capture_4_realme_realme-4-run01-20260809T182753_9.pcap,data/raw/rrc/rrc_4_realme_realme-4-run01-20260809T182753_21.json,2026-08-09T06:32:06.557674+00:00,True,0.727
realme-4-run01-20260809T182753,realme,4,10,data/raw/4/capture_4_realme_realme-4-run01-20260809T182753_10.pcap,data/raw/rrc/rrc_4_realme_realme-4-run01-20260809T182753_22.json,2026-08-09T06:32:28.880296+00:00,True,0.636
realme-4-run01-20260809T182753,realme,4,11,data/raw/4/capture_4_realme_realme-4-run01-20260809T182753_11.pcap,data/raw/rrc/rrc_4_realme_realme-4-run01-20260809T182753_23.json,2026-08-09T06:32:51.113956+00:00,True,1.073
realme-4-run01-20260809T182753,realme,4,12,data/raw/4/capture_4_realme_realme-4-run01-20260809T182753_12.pcap,data/raw/rrc/rrc_4_realme_realme-4-run01-20260809T182753_24.json,2026-08-09T06:33:13.771886+00:00,True,0.595
realme-4-run01-20260809T182753,realme,4,13,data/raw/4/capture_4_realme_realme-4-run01-20260809T182753_13.pcap,data/raw/rrc/rrc_4_realme_realme-4-run01-20260809T182753_25.json,2026-08-09T06:33:36.407640+00:00,True,1.042
realme-4-run01-20260809T182753,realme,4,14,data/raw/4/capture_4_realme_realme-4-run01-20260809T182753_14.pcap,data/raw/rrc/rrc_4_realme_realme-4-run01-20260809T182753_26.json,2026-08-09T06:33:59.167805+00:00,True,0.629
realme-4-run01-20260809T182753,realme,4,15,data/raw/4/capture_4_realme_realme-4-run01-20260809T182753_15.pcap,data/raw/rrc/rrc_4_realme_realme-4-run01-20260809T182753_27.json,2026-08-09T06:34:21.413264+00:00,True,0.858
realme-4-run01-20260809T182753,realme,4,16,data/raw/4/capture_4_realme_realme-4-run01-20260809T182753_16.pcap,data/raw/rrc/rrc_4_realme_realme-4-run01-20260809T182753_28.json,2026-08-09T06:34:44.332874+00:00,True,0.703
realme-4-run01-20260809T182753,realme,4,17,data/raw/4/capture_4_realme_realme-4-run01-20260809T182753_17.pcap,data/raw/rrc/rrc_4_realme_realme-4-run01-20260809T182753_29.json,2026-08-09T06:35:07.603070+00:00,True,1.035
realme-4-run01-20260809T182753,realme,4,18,data/raw/4/capture_4_realme_realme-4-run01-20260809T182753_18.pcap,data/raw/rrc/rrc_4_realme_realme-4-run01-20260809T182753_30.json,2026-08-09T06:35:30.190125+00:00,True,0.702
realme-4-run01-20260809T182753,realme,4,19,data/raw/4/capture_4_realme_realme-4-run01-20260809T182753_19.pcap,data/raw/rrc/rrc_4_realme_realme-4-run01-20260809T182753_31.json,2026-08-09T06:35:52.746829+00:00,True,0.647
realme-4-run01-20260809T182753,realme,4,20,data/raw/4/capture_4_realme_realme-4-run01-20260809T182753_20.pcap,data/raw/rrc/rrc_4_realme_realme-4-run01-20260809T182753_32.json,2026-08-09T06:36:16.271901+00:00,True,0.816
realme-4-run02-20260809T182753,realme,4,1,data/raw/4/capture_4_realme_realme-4-run02-20260809T182753_1.pcap,data/raw/rrc/rrc_4_realme_realme-4-run02-20260809T182753_1.json,2026-08-09T06:36:39.004512+00:00,True,0.659
realme-4-run02-20260809T182753,realme,4,2,data/raw/4/capture_4_realme_realme-4-run02-20260809T182753_2.pcap,data/raw/rrc/rrc_4_realme_realme-4-run02-20260809T182753_2.json,2026-08-09T06:37:01.813270+00:00,True,1.043
realme-4-run02-20260809T182753,realme,4,3,data/raw/4/capture_4_realme_realme-4-run02-20260809T182753_3.pcap,data/raw/rrc/rrc_4_realme_realme-4-run02-20260809T182753_3.json,2026-08-09T06:37:24.872240+00:00,True,0.633
realme-4-run02-20260809T182753,realme,4,4,data/raw/4/capture_4_realme_realme-4-run02-20260809T182753_4.pcap,data/raw/rrc/rrc_4_realme_realme-4-run02-20260809T182753_4.json,2026-08-09T06:37:48.563373+00:00,True,0.793
realme-4-run02-20260809T182753,realme,4,5,data/raw/4/capture_4_realme_realme-4-run02-20260809T182753_5.pcap,data/raw/rrc/rrc_4_realme_realme-4-run02-20260809T182753_5.json,2026-08-09T06:38:11.696270+00:00,True,0.658
realme-4-run02-20260809T182753,realme,4,6,data/raw/4/capture_4_realme_realme-4-run02-20260809T182753_6.pcap,data/raw/rrc/rrc_4_realme_realme-4-run02-20260809T182753_6.json,2026-08-09T06:38:35.553969+00:00,True,1.039
realme-4-run02-20260809T182753,realme,4,7,data/raw/4/capture_4_realme_realme-4-run02-20260809T182753_7.pcap,data/raw/rrc/rrc_4_realme_realme-4-run02-20260809T182753_7.json,2026-08-09T06:38:58.628340+00:00,True,0.881
realme-4-run02-20260809T182753,realme,4,8,data/raw/4/capture_4_realme_realme-4-run02-20260809T182753_8.pcap,data/raw/rrc/rrc_4_realme_realme-4-run02-20260809T182753_9.json,2026-08-09T06:39:20.916410+00:00,True,1.159
realme-4-run02-20260809T182753,realme,4,9,data/raw/4/capture_4_realme_realme-4-run02-20260809T182753_9.pcap,data/raw/rrc/rrc_4_realme_realme-4-run02-20260809T182753_10.json,2026-08-09T06:39:44.380608+00:00,True,0.612
realme-4-run02-20260809T182753,realme,4,10,data/raw/4/capture_4_realme_realme-4-run02-20260809T182753_10.pcap,data/raw/rrc/rrc_4_realme_realme-4-run02-20260809T182753_11.json,2026-08-09T06:40:07.434863+00:00,True,0.643
realme-4-run02-20260809T182753,realme,4,11,data/raw/4/capture_4_realme_realme-4-run02-20260809T182753_11.pcap,data/raw/rrc/rrc_4_realme_realme-4-run02-20260809T182753_12.json,2026-08-09T06:40:30.725174+00:00,True,1.103
realme-4-run02-20260809T182753,realme,4,12,data/raw/4/capture_4_realme_realme-4-run02-20260809T182753_12.pcap,data/raw/rrc/rrc_4_realme_realme-4-run02-20260809T182753_13.json,2026-08-09T06:40:53.429788+00:00,True,0.737
realme-4-run02-20260809T182753,realme,4,13,data/raw/4/capture_4_realme_realme-4-run02-20260809T182753_13.pcap,data/raw/rrc/rrc_4_realme_realme-4-run02-20260809T182753_14.json,2026-08-09T06:41:16.581520+00:00,True,0.623
realme-4-run02-20260809T182753,realme,4,14,data/raw/4/capture_4_realme_realme-4-run02-20260809T182753_14.pcap,data/raw/rrc/rrc_4_realme_realme-4-run02-20260809T182753_16.json,2026-08-09T06:41:39.792202+00:00,True,0.606
realme-4-run02-20260809T182753,realme,4,15,data/raw/4/capture_4_realme_realme-4-run02-20260809T182753_15.pcap,data/raw/rrc/rrc_4_realme_realme-4-run02-20260809T182753_19.json,2026-08-09T06:42:02.934154+00:00,True,0.699
realme-4-run02-20260809T182753,realme,4,16,data/raw/4/capture_4_realme_realme-4-run02-20260809T182753_16.pcap,data/raw/rrc/rrc_4_realme_realme-4-run02-20260809T182753_21.json,2026-08-09T06:42:25.489771+00:00,True,0.566
realme-4-run02-20260809T182753,realme,4,17,data/raw/4/capture_4_realme_realme-4-run02-20260809T182753_17.pcap,data/raw/rrc/rrc_4_realme_realme-4-run02-20260809T182753_23.json,2026-08-09T06:42:53.526836+00:00,True,0.209
realme-4-run02-20260809T182753,realme,4,18,data/raw/4/capture_4_realme_realme-4-run02-20260809T182753_18.pcap,data/raw/rrc/rrc_4_realme_realme-4-run02-20260809T182753_25.json,2026-08-09T06:43:19.355638+00:00,True,0.181
realme-4-run02-20260809T182753,realme,4,19,data/raw/4/capture_4_realme_realme-4-run02-20260809T182753_19.pcap,data/raw/rrc/rrc_4_realme_realme-4-run02-20260809T182753_27.json,2026-08-09T06:43:44.845994+00:00,True,0.721
realme-4-run02-20260809T182753,realme,4,20,data/raw/4/capture_4_realme_realme-4-run02-20260809T182753_20.pcap,data/raw/rrc/rrc_4_realme_realme-4-run02-20260809T182753_28.json,2026-08-09T06:44:08.304697+00:00,True,0.630
realme-4-run03-20260809T182753,realme,4,1,data/raw/4/capture_4_realme_realme-4-run03-20260809T182753_1.pcap,data/raw/rrc/rrc_4_realme_realme-4-run03-20260809T182753_1.json,2026-08-09T06:44:31.833756+00:00,True,1.022
realme-4-run03-20260809T182753,realme,4,2,data/raw/4/capture_4_realme_realme-4-run03-20260809T182753_2.pcap,data/raw/rrc/rrc_4_realme_realme-4-run03-20260809T182753_2.json,2026-08-09T06:44:55.508629+00:00,True,1.812
realme-4-run03-20260809T182753,realme,4,3,data/raw/4/capture_4_realme_realme-4-run03-20260809T182753_3.pcap,data/raw/rrc/rrc_4_realme_realme-4-run03-20260809T182753_3.json,2026-08-09T06:45:18.248263+00:00,True,0.622
realme-4-run03-20260809T182753,realme,4,4,data/raw/4/capture_4_realme_realme-4-run03-20260809T182753_4.pcap,data/raw/rrc/rrc_4_realme_realme-4-run03-20260809T182753_4.json,2026-08-09T06:45:40.858234+00:00,True,1.051
realme-4-run03-20260809T182753,realme,4,5,data/raw/4/capture_4_realme_realme-4-run03-20260809T182753_5.pcap,data/raw/rrc/rrc_4_realme_realme-4-run03-20260809T182753_6.json,2026-08-09T06:46:03.779023+00:00,True,0.656
realme-4-run03-20260809T182753,realme,4,6,data/raw/4/capture_4_realme_realme-4-run03-20260809T182753_6.pcap,data/raw/rrc/rrc_4_realme_realme-4-run03-20260809T182753_9.json,2026-08-09T06:46:26.767513+00:00,True,1.167
realme-4-run03-20260809T182753,realme,4,7,data/raw/4/capture_4_realme_realme-4-run03-20260809T182753_7.pcap,data/raw/rrc/rrc_4_realme_realme-4-run03-20260809T182753_11.json,2026-08-09T06:46:50.393145+00:00,True,0.756
realme-4-run03-20260809T182753,realme,4,8,data/raw/4/capture_4_realme_realme-4-run03-20260809T182753_8.pcap,data/raw/rrc/rrc_4_realme_realme-4-run03-20260809T182753_13.json,2026-08-09T06:47:13.526462+00:00,True,1.063
realme-4-run03-20260809T182753,realme,4,9,data/raw/4/capture_4_realme_realme-4-run03-20260809T182753_9.pcap,data/raw/rrc/rrc_4_realme_realme-4-run03-20260809T182753_14.json,2026-08-09T06:47:35.973107+00:00,True,0.775
realme-4-run03-20260809T182753,realme,4,10,data/raw/4/capture_4_realme_realme-4-run03-20260809T182753_10.pcap,data/raw/rrc/rrc_4_realme_realme-4-run03-20260809T182753_15.json,2026-08-09T06:47:59.451241+00:00,True,0.653
realme-4-run03-20260809T182753,realme,4,11,data/raw/4/capture_4_realme_realme-4-run03-20260809T182753_11.pcap,data/raw/rrc/rrc_4_realme_realme-4-run03-20260809T182753_16.json,2026-08-09T06:48:22.312655+00:00,True,0.653
realme-4-run03-20260809T182753,realme,4,12,data/raw/4/capture_4_realme_realme-4-run03-20260809T182753_12.pcap,data/raw/rrc/rrc_4_realme_realme-4-run03-20260809T182753_17.json,2026-08-09T06:48:45.341643+00:00,True,1.422
realme-4-run03-20260809T182753,realme,4,13,data/raw/4/capture_4_realme_realme-4-run03-20260809T182753_13.pcap,data/raw/rrc/rrc_4_realme_realme-4-run03-20260809T182753_18.json,2026-08-09T06:49:08.381334+00:00,True,0.589
realme-4-run03-20260809T182753,realme,4,14,data/raw/4/capture_4_realme_realme-4-run03-20260809T182753_14.pcap,data/raw/rrc/rrc_4_realme_realme-4-run03-20260809T182753_19.json,2026-08-09T06:49:31.794389+00:00,True,0.626
realme-4-run03-20260809T182753,realme,4,15,data/raw/4/capture_4_realme_realme-4-run03-20260809T182753_15.pcap,data/raw/rrc/rrc_4_realme_realme-4-run03-20260809T182753_20.json,2026-08-09T06:49:54.733423+00:00,True,0.608
realme-4-run03-20260809T182753,realme,4,16,data/raw/4/capture_4_realme_realme-4-run03-20260809T182753_16.pcap,data/raw/rrc/rrc_4_realme_realme-4-run03-20260809T182753_21.json,2026-08-09T06:50:17.681660+00:00,True,0.619
realme-4-run03-20260809T182753,realme,4,17,data/raw/4/capture_4_realme_realme-4-run03-20260809T182753_17.pcap,data/raw/rrc/rrc_4_realme_realme-4-run03-20260809T182753_22.json,2026-08-09T06:50:41.306010+00:00,True,0.790
realme-4-run03-20260809T182753,realme,4,18,data/raw/4/capture_4_realme_realme-4-run03-20260809T182753_18.pcap,data/raw/rrc/rrc_4_realme_realme-4-run03-20260809T182753_23.json,2026-08-09T06:51:04.615217+00:00,True,0.706
realme-4-run03-20260809T182753,realme,4,19,data/raw/4/capture_4_realme_realme-4-run03-20260809T182753_19.pcap,data/raw/rrc/rrc_4_realme_realme-4-run03-20260809T182753_24.json,2026-08-09T06:51:27.939256+00:00,True,1.267
realme-4-run03-20260809T182753,realme,4,20,data/raw/4/capture_4_realme_realme-4-run03-20260809T182753_20.pcap,data/raw/rrc/rrc_4_realme_realme-4-run03-20260809T182753_25.json,2026-08-09T06:51:51.423785+00:00,True,0.667
realme-4-run04-20260809T182753,realme,4,1,data/raw/4/capture_4_realme_realme-4-run04-20260809T182753_1.pcap,data/raw/rrc/rrc_4_realme_realme-4-run04-20260809T182753_1.json,2026-08-09T06:52:14.909997+00:00,True,1.076
realme-4-run04-20260809T182753,realme,4,2,data/raw/4/capture_4_realme_realme-4-run04-20260809T182753_2.pcap,data/raw/rrc/rrc_4_realme_realme-4-run04-20260809T182753_2.json,2026-08-09T06:52:38.750118+00:00,True,1.173
realme-4-run04-20260809T182753,realme,4,3,data/raw/4/capture_4_realme_realme-4-run04-20260809T182753_3.pcap,data/raw/rrc/rrc_4_realme_realme-4-run04-20260809T182753_3.json,2026-08-09T06:53:00.771832+00:00,True,1.510
realme-4-run04-20260809T182753,realme,4,4,data/raw/4/capture_4_realme_realme-4-run04-20260809T182753_4.pcap,data/raw/rrc/rrc_4_realme_realme-4-run04-20260809T182753_4.json,2026-08-09T06:53:23.837645+00:00,True,1.031
realme-4-run04-20260809T182753,realme,4,5,data/raw/4/capture_4_realme_realme-4-run04-20260809T182753_5.pcap,data/raw/rrc/rrc_4_realme_realme-4-run04-20260809T182753_5.json,2026-08-09T06:53:47.358216+00:00,True,0.604
realme-4-run04-20260809T182753,realme,4,6,data/raw/4/capture_4_realme_realme-4-run04-20260809T182753_6.pcap,data/raw/rrc/rrc_4_realme_realme-4-run04-20260809T182753_6.json,2026-08-09T06:54:10.113892+00:00,True,0.605
realme-4-run04-20260809T182753,realme,4,7,data/raw/4/capture_4_realme_realme-4-run04-20260809T182753_7.pcap,data/raw/rrc/rrc_4_realme_realme-4-run04-20260809T182753_7.json,2026-08-09T06:54:33.906751+00:00,True,0.621
realme-4-run04-20260809T182753,realme,4,8,data/raw/4/capture_4_realme_realme-4-run04-20260809T182753_8.pcap,data/raw/rrc/rrc_4_realme_realme-4-run04-20260809T182753_8.json,2026-08-09T06:54:57.340339+00:00,True,0.600
realme-4-run04-20260809T182753,realme,4,9,data/raw/4/capture_4_realme_realme-4-run04-20260809T182753_9.pcap,data/raw/rrc/rrc_4_realme_realme-4-run04-20260809T182753_9.json,2026-08-09T06:55:20.941338+00:00,True,0.615
realme-4-run04-20260809T182753,realme,4,10,data/raw/4/capture_4_realme_realme-4-run04-20260809T182753_10.pcap,data/raw/rrc/rrc_4_realme_realme-4-run04-20260809T182753_10.json,2026-08-09T06:55:44.656837+00:00,True,1.036
realme-4-run04-20260809T182753,realme,4,11,data/raw/4/capture_4_realme_realme-4-run04-20260809T182753_11.pcap,data/raw/rrc/rrc_4_realme_realme-4-run04-20260809T182753_11.json,2026-08-09T06:56:08.318416+00:00,True,0.667
realme-4-run04-20260809T182753,realme,4,12,data/raw/4/capture_4_realme_realme-4-run04-20260809T182753_12.pcap,data/raw/rrc/rrc_4_realme_realme-4-run04-20260809T182753_12.json,2026-08-09T06:56:31.952567+00:00,True,0.608
realme-4-run04-20260809T182753,realme,4,13,data/raw/4/capture_4_realme_realme-4-run04-20260809T182753_13.pcap,data/raw/rrc/rrc_4_realme_realme-4-run04-20260809T182753_13.json,2026-08-09T06:56:55.230659+00:00,True,2.075
realme-4-run04-20260809T182753,realme,4,14,data/raw/4/capture_4_realme_realme-4-run04-20260809T182753_14.pcap,data/raw/rrc/rrc_4_realme_realme-4-run04-20260809T182753_14.json,2026-08-09T06:57:19.049272+00:00,True,0.691
realme-4-run04-20260809T182753,realme,4,15,data/raw/4/capture_4_realme_realme-4-run04-20260809T182753_15.pcap,data/raw/rrc/rrc_4_realme_realme-4-run04-20260809T182753_15.json,2026-08-09T06:57:42.502554+00:00,True,0.643
realme-4-run04-20260809T182753,realme,4,16,data/raw/4/capture_4_realme_realme-4-run04-20260809T182753_16.pcap,data/raw/rrc/rrc_4_realme_realme-4-run04-20260809T182753_16.json,2026-08-09T06:58:05.830604+00:00,True,0.644
realme-4-run04-20260809T182753,realme,4,17,data/raw/4/capture_4_realme_realme-4-run04-20260809T182753_17.pcap,data/raw/rrc/rrc_4_realme_realme-4-run04-20260809T182753_17.json,2026-08-09T06:58:29.418104+00:00,True,1.088
realme-4-run04-20260809T182753,realme,4,18,data/raw/4/capture_4_realme_realme-4-run04-20260809T182753_18.pcap,data/raw/rrc/rrc_4_realme_realme-4-run04-20260809T182753_18.json,2026-08-09T06:58:52.708612+00:00,True,1.061
realme-4-run04-20260809T182753,realme,4,19,data/raw/4/capture_4_realme_realme-4-run04-20260809T182753_19.pcap,data/raw/rrc/rrc_4_realme_realme-4-run04-20260809T182753_20.json,2026-08-09T06:59:16.441153+00:00,True,0.295
realme-4-run04-20260809T182753,realme,4,20,data/raw/4/capture_4_realme_realme-4-run04-20260809T182753_20.pcap,data/raw/rrc/rrc_4_realme_realme-4-run04-20260809T182753_23.json,2026-08-09T06:59:39.740388+00:00,True,0.506
realme-4-run05-20260809T182753,realme,4,1,data/raw/4/capture_4_realme_realme-4-run05-20260809T182753_1.pcap,data/raw/rrc/rrc_4_realme_realme-4-run05-20260809T182753_2.json,2026-08-09T07:00:02.889206+00:00,True,0.758
realme-4-run05-20260809T182753,realme,4,2,data/raw/4/capture_4_realme_realme-4-run05-20260809T182753_2.pcap,data/raw/rrc/rrc_4_realme_realme-4-run05-20260809T182753_5.json,2026-08-09T07:00:26.320572+00:00,True,0.475
realme-4-run05-20260809T182753,realme,4,3,data/raw/4/capture_4_realme_realme-4-run05-20260809T182753_3.pcap,data/raw/rrc/rrc_4_realme_realme-4-run05-20260809T182753_6.json,2026-08-09T07:00:50.086395+00:00,True,1.077
realme-4-run05-20260809T182753,realme,4,4,data/raw/4/capture_4_realme_realme-4-run05-20260809T182753_4.pcap,data/raw/rrc/rrc_4_realme_realme-4-run05-20260809T182753_7.json,2026-08-09T07:01:13.158738+00:00,True,0.648
realme-4-run05-20260809T182753,realme,4,5,data/raw/4/capture_4_realme_realme-4-run05-20260809T182753_5.pcap,data/raw/rrc/rrc_4_realme_realme-4-run05-20260809T182753_8.json,2026-08-09T07:01:36.678286+00:00,True,1.155
realme-4-run05-20260809T182753,realme,4,6,data/raw/4/capture_4_realme_realme-4-run05-20260809T182753_6.pcap,data/raw/rrc/rrc_4_realme_realme-4-run05-20260809T182753_9.json,2026-08-09T07:01:59.791498+00:00,True,0.639
realme-4-run05-20260809T182753,realme,4,7,data/raw/4/capture_4_realme_realme-4-run05-20260809T182753_7.pcap,data/raw/rrc/rrc_4_realme_realme-4-run05-20260809T182753_10.json,2026-08-09T07:02:23.739561+00:00,True,1.104
realme-4-run05-20260809T182753,realme,4,8,data/raw/4/capture_4_realme_realme-4-run05-20260809T182753_8.pcap,data/raw/rrc/rrc_4_realme_realme-4-run05-20260809T182753_11.json,2026-08-09T07:02:47.271763+00:00,True,0.604
realme-4-run05-20260809T182753,realme,4,9,data/raw/4/capture_4_realme_realme-4-run05-20260809T182753_9.pcap,data/raw/rrc/rrc_4_realme_realme-4-run05-20260809T182753_12.json,2026-08-09T07:03:11.380019+00:00,True,1.041
realme-4-run05-20260809T182753,realme,4,10,data/raw/4/capture_4_realme_realme-4-run05-20260809T182753_10.pcap,data/raw/rrc/rrc_4_realme_realme-4-run05-20260809T182753_13.json,2026-08-09T07:03:34.720842+00:00,True,0.628
realme-4-run05-20260809T182753,realme,4,11,data/raw/4/capture_4_realme_realme-4-run05-20260809T182753_11.pcap,data/raw/rrc/rrc_4_realme_realme-4-run05-20260809T182753_16.json,2026-08-09T07:03:58.732378+00:00,True,0.670
realme-4-run05-20260809T182753,realme,4,12,data/raw/4/capture_4_realme_realme-4-run05-20260809T182753_12.pcap,data/raw/rrc/rrc_4_realme_realme-4-run05-20260809T182753_18.json,2026-08-09T07:04:23.199054+00:00,True,0.642
realme-4-run05-20260809T182753,realme,4,13,data/raw/4/capture_4_realme_realme-4-run05-20260809T182753_13.pcap,data/raw/rrc/rrc_4_realme_realme-4-run05-20260809T182753_20.json,2026-08-09T07:04:46.961577+00:00,True,0.601
realme-4-run05-20260809T182753,realme,4,14,data/raw/4/capture_4_realme_realme-4-run05-20260809T182753_14.pcap,data/raw/rrc/rrc_4_realme_realme-4-run05-20260809T182753_22.json,2026-08-09T07:05:10.706776+00:00,True,2.454
realme-4-run05-20260809T182753,realme,4,15,data/raw/4/capture_4_realme_realme-4-run05-20260809T182753_15.pcap,data/raw/rrc/rrc_4_realme_realme-4-run05-20260809T182753_23.json,2026-08-09T07:05:35.184681+00:00,True,0.776
realme-4-run05-20260809T182753,realme,4,16,data/raw/4/capture_4_realme_realme-4-run05-20260809T182753_16.pcap,data/raw/rrc/rrc_4_realme_realme-4-run05-20260809T182753_24.json,2026-08-09T07:05:59.208779+00:00,True,0.639
realme-4-run05-20260809T182753,realme,4,17,data/raw/4/capture_4_realme_realme-4-run05-20260809T182753_17.pcap,data/raw/rrc/rrc_4_realme_realme-4-run05-20260809T182753_25.json,2026-08-09T07:06:23.472052+00:00,True,0.850
realme-4-run05-20260809T182753,realme,4,18,data/raw/4/capture_4_realme_realme-4-run05-20260809T182753_18.pcap,data/raw/rrc/rrc_4_realme_realme-4-run05-20260809T182753_26.json,2026-08-09T07:06:47.298241+00:00,True,0.605
realme-4-run05-20260809T182753,realme,4,19,data/raw/4/capture_4_realme_realme-4-run05-20260809T182753_19.pcap,data/raw/rrc/rrc_4_realme_realme-4-run05-20260809T182753_27.json,2026-08-09T07:07:10.875273+00:00,True,0.603
realme-4-run05-20260809T182753,realme,4,20,data/raw/4/capture_4_realme_realme-4-run05-20260809T182753_20.pcap,data/raw/rrc/rrc_4_realme_realme-4-run05-20260809T182753_28.json,2026-08-09T07:07:34.755890+00:00,True,0.605
realme-5-run01-20260809T190814,realme,5,1,data/raw/5/capture_5_realme_realme-5-run01-20260809T190814_1.pcap,data/raw/rrc/rrc_5_realme_realme-5-run01-20260809T190814_2.json,2026-08-09T07:08:59.466990+00:00,True,1.997
realme-5-run01-20260809T191357,realme,5,1,data/raw/5/capture_5_realme_realme-5-run01-20260809T191357_1.pcap,data/raw/rrc/rrc_5_realme_realme-5-run01-20260809T191357_1.json,2026-08-09T07:14:42.409467+00:00,True,1.035
realme-5-run01-20260809T191357,realme,5,2,data/raw/5/capture_5_realme_realme-5-run01-20260809T191357_2.pcap,data/raw/rrc/rrc_5_realme_realme-5-run01-20260809T191357_2.json,2026-08-09T07:15:13.001102+00:00,True,0.330
realme-5-run01-20260809T191357,realme,5,3,data/raw/5/capture_5_realme_realme-5-run01-20260809T191357_3.pcap,data/raw/rrc/rrc_5_realme_realme-5-run01-20260809T191357_6.json,2026-08-09T07:15:58.118672+00:00,True,0.189
realme-5-run01-20260809T191357,realme,5,4,data/raw/5/capture_5_realme_realme-5-run01-20260809T191357_4.pcap,data/raw/rrc/rrc_5_realme_realme-5-run01-20260809T191357_8.json,2026-08-09T07:16:32.099706+00:00,True,0.199
realme-5-run01-20260809T191357,realme,5,5,data/raw/5/capture_5_realme_realme-5-run01-20260809T191357_5.pcap,data/raw/rrc/rrc_5_realme_realme-5-run01-20260809T191357_10.json,2026-08-09T07:16:58.063968+00:00,True,0.871
realme-5-run01-20260809T191357,realme,5,6,data/raw/5/capture_5_realme_realme-5-run01-20260809T191357_6.pcap,data/raw/rrc/rrc_5_realme_realme-5-run01-20260809T191357_11.json,2026-08-09T07:17:24.236890+00:00,True,0.802
realme-5-run01-20260809T191357,realme,5,7,data/raw/5/capture_5_realme_realme-5-run01-20260809T191357_7.pcap,data/raw/rrc/rrc_5_realme_realme-5-run01-20260809T191357_12.json,2026-08-09T07:17:49.017915+00:00,True,1.394
realme-5-run01-20260809T191357,realme,5,8,data/raw/5/capture_5_realme_realme-5-run01-20260809T191357_8.pcap,data/raw/rrc/rrc_5_realme_realme-5-run01-20260809T191357_13.json,2026-08-09T07:18:13.967730+00:00,True,0.666
realme-5-run01-20260809T191357,realme,5,9,data/raw/5/capture_5_realme_realme-5-run01-20260809T191357_9.pcap,data/raw/rrc/rrc_5_realme_realme-5-run01-20260809T191357_14.json,2026-08-09T07:18:37.628078+00:00,True,0.783
realme-5-run01-20260809T191357,realme,5,10,data/raw/5/capture_5_realme_realme-5-run01-20260809T191357_10.pcap,data/raw/rrc/rrc_5_realme_realme-5-run01-20260809T191357_15.json,2026-08-09T07:19:02.253528+00:00,True,0.687
realme-5-run01-20260809T191357,realme,5,11,data/raw/5/capture_5_realme_realme-5-run01-20260809T191357_11.pcap,data/raw/rrc/rrc_5_realme_realme-5-run01-20260809T191357_16.json,2026-08-09T07:19:27.161338+00:00,True,1.918
realme-5-run01-20260809T191357,realme,5,12,data/raw/5/capture_5_realme_realme-5-run01-20260809T191357_12.pcap,data/raw/rrc/rrc_5_realme_realme-5-run01-20260809T191357_17.json,2026-08-09T07:19:50.510670+00:00,True,0.900
realme-5-run01-20260809T191357,realme,5,13,data/raw/5/capture_5_realme_realme-5-run01-20260809T191357_13.pcap,data/raw/rrc/rrc_5_realme_realme-5-run01-20260809T191357_18.json,2026-08-09T07:20:14.470018+00:00,True,0.690
realme-5-run01-20260809T191357,realme,5,14,data/raw/5/capture_5_realme_realme-5-run01-20260809T191357_14.pcap,data/raw/rrc/rrc_5_realme_realme-5-run01-20260809T191357_22.json,2026-08-09T07:20:38.679384+00:00,True,0.654
realme-5-run01-20260809T191357,realme,5,15,data/raw/5/capture_5_realme_realme-5-run01-20260809T191357_15.pcap,data/raw/rrc/rrc_5_realme_realme-5-run01-20260809T191357_24.json,2026-08-09T07:21:03.969875+00:00,True,1.214
realme-5-run01-20260809T191357,realme,5,16,data/raw/5/capture_5_realme_realme-5-run01-20260809T191357_16.pcap,data/raw/rrc/rrc_5_realme_realme-5-run01-20260809T191357_27.json,2026-08-09T07:21:27.972904+00:00,True,0.639
realme-5-run01-20260809T191357,realme,5,17,data/raw/5/capture_5_realme_realme-5-run01-20260809T191357_17.pcap,data/raw/rrc/rrc_5_realme_realme-5-run01-20260809T191357_28.json,2026-08-09T07:21:52.215384+00:00,True,0.902
realme-5-run01-20260809T191357,realme,5,18,data/raw/5/capture_5_realme_realme-5-run01-20260809T191357_18.pcap,data/raw/rrc/rrc_5_realme_realme-5-run01-20260809T191357_29.json,2026-08-09T07:22:16.516643+00:00,True,1.141
realme-5-run01-20260809T191357,realme,5,19,data/raw/5/capture_5_realme_realme-5-run01-20260809T191357_19.pcap,data/raw/rrc/rrc_5_realme_realme-5-run01-20260809T191357_30.json,2026-08-09T07:22:40.233248+00:00,True,1.052
realme-5-run01-20260809T191357,realme,5,20,data/raw/5/capture_5_realme_realme-5-run01-20260809T191357_20.pcap,data/raw/rrc/rrc_5_realme_realme-5-run01-20260809T191357_31.json,2026-08-09T07:23:04.466721+00:00,True,0.648
realme-5-run02-20260809T191357,realme,5,1,data/raw/5/capture_5_realme_realme-5-run02-20260809T191357_1.pcap,data/raw/rrc/rrc_5_realme_realme-5-run02-20260809T191357_1.json,2026-08-09T07:23:28.905023+00:00,True,0.821
realme-5-run02-20260809T191357,realme,5,2,data/raw/5/capture_5_realme_realme-5-run02-20260809T191357_2.pcap,data/raw/rrc/rrc_5_realme_realme-5-run02-20260809T191357_2.json,2026-08-09T07:23:52.949909+00:00,True,0.563
realme-5-run02-20260809T191357,realme,5,3,data/raw/5/capture_5_realme_realme-5-run02-20260809T191357_3.pcap,data/raw/rrc/rrc_5_realme_realme-5-run02-20260809T191357_3.json,2026-08-09T07:24:17.334962+00:00,True,0.651
realme-5-run02-20260809T191357,realme,5,4,data/raw/5/capture_5_realme_realme-5-run02-20260809T191357_4.pcap,data/raw/rrc/rrc_5_realme_realme-5-run02-20260809T191357_4.json,2026-08-09T07:24:41.554243+00:00,True,1.075
realme-5-run02-20260809T191357,realme,5,5,data/raw/5/capture_5_realme_realme-5-run02-20260809T191357_5.pcap,data/raw/rrc/rrc_5_realme_realme-5-run02-20260809T191357_6.json,2026-08-09T07:25:05.371340+00:00,True,1.057
realme-5-run02-20260809T191357,realme,5,6,data/raw/5/capture_5_realme_realme-5-run02-20260809T191357_6.pcap,data/raw/rrc/rrc_5_realme_realme-5-run02-20260809T191357_8.json,2026-08-09T07:25:29.776695+00:00,True,0.698
realme-5-run02-20260809T191357,realme,5,7,data/raw/5/capture_5_realme_realme-5-run02-20260809T191357_7.pcap,data/raw/rrc/rrc_5_realme_realme-5-run02-20260809T191357_11.json,2026-08-09T07:25:54.309198+00:00,True,0.639
realme-5-run02-20260809T191357,realme,5,8,data/raw/5/capture_5_realme_realme-5-run02-20260809T191357_8.pcap,data/raw/rrc/rrc_5_realme_realme-5-run02-20260809T191357_12.json,2026-08-09T07:26:19.124963+00:00,True,0.593
realme-5-run02-20260809T191357,realme,5,9,data/raw/5/capture_5_realme_realme-5-run02-20260809T191357_9.pcap,data/raw/rrc/rrc_5_realme_realme-5-run02-20260809T191357_13.json,2026-08-09T07:26:43.729275+00:00,True,0.645
realme-5-run02-20260809T191357,realme,5,10,data/raw/5/capture_5_realme_realme-5-run02-20260809T191357_10.pcap,data/raw/rrc/rrc_5_realme_realme-5-run02-20260809T191357_14.json,2026-08-09T07:27:07.642692+00:00,True,0.940
realme-5-run02-20260809T191357,realme,5,11,data/raw/5/capture_5_realme_realme-5-run02-20260809T191357_11.pcap,data/raw/rrc/rrc_5_realme_realme-5-run02-20260809T191357_15.json,2026-08-09T07:27:32.253011+00:00,True,0.885
realme-5-run02-20260809T191357,realme,5,12,data/raw/5/capture_5_realme_realme-5-run02-20260809T191357_12.pcap,data/raw/rrc/rrc_5_realme_realme-5-run02-20260809T191357_16.json,2026-08-09T07:27:55.389308+00:00,True,0.644
realme-5-run02-20260809T191357,realme,5,13,data/raw/5/capture_5_realme_realme-5-run02-20260809T191357_13.pcap,data/raw/rrc/rrc_5_realme_realme-5-run02-20260809T191357_17.json,2026-08-09T07:28:19.774074+00:00,True,0.602
realme-5-run02-20260809T191357,realme,5,14,data/raw/5/capture_5_realme_realme-5-run02-20260809T191357_14.pcap,data/raw/rrc/rrc_5_realme_realme-5-run02-20260809T191357_18.json,2026-08-09T07:28:44.191264+00:00,True,1.145
realme-5-run02-20260809T191357,realme,5,15,data/raw/5/capture_5_realme_realme-5-run02-20260809T191357_15.pcap,data/raw/rrc/rrc_5_realme_realme-5-run02-20260809T191357_20.json,2026-08-09T07:29:08.757456+00:00,True,1.606
realme-5-run02-20260809T191357,realme,5,16,data/raw/5/capture_5_realme_realme-5-run02-20260809T191357_16.pcap,data/raw/rrc/rrc_5_realme_realme-5-run02-20260809T191357_22.json,2026-08-09T07:29:35.598066+00:00,True,0.684
realme-5-run02-20260809T191357,realme,5,17,data/raw/5/capture_5_realme_realme-5-run02-20260809T191357_17.pcap,data/raw/rrc/rrc_5_realme_realme-5-run02-20260809T191357_25.json,2026-08-09T07:30:00.183667+00:00,True,1.783
realme-5-run02-20260809T191357,realme,5,18,data/raw/5/capture_5_realme_realme-5-run02-20260809T191357_18.pcap,data/raw/rrc/rrc_5_realme_realme-5-run02-20260809T191357_27.json,2026-08-09T07:30:24.560871+00:00,True,0.585
realme-5-run02-20260809T191357,realme,5,19,data/raw/5/capture_5_realme_realme-5-run02-20260809T191357_19.pcap,data/raw/rrc/rrc_5_realme_realme-5-run02-20260809T191357_28.json,2026-08-09T07:30:49.153974+00:00,True,0.683
realme-5-run02-20260809T191357,realme,5,20,data/raw/5/capture_5_realme_realme-5-run02-20260809T191357_20.pcap,data/raw/rrc/rrc_5_realme_realme-5-run02-20260809T191357_29.json,2026-08-09T07:31:13.694194+00:00,True,0.940
realme-5-run03-20260809T191357,realme,5,1,data/raw/5/capture_5_realme_realme-5-run03-20260809T191357_1.pcap,data/raw/rrc/rrc_5_realme_realme-5-run03-20260809T191357_1.json,2026-08-09T07:31:38.370011+00:00,True,1.130
realme-5-run03-20260809T191357,realme,5,2,data/raw/5/capture_5_realme_realme-5-run03-20260809T191357_2.pcap,data/raw/rrc/rrc_5_realme_realme-5-run03-20260809T191357_2.json,2026-08-09T07:32:02.726593+00:00,True,0.688
realme-5-run03-20260809T191357,realme,5,3,data/raw/5/capture_5_realme_realme-5-run03-20260809T191357_3.pcap,data/raw/rrc/rrc_5_realme_realme-5-run03-20260809T191357_3.json,2026-08-09T07:32:27.594251+00:00,True,0.612
realme-5-run03-20260809T191357,realme,5,4,data/raw/5/capture_5_realme_realme-5-run03-20260809T191357_4.pcap,data/raw/rrc/rrc_5_realme_realme-5-run03-20260809T191357_4.json,2026-08-09T07:32:52.353910+00:00,True,0.733
realme-5-run03-20260809T191357,realme,5,5,data/raw/5/capture_5_realme_realme-5-run03-20260809T191357_5.pcap,data/raw/rrc/rrc_5_realme_realme-5-run03-20260809T191357_5.json,2026-08-09T07:33:16.917440+00:00,True,1.057
realme-5-run03-20260809T191357,realme,5,6,data/raw/5/capture_5_realme_realme-5-run03-20260809T191357_6.pcap,data/raw/rrc/rrc_5_realme_realme-5-run03-20260809T191357_6.json,2026-08-09T07:33:40.786791+00:00,True,1.092
realme-5-run03-20260809T191357,realme,5,7,data/raw/5/capture_5_realme_realme-5-run03-20260809T191357_7.pcap,data/raw/rrc/rrc_5_realme_realme-5-run03-20260809T191357_7.json,2026-08-09T07:34:05.130974+00:00,True,0.623
realme-5-run03-20260809T191357,realme,5,8,data/raw/5/capture_5_realme_realme-5-run03-20260809T191357_8.pcap,data/raw/rrc/rrc_5_realme_realme-5-run03-20260809T191357_8.json,2026-08-09T07:34:29.712630+00:00,True,1.124
realme-5-run03-20260809T191357,realme,5,9,data/raw/5/capture_5_realme_realme-5-run03-20260809T191357_9.pcap,data/raw/rrc/rrc_5_realme_realme-5-run03-20260809T191357_9.json,2026-08-09T07:34:54.048592+00:00,True,0.609
realme-5-run03-20260809T191357,realme,5,10,data/raw/5/capture_5_realme_realme-5-run03-20260809T191357_10.pcap,data/raw/rrc/rrc_5_realme_realme-5-run03-20260809T191357_10.json,2026-08-09T07:35:17.902679+00:00,True,0.636
realme-5-run03-20260809T191357,realme,5,11,data/raw/5/capture_5_realme_realme-5-run03-20260809T191357_11.pcap,data/raw/rrc/rrc_5_realme_realme-5-run03-20260809T191357_11.json,2026-08-09T07:35:42.423628+00:00,True,0.613
realme-5-run03-20260809T191357,realme,5,12,data/raw/5/capture_5_realme_realme-5-run03-20260809T191357_12.pcap,data/raw/rrc/rrc_5_realme_realme-5-run03-20260809T191357_12.json,2026-08-09T07:36:07.434214+00:00,True,0.605
realme-5-run03-20260809T191357,realme,5,13,data/raw/5/capture_5_realme_realme-5-run03-20260809T191357_13.pcap,data/raw/rrc/rrc_5_realme_realme-5-run03-20260809T191357_13.json,2026-08-09T07:36:31.351606+00:00,True,0.655
realme-5-run03-20260809T191357,realme,5,14,data/raw/5/capture_5_realme_realme-5-run03-20260809T191357_14.pcap,data/raw/rrc/rrc_5_realme_realme-5-run03-20260809T191357_14.json,2026-08-09T07:36:56.233975+00:00,True,1.078
realme-5-run03-20260809T191357,realme,5,15,data/raw/5/capture_5_realme_realme-5-run03-20260809T191357_15.pcap,data/raw/rrc/rrc_5_realme_realme-5-run03-20260809T191357_15.json,2026-08-09T07:37:21.118525+00:00,True,1.104
realme-5-run03-20260809T191357,realme,5,16,data/raw/5/capture_5_realme_realme-5-run03-20260809T191357_16.pcap,data/raw/rrc/rrc_5_realme_realme-5-run03-20260809T191357_16.json,2026-08-09T07:37:45.773457+00:00,True,0.793
realme-5-run03-20260809T191357,realme,5,17,data/raw/5/capture_5_realme_realme-5-run03-20260809T191357_17.pcap,data/raw/rrc/rrc_5_realme_realme-5-run03-20260809T191357_17.json,2026-08-09T07:38:10.784478+00:00,True,0.655
realme-5-run03-20260809T191357,realme,5,18,data/raw/5/capture_5_realme_realme-5-run03-20260809T191357_18.pcap,data/raw/rrc/rrc_5_realme_realme-5-run03-20260809T191357_18.json,2026-08-09T07:38:35.547584+00:00,True,1.887
realme-5-run03-20260809T191357,realme,5,19,data/raw/5/capture_5_realme_realme-5-run03-20260809T191357_19.pcap,data/raw/rrc/rrc_5_realme_realme-5-run03-20260809T191357_19.json,2026-08-09T07:39:00.180757+00:00,True,0.887
realme-5-run03-20260809T191357,realme,5,20,data/raw/5/capture_5_realme_realme-5-run03-20260809T191357_20.pcap,data/raw/rrc/rrc_5_realme_realme-5-run03-20260809T191357_20.json,2026-08-09T07:39:24.363192+00:00,True,0.950
realme-5-run04-20260809T191357,realme,5,1,data/raw/5/capture_5_realme_realme-5-run04-20260809T191357_1.pcap,data/raw/rrc/rrc_5_realme_realme-5-run04-20260809T191357_1.json,2026-08-09T07:39:48.621443+00:00,True,0.486
realme-5-run04-20260809T191357,realme,5,2,data/raw/5/capture_5_realme_realme-5-run04-20260809T191357_2.pcap,data/raw/rrc/rrc_5_realme_realme-5-run04-20260809T191357_2.json,2026-08-09T07:40:13.974295+00:00,True,0.626
realme-5-run04-20260809T191357,realme,5,3,data/raw/5/capture_5_realme_realme-5-run04-20260809T191357_3.pcap,data/raw/rrc/rrc_5_realme_realme-5-run04-20260809T191357_3.json,2026-08-09T07:40:38.623079+00:00,True,1.052
realme-5-run04-20260809T191357,realme,5,4,data/raw/5/capture_5_realme_realme-5-run04-20260809T191357_4.pcap,data/raw/rrc/rrc_5_realme_realme-5-run04-20260809T191357_4.json,2026-08-09T07:41:02.997394+00:00,True,1.037
realme-5-run04-20260809T191357,realme,5,5,data/raw/5/capture_5_realme_realme-5-run04-20260809T191357_5.pcap,data/raw/rrc/rrc_5_realme_realme-5-run04-20260809T191357_5.json,2026-08-09T07:41:27.568674+00:00,True,1.169
realme-5-run04-20260809T191357,realme,5,6,data/raw/5/capture_5_realme_realme-5-run04-20260809T191357_6.pcap,data/raw/rrc/rrc_5_realme_realme-5-run04-20260809T191357_6.json,2026-08-09T07:41:52.448507+00:00,True,0.744
realme-5-run04-20260809T191357,realme,5,7,data/raw/5/capture_5_realme_realme-5-run04-20260809T191357_7.pcap,data/raw/rrc/rrc_5_realme_realme-5-run04-20260809T191357_7.json,2026-08-09T07:42:17.428592+00:00,True,0.610
realme-5-run04-20260809T191357,realme,5,8,data/raw/5/capture_5_realme_realme-5-run04-20260809T191357_8.pcap,data/raw/rrc/rrc_5_realme_realme-5-run04-20260809T191357_8.json,2026-08-09T07:42:42.620607+00:00,True,0.607
realme-5-run04-20260809T191357,realme,5,9,data/raw/5/capture_5_realme_realme-5-run04-20260809T191357_9.pcap,data/raw/rrc/rrc_5_realme_realme-5-run04-20260809T191357_11.json,2026-08-09T07:43:07.374366+00:00,True,0.514
realme-5-run04-20260809T191357,realme,5,10,data/raw/5/capture_5_realme_realme-5-run04-20260809T191357_10.pcap,data/raw/rrc/rrc_5_realme_realme-5-run04-20260809T191357_14.json,2026-08-09T07:43:34.008757+00:00,True,1.038
realme-5-run04-20260809T191357,realme,5,11,data/raw/5/capture_5_realme_realme-5-run04-20260809T191357_11.pcap,data/raw/rrc/rrc_5_realme_realme-5-run04-20260809T191357_16.json,2026-08-09T07:44:01.898883+00:00,True,0.669
realme-5-run04-20260809T191357,realme,5,12,data/raw/5/capture_5_realme_realme-5-run04-20260809T191357_12.pcap,data/raw/rrc/rrc_5_realme_realme-5-run04-20260809T191357_17.json,2026-08-09T07:44:28.259810+00:00,True,0.595
realme-5-run04-20260809T191357,realme,5,13,data/raw/5/capture_5_realme_realme-5-run04-20260809T191357_13.pcap,data/raw/rrc/rrc_5_realme_realme-5-run04-20260809T191357_18.json,2026-08-09T07:44:54.427252+00:00,True,1.117
realme-5-run04-20260809T191357,realme,5,14,data/raw/5/capture_5_realme_realme-5-run04-20260809T191357_14.pcap,data/raw/rrc/rrc_5_realme_realme-5-run04-20260809T191357_19.json,2026-08-09T07:45:21.078948+00:00,True,0.648
realme-5-run04-20260809T191357,realme,5,15,data/raw/5/capture_5_realme_realme-5-run04-20260809T191357_15.pcap,data/raw/rrc/rrc_5_realme_realme-5-run04-20260809T191357_20.json,2026-08-09T07:45:48.059885+00:00,True,1.165
realme-5-run04-20260809T191357,realme,5,16,data/raw/5/capture_5_realme_realme-5-run04-20260809T191357_16.pcap,data/raw/rrc/rrc_5_realme_realme-5-run04-20260809T191357_21.json,2026-08-09T07:46:16.434590+00:00,True,1.166
realme-5-run04-20260809T191357,realme,5,17,data/raw/5/capture_5_realme_realme-5-run04-20260809T191357_17.pcap,data/raw/rrc/rrc_5_realme_realme-5-run04-20260809T191357_22.json,2026-08-09T07:46:43.683421+00:00,True,1.099
realme-5-run04-20260809T191357,realme,5,18,data/raw/5/capture_5_realme_realme-5-run04-20260809T191357_18.pcap,data/raw/rrc/rrc_5_realme_realme-5-run04-20260809T191357_23.json,2026-08-09T07:47:10.413253+00:00,True,1.043
realme-5-run04-20260809T191357,realme,5,19,data/raw/5/capture_5_realme_realme-5-run04-20260809T191357_19.pcap,data/raw/rrc/rrc_5_realme_realme-5-run04-20260809T191357_24.json,2026-08-09T07:47:35.814356+00:00,True,1.634
realme-5-run04-20260809T191357,realme,5,20,data/raw/5/capture_5_realme_realme-5-run04-20260809T191357_20.pcap,data/raw/rrc/rrc_5_realme_realme-5-run04-20260809T191357_25.json,2026-08-09T07:48:00.758839+00:00,True,0.668
realme-5-run05-20260809T191357,realme,5,1,data/raw/5/capture_5_realme_realme-5-run05-20260809T191357_1.pcap,data/raw/rrc/rrc_5_realme_realme-5-run05-20260809T191357_1.json,2026-08-09T07:48:26.399026+00:00,True,0.725
realme-5-run05-20260809T191357,realme,5,2,data/raw/5/capture_5_realme_realme-5-run05-20260809T191357_2.pcap,data/raw/rrc/rrc_5_realme_realme-5-run05-20260809T191357_2.json,2026-08-09T07:48:51.753900+00:00,True,1.138
realme-5-run05-20260809T191357,realme,5,3,data/raw/5/capture_5_realme_realme-5-run05-20260809T191357_3.pcap,data/raw/rrc/rrc_5_realme_realme-5-run05-20260809T191357_3.json,2026-08-09T07:49:18.060094+00:00,True,0.604
realme-5-run05-20260809T191357,realme,5,4,data/raw/5/capture_5_realme_realme-5-run05-20260809T191357_4.pcap,data/raw/rrc/rrc_5_realme_realme-5-run05-20260809T191357_4.json,2026-08-09T07:49:45.048289+00:00,True,0.585
realme-5-run05-20260809T191357,realme,5,5,data/raw/5/capture_5_realme_realme-5-run05-20260809T191357_5.pcap,data/raw/rrc/rrc_5_realme_realme-5-run05-20260809T191357_5.json,2026-08-09T07:50:10.855357+00:00,True,0.777
realme-5-run05-20260809T191357,realme,5,6,data/raw/5/capture_5_realme_realme-5-run05-20260809T191357_6.pcap,data/raw/rrc/rrc_5_realme_realme-5-run05-20260809T191357_6.json,2026-08-09T07:50:35.934894+00:00,True,0.645
realme-5-run05-20260809T191357,realme,5,7,data/raw/5/capture_5_realme_realme-5-run05-20260809T191357_7.pcap,data/raw/rrc/rrc_5_realme_realme-5-run05-20260809T191357_7.json,2026-08-09T07:51:01.245588+00:00,True,0.676
realme-5-run05-20260809T191357,realme,5,8,data/raw/5/capture_5_realme_realme-5-run05-20260809T191357_8.pcap,data/raw/rrc/rrc_5_realme_realme-5-run05-20260809T191357_8.json,2026-08-09T07:51:26.327668+00:00,True,1.100
realme-5-run05-20260809T191357,realme,5,9,data/raw/5/capture_5_realme_realme-5-run05-20260809T191357_9.pcap,data/raw/rrc/rrc_5_realme_realme-5-run05-20260809T191357_9.json,2026-08-09T07:51:52.358586+00:00,True,0.714
realme-5-run05-20260809T191357,realme,5,10,data/raw/5/capture_5_realme_realme-5-run05-20260809T191357_10.pcap,data/raw/rrc/rrc_5_realme_realme-5-run05-20260809T191357_10.json,2026-08-09T07:52:17.802197+00:00,True,1.170
realme-5-run05-20260809T191357,realme,5,11,data/raw/5/capture_5_realme_realme-5-run05-20260809T191357_11.pcap,data/raw/rrc/rrc_5_realme_realme-5-run05-20260809T191357_11.json,2026-08-09T07:52:43.012697+00:00,True,0.687
realme-5-run05-20260809T191357,realme,5,12,data/raw/5/capture_5_realme_realme-5-run05-20260809T191357_12.pcap,data/raw/rrc/rrc_5_realme_realme-5-run05-20260809T191357_13.json,2026-08-09T07:53:07.989891+00:00,True,0.604
realme-5-run05-20260809T191357,realme,5,13,data/raw/5/capture_5_realme_realme-5-run05-20260809T191357_13.pcap,data/raw/rrc/rrc_5_realme_realme-5-run05-20260809T191357_14.json,2026-08-09T07:53:33.055198+00:00,True,0.609
realme-5-run05-20260809T191357,realme,5,14,data/raw/5/capture_5_realme_realme-5-run05-20260809T191357_14.pcap,data/raw/rrc/rrc_5_realme_realme-5-run05-20260809T191357_15.json,2026-08-09T07:53:59.106756+00:00,True,0.884
realme-5-run05-20260809T191357,realme,5,15,data/raw/5/capture_5_realme_realme-5-run05-20260809T191357_15.pcap,data/raw/rrc/rrc_5_realme_realme-5-run05-20260809T191357_16.json,2026-08-09T07:54:24.407716+00:00,True,1.212
realme-5-run05-20260809T191357,realme,5,16,data/raw/5/capture_5_realme_realme-5-run05-20260809T191357_16.pcap,data/raw/rrc/rrc_5_realme_realme-5-run05-20260809T191357_17.json,2026-08-09T07:54:49.341206+00:00,True,0.563
realme-5-run05-20260809T191357,realme,5,17,data/raw/5/capture_5_realme_realme-5-run05-20260809T191357_17.pcap,data/raw/rrc/rrc_5_realme_realme-5-run05-20260809T191357_18.json,2026-08-09T07:55:14.890388+00:00,True,1.163
realme-5-run05-20260809T191357,realme,5,18,data/raw/5/capture_5_realme_realme-5-run05-20260809T191357_18.pcap,data/raw/rrc/rrc_5_realme_realme-5-run05-20260809T191357_19.json,2026-08-09T07:55:40.356860+00:00,True,0.413
realme-5-run05-20260809T191357,realme,5,19,data/raw/5/capture_5_realme_realme-5-run05-20260809T191357_19.pcap,data/raw/rrc/rrc_5_realme_realme-5-run05-20260809T191357_20.json,2026-08-09T07:56:05.494932+00:00,True,0.620
realme-5-run05-20260809T191357,realme,5,20,data/raw/5/capture_5_realme_realme-5-run05-20260809T191357_20.pcap,data/raw/rrc/rrc_5_realme_realme-5-run05-20260809T191357_21.json,2026-08-09T07:56:33.361204+00:00,True,1.256
realme-6-run01-20260809T200549,realme,6,1,data/raw/6/capture_6_realme_realme-6-run01-20260809T200549_1.pcap,data/raw/rrc/rrc_6_realme_realme-6-run01-20260809T200549_1.json,2026-08-09T08:06:48.115547+00:00,True,0.302
realme-6-run01-20260809T200549,realme,6,2,data/raw/6/capture_6_realme_realme-6-run01-20260809T200549_2.pcap,data/raw/rrc/rrc_6_realme_realme-6-run01-20260809T200549_3.json,2026-08-09T08:07:39.084413+00:00,False,0.285
realme-6-run01-20260809T200549,realme,6,3,data/raw/6/capture_6_realme_realme-6-run01-20260809T200549_3.pcap,data/raw/rrc/rrc_6_realme_realme-6-run01-20260809T200549_6.json,2026-08-09T08:08:25.147081+00:00,True,0.605
realme-6-run01-20260809T200549,realme,6,4,data/raw/6/capture_6_realme_realme-6-run01-20260809T200549_4.pcap,data/raw/rrc/rrc_6_realme_realme-6-run01-20260809T200549_7.json,2026-08-09T08:09:04.204073+00:00,True,0.165
realme-6-run01-20260809T200549,realme,6,5,data/raw/6/capture_6_realme_realme-6-run01-20260809T200549_5.pcap,data/raw/rrc/rrc_6_realme_realme-6-run01-20260809T200549_10.json,2026-08-09T08:09:40.495677+00:00,True,0.462
realme-6-run01-20260809T200549,realme,6,6,data/raw/6/capture_6_realme_realme-6-run01-20260809T200549_6.pcap,data/raw/rrc/rrc_6_realme_realme-6-run01-20260809T200549_11.json,2026-08-09T08:10:06.839474+00:00,True,1.291
realme-6-run01-20260809T200549,realme,6,7,data/raw/6/capture_6_realme_realme-6-run01-20260809T200549_7.pcap,data/raw/rrc/rrc_6_realme_realme-6-run01-20260809T200549_12.json,2026-08-09T08:10:32.880151+00:00,True,0.632
realme-6-run01-20260809T200549,realme,6,8,data/raw/6/capture_6_realme_realme-6-run01-20260809T200549_8.pcap,data/raw/rrc/rrc_6_realme_realme-6-run01-20260809T200549_14.json,2026-08-09T08:10:58.995499+00:00,True,1.217
realme-6-run01-20260809T200549,realme,6,9,data/raw/6/capture_6_realme_realme-6-run01-20260809T200549_9.pcap,data/raw/rrc/rrc_6_realme_realme-6-run01-20260809T200549_15.json,2026-08-09T08:11:24.895004+00:00,True,0.739
realme-6-run01-20260809T200549,realme,6,10,data/raw/6/capture_6_realme_realme-6-run01-20260809T200549_10.pcap,data/raw/rrc/rrc_6_realme_realme-6-run01-20260809T200549_16.json,2026-08-09T08:11:50.313358+00:00,True,0.583
realme-6-run01-20260809T200549,realme,6,11,data/raw/6/capture_6_realme_realme-6-run01-20260809T200549_11.pcap,data/raw/rrc/rrc_6_realme_realme-6-run01-20260809T200549_17.json,2026-08-09T08:12:16.130587+00:00,True,0.677
realme-6-run01-20260809T200549,realme,6,12,data/raw/6/capture_6_realme_realme-6-run01-20260809T200549_12.pcap,data/raw/rrc/rrc_6_realme_realme-6-run01-20260809T200549_18.json,2026-08-09T08:12:42.249552+00:00,True,0.636
realme-6-run01-20260809T200549,realme,6,13,data/raw/6/capture_6_realme_realme-6-run01-20260809T200549_13.pcap,data/raw/rrc/rrc_6_realme_realme-6-run01-20260809T200549_19.json,2026-08-09T08:13:08.112545+00:00,True,0.608
realme-6-run01-20260809T200549,realme,6,14,data/raw/6/capture_6_realme_realme-6-run01-20260809T200549_14.pcap,data/raw/rrc/rrc_6_realme_realme-6-run01-20260809T200549_20.json,2026-08-09T08:13:34.624771+00:00,True,1.242
realme-6-run01-20260809T200549,realme,6,15,data/raw/6/capture_6_realme_realme-6-run01-20260809T200549_15.pcap,data/raw/rrc/rrc_6_realme_realme-6-run01-20260809T200549_21.json,2026-08-09T08:14:00.318842+00:00,True,0.992
realme-6-run01-20260809T200549,realme,6,16,data/raw/6/capture_6_realme_realme-6-run01-20260809T200549_16.pcap,data/raw/rrc/rrc_6_realme_realme-6-run01-20260809T200549_22.json,2026-08-09T08:14:26.256784+00:00,True,1.448
realme-6-run01-20260809T200549,realme,6,17,data/raw/6/capture_6_realme_realme-6-run01-20260809T200549_17.pcap,data/raw/rrc/rrc_6_realme_realme-6-run01-20260809T200549_23.json,2026-08-09T08:14:52.646274+00:00,True,0.596
realme-6-run01-20260809T200549,realme,6,18,data/raw/6/capture_6_realme_realme-6-run01-20260809T200549_18.pcap,data/raw/rrc/rrc_6_realme_realme-6-run01-20260809T200549_24.json,2026-08-09T08:15:18.241989+00:00,True,1.041
realme-6-run01-20260809T200549,realme,6,19,data/raw/6/capture_6_realme_realme-6-run01-20260809T200549_19.pcap,data/raw/rrc/rrc_6_realme_realme-6-run01-20260809T200549_25.json,2026-08-09T08:15:44.116415+00:00,True,1.802
realme-6-run01-20260809T200549,realme,6,20,data/raw/6/capture_6_realme_realme-6-run01-20260809T200549_20.pcap,data/raw/rrc/rrc_6_realme_realme-6-run01-20260809T200549_26.json,2026-08-09T08:16:09.893305+00:00,True,0.971
realme-6-run02-20260809T200549,realme,6,1,data/raw/6/capture_6_realme_realme-6-run02-20260809T200549_1.pcap,data/raw/rrc/rrc_6_realme_realme-6-run02-20260809T200549_1.json,2026-08-09T08:16:35.816312+00:00,True,0.701
realme-6-run02-20260809T200549,realme,6,2,data/raw/6/capture_6_realme_realme-6-run02-20260809T200549_2.pcap,data/raw/rrc/rrc_6_realme_realme-6-run02-20260809T200549_2.json,2026-08-09T08:17:01.313418+00:00,True,1.237
realme-6-run02-20260809T200549,realme,6,3,data/raw/6/capture_6_realme_realme-6-run02-20260809T200549_3.pcap,data/raw/rrc/rrc_6_realme_realme-6-run02-20260809T200549_3.json,2026-08-09T08:17:27.019563+00:00,True,1.179
realme-6-run02-20260809T200549,realme,6,4,data/raw/6/capture_6_realme_realme-6-run02-20260809T200549_4.pcap,data/raw/rrc/rrc_6_realme_realme-6-run02-20260809T200549_4.json,2026-08-09T08:17:53.238723+00:00,True,1.397
realme-6-run02-20260809T200549,realme,6,5,data/raw/6/capture_6_realme_realme-6-run02-20260809T200549_5.pcap,data/raw/rrc/rrc_6_realme_realme-6-run02-20260809T200549_5.json,2026-08-09T08:18:18.980894+00:00,True,0.604
realme-6-run02-20260809T200549,realme,6,6,data/raw/6/capture_6_realme_realme-6-run02-20260809T200549_6.pcap,data/raw/rrc/rrc_6_realme_realme-6-run02-20260809T200549_6.json,2026-08-09T08:18:45.347898+00:00,True,0.688
realme-6-run02-20260809T200549,realme,6,7,data/raw/6/capture_6_realme_realme-6-run02-20260809T200549_7.pcap,data/raw/rrc/rrc_6_realme_realme-6-run02-20260809T200549_7.json,2026-08-09T08:19:11.418462+00:00,True,0.654
realme-6-run02-20260809T200549,realme,6,8,data/raw/6/capture_6_realme_realme-6-run02-20260809T200549_8.pcap,data/raw/rrc/rrc_6_realme_realme-6-run02-20260809T200549_8.json,2026-08-09T08:19:37.807544+00:00,True,0.696
realme-6-run02-20260809T200549,realme,6,9,data/raw/6/capture_6_realme_realme-6-run02-20260809T200549_9.pcap,data/raw/rrc/rrc_6_realme_realme-6-run02-20260809T200549_10.json,2026-08-09T08:20:03.036813+00:00,True,1.038
realme-6-run02-20260809T200549,realme,6,10,data/raw/6/capture_6_realme_realme-6-run02-20260809T200549_10.pcap,data/raw/rrc/rrc_6_realme_realme-6-run02-20260809T200549_11.json,2026-08-09T08:20:29.246662+00:00,True,0.565
realme-6-run02-20260809T200549,realme,6,11,data/raw/6/capture_6_realme_realme-6-run02-20260809T200549_11.pcap,data/raw/rrc/rrc_6_realme_realme-6-run02-20260809T200549_12.json,2026-08-09T08:20:55.385935+00:00,True,1.057
realme-6-run02-20260809T200549,realme,6,12,data/raw/6/capture_6_realme_realme-6-run02-20260809T200549_12.pcap,data/raw/rrc/rrc_6_realme_realme-6-run02-20260809T200549_13.json,2026-08-09T08:21:21.367308+00:00,True,0.646
realme-6-run02-20260809T200549,realme,6,13,data/raw/6/capture_6_realme_realme-6-run02-20260809T200549_13.pcap,data/raw/rrc/rrc_6_realme_realme-6-run02-20260809T200549_14.json,2026-08-09T08:21:47.755388+00:00,True,0.601
realme-6-run02-20260809T200549,realme,6,14,data/raw/6/capture_6_realme_realme-6-run02-20260809T200549_14.pcap,data/raw/rrc/rrc_6_realme_realme-6-run02-20260809T200549_15.json,2026-08-09T08:22:13.845198+00:00,True,1.057
realme-6-run02-20260809T200549,realme,6,15,data/raw/6/capture_6_realme_realme-6-run02-20260809T200549_15.pcap,data/raw/rrc/rrc_6_realme_realme-6-run02-20260809T200549_16.json,2026-08-09T08:22:40.267537+00:00,True,1.716
realme-6-run02-20260809T200549,realme,6,16,data/raw/6/capture_6_realme_realme-6-run02-20260809T200549_16.pcap,data/raw/rrc/rrc_6_realme_realme-6-run02-20260809T200549_17.json,2026-08-09T08:23:05.852362+00:00,True,0.642
realme-6-run02-20260809T200549,realme,6,17,data/raw/6/capture_6_realme_realme-6-run02-20260809T200549_17.pcap,data/raw/rrc/rrc_6_realme_realme-6-run02-20260809T200549_18.json,2026-08-09T08:23:32.729828+00:00,True,1.117
realme-6-run02-20260809T200549,realme,6,18,data/raw/6/capture_6_realme_realme-6-run02-20260809T200549_18.pcap,data/raw/rrc/rrc_6_realme_realme-6-run02-20260809T200549_19.json,2026-08-09T08:24:00.302875+00:00,True,0.602
realme-6-run02-20260809T200549,realme,6,19,data/raw/6/capture_6_realme_realme-6-run02-20260809T200549_19.pcap,data/raw/rrc/rrc_6_realme_realme-6-run02-20260809T200549_20.json,2026-08-09T08:24:26.647315+00:00,True,0.610
realme-6-run02-20260809T200549,realme,6,20,data/raw/6/capture_6_realme_realme-6-run02-20260809T200549_20.pcap,data/raw/rrc/rrc_6_realme_realme-6-run02-20260809T200549_21.json,2026-08-09T08:24:52.009415+00:00,True,0.622
realme-6-run03-20260809T200549,realme,6,1,data/raw/6/capture_6_realme_realme-6-run03-20260809T200549_1.pcap,data/raw/rrc/rrc_6_realme_realme-6-run03-20260809T200549_1.json,2026-08-09T08:25:18.337180+00:00,True,0.751
realme-6-run03-20260809T200549,realme,6,2,data/raw/6/capture_6_realme_realme-6-run03-20260809T200549_2.pcap,data/raw/rrc/rrc_6_realme_realme-6-run03-20260809T200549_2.json,2026-08-09T08:25:45.219322+00:00,True,1.065
realme-6-run03-20260809T200549,realme,6,3,data/raw/6/capture_6_realme_realme-6-run03-20260809T200549_3.pcap,data/raw/rrc/rrc_6_realme_realme-6-run03-20260809T200549_3.json,2026-08-09T08:26:11.700307+00:00,True,0.659
realme-6-run03-20260809T200549,realme,6,4,data/raw/6/capture_6_realme_realme-6-run03-20260809T200549_4.pcap,data/raw/rrc/rrc_6_realme_realme-6-run03-20260809T200549_4.json,2026-08-09T08:26:38.432615+00:00,True,0.614
realme-6-run03-20260809T200549,realme,6,5,data/raw/6/capture_6_realme_realme-6-run03-20260809T200549_5.pcap,data/raw/rrc/rrc_6_realme_realme-6-run03-20260809T200549_5.json,2026-08-09T08:27:04.753591+00:00,True,1.029
realme-6-run03-20260809T200549,realme,6,6,data/raw/6/capture_6_realme_realme-6-run03-20260809T200549_6.pcap,data/raw/rrc/rrc_6_realme_realme-6-run03-20260809T200549_6.json,2026-08-09T08:27:31.007899+00:00,True,7.856
realme-6-run03-20260809T200549,realme,6,7,data/raw/6/capture_6_realme_realme-6-run03-20260809T200549_7.pcap,data/raw/rrc/rrc_6_realme_realme-6-run03-20260809T200549_7.json,2026-08-09T08:27:57.062874+00:00,True,0.631
realme-6-run03-20260809T200549,realme,6,8,data/raw/6/capture_6_realme_realme-6-run03-20260809T200549_8.pcap,data/raw/rrc/rrc_6_realme_realme-6-run03-20260809T200549_8.json,2026-08-09T08:28:23.349194+00:00,True,0.592
realme-6-run03-20260809T200549,realme,6,9,data/raw/6/capture_6_realme_realme-6-run03-20260809T200549_9.pcap,data/raw/rrc/rrc_6_realme_realme-6-run03-20260809T200549_9.json,2026-08-09T08:28:49.238704+00:00,True,1.042
realme-6-run03-20260809T200549,realme,6,10,data/raw/6/capture_6_realme_realme-6-run03-20260809T200549_10.pcap,data/raw/rrc/rrc_6_realme_realme-6-run03-20260809T200549_11.json,2026-08-09T08:29:15.791407+00:00,True,0.996
realme-6-run03-20260809T200549,realme,6,11,data/raw/6/capture_6_realme_realme-6-run03-20260809T200549_11.pcap,data/raw/rrc/rrc_6_realme_realme-6-run03-20260809T200549_12.json,2026-08-09T08:29:42.699329+00:00,True,1.011
realme-6-run03-20260809T200549,realme,6,12,data/raw/6/capture_6_realme_realme-6-run03-20260809T200549_12.pcap,data/raw/rrc/rrc_6_realme_realme-6-run03-20260809T200549_13.json,2026-08-09T08:30:08.876882+00:00,True,0.936
realme-6-run03-20260809T200549,realme,6,13,data/raw/6/capture_6_realme_realme-6-run03-20260809T200549_13.pcap,data/raw/rrc/rrc_6_realme_realme-6-run03-20260809T200549_14.json,2026-08-09T08:30:35.571915+00:00,True,1.068
realme-6-run03-20260809T200549,realme,6,14,data/raw/6/capture_6_realme_realme-6-run03-20260809T200549_14.pcap,data/raw/rrc/rrc_6_realme_realme-6-run03-20260809T200549_15.json,2026-08-09T08:31:01.896856+00:00,True,0.971
realme-6-run03-20260809T200549,realme,6,15,data/raw/6/capture_6_realme_realme-6-run03-20260809T200549_15.pcap,data/raw/rrc/rrc_6_realme_realme-6-run03-20260809T200549_16.json,2026-08-09T08:31:28.228176+00:00,True,0.624
realme-6-run03-20260809T200549,realme,6,16,data/raw/6/capture_6_realme_realme-6-run03-20260809T200549_16.pcap,data/raw/rrc/rrc_6_realme_realme-6-run03-20260809T200549_17.json,2026-08-09T08:31:54.434943+00:00,True,0.666
realme-6-run03-20260809T200549,realme,6,17,data/raw/6/capture_6_realme_realme-6-run03-20260809T200549_17.pcap,data/raw/rrc/rrc_6_realme_realme-6-run03-20260809T200549_18.json,2026-08-09T08:32:20.510420+00:00,True,0.643
realme-6-run03-20260809T200549,realme,6,18,data/raw/6/capture_6_realme_realme-6-run03-20260809T200549_18.pcap,data/raw/rrc/rrc_6_realme_realme-6-run03-20260809T200549_19.json,2026-08-09T08:32:47.094102+00:00,True,0.912
realme-6-run03-20260809T200549,realme,6,19,data/raw/6/capture_6_realme_realme-6-run03-20260809T200549_19.pcap,data/raw/rrc/rrc_6_realme_realme-6-run03-20260809T200549_20.json,2026-08-09T08:33:13.127169+00:00,True,1.083
realme-6-run03-20260809T200549,realme,6,20,data/raw/6/capture_6_realme_realme-6-run03-20260809T200549_20.pcap,data/raw/rrc/rrc_6_realme_realme-6-run03-20260809T200549_21.json,2026-08-09T08:33:41.174967+00:00,True,0.869
realme-6-run04-20260809T200549,realme,6,1,data/raw/6/capture_6_realme_realme-6-run04-20260809T200549_1.pcap,data/raw/rrc/rrc_6_realme_realme-6-run04-20260809T200549_1.json,2026-08-09T08:34:07.196146+00:00,True,1.421
realme-6-run04-20260809T200549,realme,6,2,data/raw/6/capture_6_realme_realme-6-run04-20260809T200549_2.pcap,data/raw/rrc/rrc_6_realme_realme-6-run04-20260809T200549_2.json,2026-08-09T08:34:33.661060+00:00,True,1.125
realme-6-run04-20260809T200549,realme,6,3,data/raw/6/capture_6_realme_realme-6-run04-20260809T200549_3.pcap,data/raw/rrc/rrc_6_realme_realme-6-run04-20260809T200549_3.json,2026-08-09T08:34:59.800353+00:00,True,0.604
realme-6-run04-20260809T200549,realme,6,4,data/raw/6/capture_6_realme_realme-6-run04-20260809T200549_4.pcap,data/raw/rrc/rrc_6_realme_realme-6-run04-20260809T200549_4.json,2026-08-09T08:35:27.248457+00:00,True,0.577
realme-6-run04-20260809T200549,realme,6,5,data/raw/6/capture_6_realme_realme-6-run04-20260809T200549_5.pcap,data/raw/rrc/rrc_6_realme_realme-6-run04-20260809T200549_5.json,2026-08-09T08:35:52.837778+00:00,True,0.634
realme-6-run04-20260809T200549,realme,6,6,data/raw/6/capture_6_realme_realme-6-run04-20260809T200549_6.pcap,data/raw/rrc/rrc_6_realme_realme-6-run04-20260809T200549_6.json,2026-08-09T08:36:19.330024+00:00,True,0.639
realme-6-run04-20260809T200549,realme,6,7,data/raw/6/capture_6_realme_realme-6-run04-20260809T200549_7.pcap,data/raw/rrc/rrc_6_realme_realme-6-run04-20260809T200549_7.json,2026-08-09T08:36:46.311907+00:00,True,0.650
realme-6-run04-20260809T200549,realme,6,8,data/raw/6/capture_6_realme_realme-6-run04-20260809T200549_8.pcap,data/raw/rrc/rrc_6_realme_realme-6-run04-20260809T200549_8.json,2026-08-09T08:37:12.018338+00:00,True,1.301
realme-6-run04-20260809T200549,realme,6,9,data/raw/6/capture_6_realme_realme-6-run04-20260809T200549_9.pcap,data/raw/rrc/rrc_6_realme_realme-6-run04-20260809T200549_9.json,2026-08-09T08:37:38.957831+00:00,True,1.065
realme-6-run04-20260809T200549,realme,6,10,data/raw/6/capture_6_realme_realme-6-run04-20260809T200549_10.pcap,data/raw/rrc/rrc_6_realme_realme-6-run04-20260809T200549_11.json,2026-08-09T08:38:06.135303+00:00,True,0.566
realme-6-run04-20260809T200549,realme,6,11,data/raw/6/capture_6_realme_realme-6-run04-20260809T200549_11.pcap,data/raw/rrc/rrc_6_realme_realme-6-run04-20260809T200549_12.json,2026-08-09T08:38:32.902018+00:00,True,0.797
realme-6-run04-20260809T200549,realme,6,12,data/raw/6/capture_6_realme_realme-6-run04-20260809T200549_12.pcap,data/raw/rrc/rrc_6_realme_realme-6-run04-20260809T200549_13.json,2026-08-09T08:38:59.089555+00:00,True,1.816
realme-6-run04-20260809T200549,realme,6,13,data/raw/6/capture_6_realme_realme-6-run04-20260809T200549_13.pcap,data/raw/rrc/rrc_6_realme_realme-6-run04-20260809T200549_14.json,2026-08-09T08:39:24.940339+00:00,True,0.905
realme-6-run04-20260809T200549,realme,6,14,data/raw/6/capture_6_realme_realme-6-run04-20260809T200549_14.pcap,data/raw/rrc/rrc_6_realme_realme-6-run04-20260809T200549_15.json,2026-08-09T08:39:51.348505+00:00,True,1.100
realme-6-run04-20260809T200549,realme,6,15,data/raw/6/capture_6_realme_realme-6-run04-20260809T200549_15.pcap,data/raw/rrc/rrc_6_realme_realme-6-run04-20260809T200549_16.json,2026-08-09T08:40:17.880014+00:00,True,0.636
realme-6-run04-20260809T200549,realme,6,16,data/raw/6/capture_6_realme_realme-6-run04-20260809T200549_16.pcap,data/raw/rrc/rrc_6_realme_realme-6-run04-20260809T200549_17.json,2026-08-09T08:40:43.904737+00:00,True,0.702
realme-6-run04-20260809T200549,realme,6,17,data/raw/6/capture_6_realme_realme-6-run04-20260809T200549_17.pcap,data/raw/rrc/rrc_6_realme_realme-6-run04-20260809T200549_18.json,2026-08-09T08:41:09.555583+00:00,True,1.180
realme-6-run04-20260809T200549,realme,6,18,data/raw/6/capture_6_realme_realme-6-run04-20260809T200549_18.pcap,data/raw/rrc/rrc_6_realme_realme-6-run04-20260809T200549_19.json,2026-08-09T08:41:36.022419+00:00,True,1.068
realme-6-run04-20260809T200549,realme,6,19,data/raw/6/capture_6_realme_realme-6-run04-20260809T200549_19.pcap,data/raw/rrc/rrc_6_realme_realme-6-run04-20260809T200549_20.json,2026-08-09T08:42:04.188771+00:00,True,1.102
realme-6-run04-20260809T200549,realme,6,20,data/raw/6/capture_6_realme_realme-6-run04-20260809T200549_20.pcap,data/raw/rrc/rrc_6_realme_realme-6-run04-20260809T200549_21.json,2026-08-09T08:42:29.872611+00:00,True,1.090
realme-6-run05-20260809T200549,realme,6,1,data/raw/6/capture_6_realme_realme-6-run05-20260809T200549_1.pcap,data/raw/rrc/rrc_6_realme_realme-6-run05-20260809T200549_3.json,2026-08-09T08:42:56.457588+00:00,True,0.648
realme-6-run05-20260809T200549,realme,6,2,data/raw/6/capture_6_realme_realme-6-run05-20260809T200549_2.pcap,data/raw/rrc/rrc_6_realme_realme-6-run05-20260809T200549_5.json,2026-08-09T08:43:23.012761+00:00,True,1.342
realme-6-run05-20260809T200549,realme,6,3,data/raw/6/capture_6_realme_realme-6-run05-20260809T200549_3.pcap,data/raw/rrc/rrc_6_realme_realme-6-run05-20260809T200549_8.json,2026-08-09T08:43:50.343460+00:00,True,1.019
realme-6-run05-20260809T200549,realme,6,4,data/raw/6/capture_6_realme_realme-6-run05-20260809T200549_4.pcap,data/raw/rrc/rrc_6_realme_realme-6-run05-20260809T200549_10.json,2026-08-09T08:44:17.367764+00:00,True,1.242
realme-6-run05-20260809T200549,realme,6,5,data/raw/6/capture_6_realme_realme-6-run05-20260809T200549_5.pcap,data/raw/rrc/rrc_6_realme_realme-6-run05-20260809T200549_13.json,2026-08-09T08:44:44.514541+00:00,True,0.972
realme-6-run05-20260809T200549,realme,6,6,data/raw/6/capture_6_realme_realme-6-run05-20260809T200549_6.pcap,data/raw/rrc/rrc_6_realme_realme-6-run05-20260809T200549_15.json,2026-08-09T08:45:11.381455+00:00,True,1.005
realme-6-run05-20260809T200549,realme,6,7,data/raw/6/capture_6_realme_realme-6-run05-20260809T200549_7.pcap,data/raw/rrc/rrc_6_realme_realme-6-run05-20260809T200549_17.json,2026-08-09T08:45:38.097684+00:00,True,0.833
realme-6-run05-20260809T200549,realme,6,8,data/raw/6/capture_6_realme_realme-6-run05-20260809T200549_8.pcap,data/raw/rrc/rrc_6_realme_realme-6-run05-20260809T200549_18.json,2026-08-09T08:46:04.810513+00:00,True,0.781
realme-6-run05-20260809T200549,realme,6,9,data/raw/6/capture_6_realme_realme-6-run05-20260809T200549_9.pcap,data/raw/rrc/rrc_6_realme_realme-6-run05-20260809T200549_19.json,2026-08-09T08:46:31.331230+00:00,True,0.586
realme-6-run05-20260809T200549,realme,6,10,data/raw/6/capture_6_realme_realme-6-run05-20260809T200549_10.pcap,data/raw/rrc/rrc_6_realme_realme-6-run05-20260809T200549_20.json,2026-08-09T08:46:58.290840+00:00,True,0.603
realme-6-run05-20260809T200549,realme,6,11,data/raw/6/capture_6_realme_realme-6-run05-20260809T200549_11.pcap,data/raw/rrc/rrc_6_realme_realme-6-run05-20260809T200549_21.json,2026-08-09T08:47:25.118507+00:00,True,1.027
realme-6-run05-20260809T200549,realme,6,12,data/raw/6/capture_6_realme_realme-6-run05-20260809T200549_12.pcap,data/raw/rrc/rrc_6_realme_realme-6-run05-20260809T200549_22.json,2026-08-09T08:47:52.105623+00:00,True,1.044
realme-6-run05-20260809T200549,realme,6,13,data/raw/6/capture_6_realme_realme-6-run05-20260809T200549_13.pcap,data/raw/rrc/rrc_6_realme_realme-6-run05-20260809T200549_23.json,2026-08-09T08:48:19.350019+00:00,True,0.303
realme-6-run05-20260809T200549,realme,6,14,data/raw/6/capture_6_realme_realme-6-run05-20260809T200549_14.pcap,data/raw/rrc/rrc_6_realme_realme-6-run05-20260809T200549_24.json,2026-08-09T08:48:46.375144+00:00,True,0.690
realme-6-run05-20260809T200549,realme,6,15,data/raw/6/capture_6_realme_realme-6-run05-20260809T200549_15.pcap,data/raw/rrc/rrc_6_realme_realme-6-run05-20260809T200549_25.json,2026-08-09T08:49:12.469305+00:00,True,0.624
realme-6-run05-20260809T200549,realme,6,16,data/raw/6/capture_6_realme_realme-6-run05-20260809T200549_16.pcap,data/raw/rrc/rrc_6_realme_realme-6-run05-20260809T200549_26.json,2026-08-09T08:49:39.634535+00:00,True,0.616
realme-6-run05-20260809T200549,realme,6,17,data/raw/6/capture_6_realme_realme-6-run05-20260809T200549_17.pcap,data/raw/rrc/rrc_6_realme_realme-6-run05-20260809T200549_27.json,2026-08-09T08:50:07.875730+00:00,True,0.573
realme-6-run05-20260809T200549,realme,6,18,data/raw/6/capture_6_realme_realme-6-run05-20260809T200549_18.pcap,data/raw/rrc/rrc_6_realme_realme-6-run05-20260809T200549_28.json,2026-08-09T08:50:34.758415+00:00,True,0.632
realme-6-run05-20260809T200549,realme,6,19,data/raw/6/capture_6_realme_realme-6-run05-20260809T200549_19.pcap,data/raw/rrc/rrc_6_realme_realme-6-run05-20260809T200549_29.json,2026-08-09T08:51:01.558914+00:00,True,0.663
realme-6-run05-20260809T200549,realme,6,20,data/raw/6/capture_6_realme_realme-6-run05-20260809T200549_20.pcap,data/raw/rrc/rrc_6_realme_realme-6-run05-20260809T200549_30.json,2026-08-09T08:51:28.748809+00:00,True,0.619
realme-6-run01-20260809T205218,realme,6,1,data/raw/6/capture_6_realme_realme-6-run01-20260809T205218_1.pcap,data/raw/rrc/rrc_6_realme_realme-6-run01-20260809T205218_1.json,2026-08-09T08:53:10.259174+00:00,True,1.033
realme-6-run01-20260809T205218,realme,6,2,data/raw/6/capture_6_realme_realme-6-run01-20260809T205218_2.pcap,data/raw/rrc/rrc_6_realme_realme-6-run01-20260809T205218_2.json,2026-08-09T08:53:37.635589+00:00,True,0.587
realme-6-run01-20260809T205218,realme,6,3,data/raw/6/capture_6_realme_realme-6-run01-20260809T205218_3.pcap,data/raw/rrc/rrc_6_realme_realme-6-run01-20260809T205218_3.json,2026-08-09T08:54:04.299333+00:00,True,0.602
realme-6-run01-20260809T205218,realme,6,4,data/raw/6/capture_6_realme_realme-6-run01-20260809T205218_4.pcap,data/raw/rrc/rrc_6_realme_realme-6-run01-20260809T205218_4.json,2026-08-09T08:54:30.750818+00:00,True,0.637
a56-0-run01-20260809T215627,a56,0,1,data/raw/0/capture_0_a56_a56-0-run01-20260809T215627_1.pcap,data/raw/rrc/rrc_0_a56_a56-0-run01-20260809T215627_1.json,2026-08-09T09:57:23.228172+00:00,True,0.289
a56-0-run01-20260809T220126,a56,0,1,data/raw/0/capture_0_a56_a56-0-run01-20260809T220126_1.pcap,data/raw/rrc/rrc_0_a56_a56-0-run01-20260809T220126_1.json,2026-08-09T10:02:21.414328+00:00,True,0.249
a56-0-run01-20260809T220126,a56,0,2,data/raw/0/capture_0_a56_a56-0-run01-20260809T220126_2.pcap,,2026-08-09T10:03:12.951333+00:00,False,0.216
a56-0-run01-20260809T220126,a56,0,3,data/raw/0/capture_0_a56_a56-0-run01-20260809T220126_3.pcap,,2026-08-09T10:04:03.851934+00:00,False,0.809
a56-0-run01-20260809T220126,a56,0,4,data/raw/0/capture_0_a56_a56-0-run01-20260809T220126_4.pcap,data/raw/rrc/rrc_0_a56_a56-0-run01-20260809T220126_2.json,2026-08-09T10:04:30.936026+00:00,True,0.930
a56-0-run01-20260809T220126,a56,0,5,data/raw/0/capture_0_a56_a56-0-run01-20260809T220126_5.pcap,,2026-08-09T10:05:22.101704+00:00,False,0.423
a56-0-run01-20260809T220126,a56,0,6,data/raw/0/capture_0_a56_a56-0-run01-20260809T220126_6.pcap,,2026-08-09T10:06:13.094066+00:00,False,0.366
a56-0-run01-20260809T220126,a56,0,7,data/raw/0/capture_0_a56_a56-0-run01-20260809T220126_7.pcap,,2026-08-09T10:07:04.228533+00:00,False,0.401
a56-0-run01-20260809T220955,a56,0,1,data/raw/0/capture_0_a56_a56-0-run01-20260809T220955_1.pcap,data/raw/rrc/rrc_0_a56_a56-0-run01-20260809T220955_1.json,2026-08-09T10:10:50.676886+00:00,True,1.331
a56-0-run01-20260809T220955,a56,0,2,data/raw/0/capture_0_a56_a56-0-run01-20260809T220955_2.pcap,,2026-08-09T10:12:02.010200+00:00,False,0.235
a56-0-run01-20260809T220955,a56,0,3,data/raw/0/capture_0_a56_a56-0-run01-20260809T220955_3.pcap,data/raw/rrc/rrc_0_a56_a56-0-run01-20260809T220955_2.json,2026-08-09T10:13:12.311152+00:00,False,0.382
a56-0-run01-20260809T220955,a56,0,4,data/raw/0/capture_0_a56_a56-0-run01-20260809T220955_4.pcap,data/raw/rrc/rrc_0_a56_a56-0-run01-20260809T220955_3.json,2026-08-09T10:13:40.487340+00:00,True,0.462
a56-0-run01-20260809T221456,a56,0,1,data/raw/0/capture_0_a56_a56-0-run01-20260809T221456_1.pcap,data/raw/rrc/rrc_0_a56_a56-0-run01-20260809T221456_1.json,2026-08-09T10:16:40.725465+00:00,False,0.229
a56-0-run01-20260809T221456,a56,0,2,data/raw/0/capture_0_a56_a56-0-run01-20260809T221456_2.pcap,data/raw/rrc/rrc_0_a56_a56-0-run01-20260809T221456_2.json,2026-08-09T10:17:08.305809+00:00,True,0.220
a56-0-run01-20260809T221456,a56,0,3,data/raw/0/capture_0_a56_a56-0-run01-20260809T221456_3.pcap,,2026-08-09T10:18:34.258231+00:00,False,0.395
a56-0-run01-20260809T221456,a56,0,4,data/raw/0/capture_0_a56_a56-0-run01-20260809T221456_4.pcap,,2026-08-09T10:20:00.834640+00:00,False,0.248
a56-0-run01-20260809T222531,a56,0,1,data/raw/0/capture_0_a56_a56-0-run01-20260809T222531_1.pcap,data/raw/rrc/rrc_0_a56_a56-0-run01-20260809T222531_1.json,2026-08-09T10:25:58.927647+00:00,True,0.554
a56-0-run01-20260809T222531,a56,0,2,data/raw/0/capture_0_a56_a56-0-run01-20260809T222531_2.pcap,data/raw/rrc/rrc_0_a56_a56-0-run01-20260809T222531_5.json,2026-08-09T10:26:34.366741+00:00,False,1.074
a56-0-run01-20260809T222531,a56,0,3,data/raw/0/capture_0_a56_a56-0-run01-20260809T222531_3.pcap,data/raw/rrc/rrc_0_a56_a56-0-run01-20260809T222531_7.json,2026-08-09T10:27:09.959289+00:00,False,0.208
a56-0-run01-20260809T222531,a56,0,4,data/raw/0/capture_0_a56_a56-0-run01-20260809T222531_4.pcap,,2026-08-09T10:27:45.506054+00:00,False,0.219
a56-0-run01-20260809T222531,a56,0,5,data/raw/0/capture_0_a56_a56-0-run01-20260809T222531_5.pcap,,2026-08-09T10:28:21.047602+00:00,False,0.256
a56-0-run01-20260809T222531,a56,0,6,data/raw/0/capture_0_a56_a56-0-run01-20260809T222531_6.pcap,,2026-08-09T10:28:56.576720+00:00,False,0.219
a56-0-run01-20260809T222531,a56,0,7,data/raw/0/capture_0_a56_a56-0-run01-20260809T222531_7.pcap,,2026-08-09T10:29:32.149279+00:00,False,0.232
a56-0-run01-20260809T222531,a56,0,8,data/raw/0/capture_0_a56_a56-0-run01-20260809T222531_8.pcap,,2026-08-09T10:30:07.702298+00:00,False,0.244
a56-0-run01-20260809T222531,a56,0,9,data/raw/0/capture_0_a56_a56-0-run01-20260809T222531_9.pcap,,2026-08-09T10:30:43.285692+00:00,False,0.258
a56-0-run01-20260809T222531,a56,0,10,data/raw/0/capture_0_a56_a56-0-run01-20260809T222531_10.pcap,,2026-08-09T10:31:18.887594+00:00,False,0.244
a56-0-run01-20260809T222531,a56,0,11,data/raw/0/capture_0_a56_a56-0-run01-20260809T222531_11.pcap,,2026-08-09T10:31:54.462621+00:00,False,0.947
a56-0-run01-20260809T222531,a56,0,12,data/raw/0/capture_0_a56_a56-0-run01-20260809T222531_12.pcap,data/raw/rrc/rrc_0_a56_a56-0-run01-20260809T222531_8.json,2026-08-09T10:32:01.600050+00:00,True,0.438
a56-0-run01-20260809T222531,a56,0,13,data/raw/0/capture_0_a56_a56-0-run01-20260809T222531_13.pcap,,2026-08-09T10:32:37.318225+00:00,False,0.230
a56-0-run01-20260809T223557,a56,0,1,data/raw/0/capture_0_a56_a56-0-run01-20260809T223557_1.pcap,,2026-08-09T10:37:10.549830+00:00,False,0.444
a56-0-run01-20260809T223557,a56,0,2,data/raw/0/capture_0_a56_a56-0-run01-20260809T223557_2.pcap,data/raw/rrc/rrc_0_a56_a56-0-run01-20260809T223557_1.json,2026-08-09T10:37:25.680010+00:00,True,0.379
a56-0-run01-20260809T223557,a56,0,3,data/raw/0/capture_0_a56_a56-0-run01-20260809T223557_3.pcap,data/raw/rrc/rrc_0_a56_a56-0-run01-20260809T223557_2.json,2026-08-09T10:38:21.517829+00:00,False,0.427
a56-0-run01-20260809T223557,a56,0,4,data/raw/0/capture_0_a56_a56-0-run01-20260809T223557_4.pcap,,2026-08-09T10:39:17.166955+00:00,False,0.385
a56-0-run01-20260809T223557,a56,0,5,data/raw/0/capture_0_a56_a56-0-run01-20260809T223557_5.pcap,,2026-08-09T10:40:12.818896+00:00,False,0.207
a56-0-run01-20260809T223557,a56,0,6,data/raw/0/capture_0_a56_a56-0-run01-20260809T223557_6.pcap,data/raw/rrc/rrc_0_a56_a56-0-run01-20260809T223557_3.json,2026-08-09T10:40:24.909834+00:00,True,0.285
a56-0-run01-20260809T223557,a56,0,7,data/raw/0/capture_0_a56_a56-0-run01-20260809T223557_7.pcap,,2026-08-09T10:41:20.691829+00:00,False,0.410
a56-0-run01-20260809T223557,a56,0,8,data/raw/0/capture_0_a56_a56-0-run01-20260809T223557_8.pcap,,2026-08-09T10:42:16.368433+00:00,False,0.205
a56-0-run01-20260809T224553,a56,0,1,data/raw/0/capture_0_a56_a56-0-run01-20260809T224553_1.pcap,data/raw/rrc/rrc_0_a56_a56-0-run01-20260809T224553_1.json,2026-08-09T10:46:26.192327+00:00,True,0.293
a56-0-run01-20260809T224553,a56,0,2,data/raw/0/capture_0_a56_a56-0-run01-20260809T224553_2.pcap,,2026-08-09T10:47:07.041654+00:00,False,0.230
a56-0-run01-20260809T224553,a56,0,3,data/raw/0/capture_0_a56_a56-0-run01-20260809T224553_3.pcap,,2026-08-09T10:47:47.792277+00:00,False,0.275
a56-0-run01-20260809T224553,a56,0,4,data/raw/0/capture_0_a56_a56-0-run01-20260809T224553_4.pcap,data/raw/rrc/rrc_0_a56_a56-0-run01-20260809T224553_2.json,2026-08-09T10:48:00.581379+00:00,True,1.798
a56-0-run01-20260809T224553,a56,0,5,data/raw/0/capture_0_a56_a56-0-run01-20260809T224553_5.pcap,,2026-08-09T10:48:41.403655+00:00,False,0.220
a56-0-run01-20260809T225153,a56,0,1,data/raw/0/capture_0_a56_a56-0-run01-20260809T225153_1.pcap,data/raw/rrc/rrc_0_a56_a56-0-run01-20260809T225153_1.json,2026-08-09T10:52:30.167890+00:00,True,0.513
a56-0-run01-20260809T225153,a56,0,2,data/raw/0/capture_0_a56_a56-0-run01-20260809T225153_2.pcap,,2026-08-09T10:53:16.093643+00:00,False,1.107
a56-0-run01-20260809T225153,a56,0,3,data/raw/0/capture_0_a56_a56-0-run01-20260809T225153_3.pcap,,2026-08-09T10:54:01.882615+00:00,False,0.242
a56-0-run01-20260809T225153,a56,0,4,data/raw/0/capture_0_a56_a56-0-run01-20260809T225153_4.pcap,data/raw/rrc/rrc_0_a56_a56-0-run01-20260809T225153_2.json,2026-08-09T10:54:19.433762+00:00,True,0.597
a56-0-run01-20260809T225153,a56,0,5,data/raw/0/capture_0_a56_a56-0-run01-20260809T225153_5.pcap,,2026-08-09T10:55:05.263841+00:00,False,0.377
a56-0-run01-20260809T225153,a56,0,6,data/raw/0/capture_0_a56_a56-0-run01-20260809T225153_6.pcap,,2026-08-09T10:55:51.004529+00:00,False,0.243
a56-0-run01-20260809T225153,a56,0,7,data/raw/0/capture_0_a56_a56-0-run01-20260809T225153_7.pcap,,2026-08-09T10:56:36.817446+00:00,False,0.391
a56-0-run01-20260809T225153,a56,0,8,data/raw/0/capture_0_a56_a56-0-run01-20260809T225153_8.pcap,,2026-08-09T10:57:22.557047+00:00,False,0.472
a56-0-run01-20260809T225153,a56,0,9,data/raw/0/capture_0_a56_a56-0-run01-20260809T225153_9.pcap,,2026-08-09T10:58:08.338180+00:00,False,0.384
a56-0-run01-20260809T225153,a56,0,10,data/raw/0/capture_0_a56_a56-0-run01-20260809T225153_10.pcap,,2026-08-09T10:58:54.107803+00:00,False,0.249
a56-0-run01-20260809T225153,a56,0,11,data/raw/0/capture_0_a56_a56-0-run01-20260809T225153_11.pcap,,2026-08-09T10:59:39.937318+00:00,False,0.345
a56-0-run01-20260809T225153,a56,0,12,data/raw/0/capture_0_a56_a56-0-run01-20260809T225153_12.pcap,,2026-08-09T11:00:25.756330+00:00,False,0.975
a56-0-run01-20260809T225153,a56,0,13,data/raw/0/capture_0_a56_a56-0-run01-20260809T225153_13.pcap,,2026-08-09T11:01:11.527120+00:00,False,0.243
a56-0-run01-20260809T225153,a56,0,14,data/raw/0/capture_0_a56_a56-0-run01-20260809T225153_14.pcap,,2026-08-09T11:01:57.404544+00:00,False,0.220
a56-0-run01-20260809T225153,a56,0,15,data/raw/0/capture_0_a56_a56-0-run01-20260809T225153_15.pcap,data/raw/rrc/rrc_0_a56_a56-0-run01-20260809T225153_3.json,2026-08-09T11:02:14.986697+00:00,True,0.669
a56-0-run01-20260809T225153,a56,0,16,data/raw/0/capture_0_a56_a56-0-run01-20260809T225153_16.pcap,,2026-08-09T11:03:00.950309+00:00,False,0.214
a56-0-run01-20260809T225153,a56,0,17,data/raw/0/capture_0_a56_a56-0-run01-20260809T225153_17.pcap,,2026-08-09T11:03:46.790015+00:00,False,0.258
a56-0-run01-20260809T225153,a56,0,18,data/raw/0/capture_0_a56_a56-0-run01-20260809T225153_18.pcap,,2026-08-09T11:04:32.568038+00:00,False,0.220
a56-0-run01-20260809T225153,a56,0,19,data/raw/0/capture_0_a56_a56-0-run01-20260809T225153_19.pcap,,2026-08-09T11:05:18.404014+00:00,False,0.451
a56-0-run01-20260809T225153,a56,0,20,data/raw/0/capture_0_a56_a56-0-run01-20260809T225153_20.pcap,,2026-08-09T11:06:04.250172+00:00,False,0.399
a56-0-run01-20260809T225153,a56,0,21,data/raw/0/capture_0_a56_a56-0-run01-20260809T225153_21.pcap,,2026-08-09T11:06:50.130858+00:00,False,0.218
a56-0-run01-20260809T225153,a56,0,22,data/raw/0/capture_0_a56_a56-0-run01-20260809T225153_22.pcap,,2026-08-09T11:07:35.971247+00:00,False,0.388
a56-0-run01-20260809T225153,a56,0,23,data/raw/0/capture_0_a56_a56-0-run01-20260809T225153_23.pcap,,2026-08-09T11:08:21.854513+00:00,False,0.738
a56-0-run01-20260809T225153,a56,0,24,data/raw/0/capture_0_a56_a56-0-run01-20260809T225153_24.pcap,,2026-08-09T11:09:07.723989+00:00,False,0.395
a56-0-run01-20260809T225153,a56,0,25,data/raw/0/capture_0_a56_a56-0-run01-20260809T225153_25.pcap,data/raw/rrc/rrc_0_a56_a56-0-run01-20260809T225153_4.json,2026-08-09T11:09:53.650531+00:00,False,0.677
a56-0-run01-20260809T225153,a56,0,26,data/raw/0/capture_0_a56_a56-0-run01-20260809T225153_26.pcap,data/raw/rrc/rrc_0_a56_a56-0-run01-20260809T225153_5.json,2026-08-09T11:10:11.306535+00:00,True,0.801
a56-0-run01-20260809T225153,a56,0,27,data/raw/0/capture_0_a56_a56-0-run01-20260809T225153_27.pcap,,2026-08-09T11:10:57.339783+00:00,False,0.247
a56-0-run01-20260809T225153,a56,0,28,data/raw/0/capture_0_a56_a56-0-run01-20260809T225153_28.pcap,,2026-08-09T11:11:43.276941+00:00,False,0.211
a56-0-run01-20260809T225153,a56,0,29,data/raw/0/capture_0_a56_a56-0-run01-20260809T225153_29.pcap,data/raw/rrc/rrc_0_a56_a56-0-run01-20260809T225153_6.json,2026-08-09T11:12:29.211279+00:00,False,0.664
a56-0-run01-20260809T225153,a56,0,30,data/raw/0/capture_0_a56_a56-0-run01-20260809T225153_30.pcap,,2026-08-09T11:13:15.155000+00:00,False,0.310
a56-0-run01-20260809T225153,a56,0,31,data/raw/0/capture_0_a56_a56-0-run01-20260809T225153_31.pcap,,2026-08-09T11:14:01.130107+00:00,False,0.238
a56-0-run01-20260809T225153,a56,0,32,data/raw/0/capture_0_a56_a56-0-run01-20260809T225153_32.pcap,,2026-08-09T11:14:47.040167+00:00,False,0.219
a56-0-run01-20260809T225153,a56,0,33,data/raw/0/capture_0_a56_a56-0-run01-20260809T225153_33.pcap,,2026-08-09T11:15:32.972486+00:00,False,0.249
a56-0-run01-20260809T225153,a56,0,34,data/raw/0/capture_0_a56_a56-0-run01-20260809T225153_34.pcap,,2026-08-09T11:16:18.939098+00:00,False,1.674
a56-0-run01-20260809T225153,a56,0,35,data/raw/0/capture_0_a56_a56-0-run01-20260809T225153_35.pcap,,2026-08-09T11:17:04.868405+00:00,False,0.230
a56-0-run01-20260809T225153,a56,0,36,data/raw/0/capture_0_a56_a56-0-run01-20260809T225153_36.pcap,,2026-08-09T11:17:50.789267+00:00,False,0.263
a56-0-run01-20260809T225153,a56,0,37,data/raw/0/capture_0_a56_a56-0-run01-20260809T225153_37.pcap,data/raw/rrc/rrc_0_a56_a56-0-run01-20260809T225153_7.json,2026-08-09T11:18:08.566782+00:00,True,0.909
a56-0-run01-20260809T225153,a56,0,38,data/raw/0/capture_0_a56_a56-0-run01-20260809T225153_38.pcap,,2026-08-09T11:18:54.631870+00:00,False,0.352
a56-0-run01-20260809T225153,a56,0,39,data/raw/0/capture_0_a56_a56-0-run01-20260809T225153_39.pcap,,2026-08-09T11:19:40.612663+00:00,False,0.249
a56-0-run01-20260809T225153,a56,0,40,data/raw/0/capture_0_a56_a56-0-run01-20260809T225153_40.pcap,,2026-08-09T11:20:26.626644+00:00,False,0.231
a56-0-run01-20260809T225153,a56,0,41,data/raw/0/capture_0_a56_a56-0-run01-20260809T225153_41.pcap,,2026-08-09T11:21:12.562604+00:00,False,0.222
a56-0-run01-20260809T225153,a56,0,42,data/raw/0/capture_0_a56_a56-0-run01-20260809T225153_42.pcap,,2026-08-09T11:21:58.526909+00:00,False,0.239
a56-0-run01-20260809T225153,a56,0,43,data/raw/0/capture_0_a56_a56-0-run01-20260809T225153_43.pcap,,2026-08-09T11:22:44.571836+00:00,False,0.257
a56-0-run01-20260809T225153,a56,0,44,data/raw/0/capture_0_a56_a56-0-run01-20260809T225153_44.pcap,,2026-08-09T11:23:30.612375+00:00,False,0.242
a56-0-run01-20260809T225153,a56,0,45,data/raw/0/capture_0_a56_a56-0-run01-20260809T225153_45.pcap,,2026-08-09T11:24:16.553485+00:00,False,1.025
a56-0-run01-20260809T225153,a56,0,46,data/raw/0/capture_0_a56_a56-0-run01-20260809T225153_46.pcap,,2026-08-09T11:25:02.515891+00:00,False,0.267
a56-0-run01-20260809T225153,a56,0,47,data/raw/0/capture_0_a56_a56-0-run01-20260809T225153_47.pcap,,2026-08-09T11:25:48.490404+00:00,False,0.239
a56-0-run01-20260809T225153,a56,0,48,data/raw/0/capture_0_a56_a56-0-run01-20260809T225153_48.pcap,data/raw/rrc/rrc_0_a56_a56-0-run01-20260809T225153_8.json,2026-08-09T11:26:06.275398+00:00,True,1.061
a56-0-run01-20260809T225153,a56,0,49,data/raw/0/capture_0_a56_a56-0-run01-20260809T225153_49.pcap,,2026-08-09T11:26:52.470051+00:00,False,0.240
a56-0-run01-20260809T225153,a56,0,50,data/raw/0/capture_0_a56_a56-0-run01-20260809T225153_50.pcap,,2026-08-09T11:27:38.487124+00:00,False,0.405
a56-0-run01-20260809T225153,a56,0,51,data/raw/0/capture_0_a56_a56-0-run01-20260809T225153_51.pcap,,2026-08-09T11:28:24.511594+00:00,False,0.227
a56-0-run01-20260810T080333,a56,0,1,data/raw/0/capture_0_a56_a56-0-run01-20260810T080333_1.pcap,data/raw/rrc/rrc_0_a56_a56-0-run01-20260810T080333_2.json,2026-08-09T20:03:55.622748+00:00,True,0.468
a56-0-run01-20260810T080333,a56,0,2,data/raw/0/capture_0_a56_a56-0-run01-20260810T080333_2.pcap,,2026-08-09T20:04:41.537306+00:00,False,0.220
a56-0-run01-20260810T080333,a56,0,3,data/raw/0/capture_0_a56_a56-0-run01-20260810T080333_3.pcap,,2026-08-09T20:05:27.133617+00:00,False,0.214
a56-0-run01-20260810T080333,a56,0,4,data/raw/0/capture_0_a56_a56-0-run01-20260810T080333_4.pcap,,2026-08-09T20:06:12.712452+00:00,False,0.230
a56-0-run01-20260810T080333,a56,0,5,data/raw/0/capture_0_a56_a56-0-run01-20260810T080333_5.pcap,,2026-08-09T20:06:58.302337+00:00,False,0.257
a56-0-run01-20260810T080333,a56,0,6,data/raw/0/capture_0_a56_a56-0-run01-20260810T080333_6.pcap,,2026-08-09T20:07:43.875944+00:00,False,0.226
a56-0-run01-20260810T080333,a56,0,7,data/raw/0/capture_0_a56_a56-0-run01-20260810T080333_7.pcap,,2026-08-09T20:08:29.476946+00:00,False,0.381
a56-0-run01-20260810T080333,a56,0,8,data/raw/0/capture_0_a56_a56-0-run01-20260810T080333_8.pcap,,2026-08-09T20:09:15.123945+00:00,False,0.396
a56-0-run01-20260810T080333,a56,0,9,data/raw/0/capture_0_a56_a56-0-run01-20260810T080333_9.pcap,,2026-08-09T20:10:00.732857+00:00,False,0.914
a56-0-run01-20260810T080333,a56,0,10,data/raw/0/capture_0_a56_a56-0-run01-20260810T080333_10.pcap,data/raw/rrc/rrc_0_a56_a56-0-run01-20260810T080333_3.json,2026-08-09T20:10:18.136062+00:00,True,0.279
a56-0-run01-20260810T080333,a56,0,11,data/raw/0/capture_0_a56_a56-0-run01-20260810T080333_11.pcap,,2026-08-09T20:11:03.865994+00:00,False,0.249
a56-0-run01-20260810T080333,a56,0,12,data/raw/0/capture_0_a56_a56-0-run01-20260810T080333_12.pcap,,2026-08-09T20:11:49.459231+00:00,False,0.373
a56-0-run01-20260810T080333,a56,0,13,data/raw/0/capture_0_a56_a56-0-run01-20260810T080333_13.pcap,,2026-08-09T20:12:35.062798+00:00,False,0.237
a56-0-run01-20260810T080333,a56,0,14,data/raw/0/capture_0_a56_a56-0-run01-20260810T080333_14.pcap,,2026-08-09T20:13:20.677059+00:00,False,0.213
a56-0-run01-20260810T080333,a56,0,15,data/raw/0/capture_0_a56_a56-0-run01-20260810T080333_15.pcap,,2026-08-09T20:14:06.280876+00:00,False,0.218
a56-0-run01-20260810T080333,a56,0,16,data/raw/0/capture_0_a56_a56-0-run01-20260810T080333_16.pcap,,2026-08-09T20:14:51.914998+00:00,False,0.224
a56-0-run01-20260810T080333,a56,0,17,data/raw/0/capture_0_a56_a56-0-run01-20260810T080333_17.pcap,,2026-08-09T20:15:37.578123+00:00,False,0.606
a56-0-run01-20260810T080333,a56,0,18,data/raw/0/capture_0_a56_a56-0-run01-20260810T080333_18.pcap,,2026-08-09T20:16:23.247599+00:00,False,0.911
a56-0-run01-20260810T080333,a56,0,19,data/raw/0/capture_0_a56_a56-0-run01-20260810T080333_19.pcap,,2026-08-09T20:17:08.910558+00:00,False,0.227
a56-0-run01-20260810T080333,a56,0,20,data/raw/0/capture_0_a56_a56-0-run01-20260810T080333_20.pcap,,2026-08-09T20:17:54.521226+00:00,False,0.228
a56-0-run01-20260810T080333,a56,0,21,data/raw/0/capture_0_a56_a56-0-run01-20260810T080333_21.pcap,data/raw/rrc/rrc_0_a56_a56-0-run01-20260810T080333_4.json,2026-08-09T20:18:11.979586+00:00,True,0.666
a56-0-run01-20260810T080333,a56,0,22,data/raw/0/capture_0_a56_a56-0-run01-20260810T080333_22.pcap,,2026-08-09T20:18:57.773469+00:00,False,0.227
a56-0-run01-20260810T080333,a56,0,23,data/raw/0/capture_0_a56_a56-0-run01-20260810T080333_23.pcap,,2026-08-09T20:19:43.499060+00:00,False,0.197
a56-0-run01-20260810T080333,a56,0,24,data/raw/0/capture_0_a56_a56-0-run01-20260810T080333_24.pcap,,2026-08-09T20:20:29.194920+00:00,False,0.371
a56-0-run01-20260810T080333,a56,0,25,data/raw/0/capture_0_a56_a56-0-run01-20260810T080333_25.pcap,,2026-08-09T20:21:14.892604+00:00,False,0.315
a56-0-run01-20260810T080333,a56,0,26,data/raw/0/capture_0_a56_a56-0-run01-20260810T080333_26.pcap,,2026-08-09T20:22:00.599216+00:00,False,0.249
a56-0-run01-20260810T080333,a56,0,27,data/raw/0/capture_0_a56_a56-0-run01-20260810T080333_27.pcap,,2026-08-09T20:22:46.288770+00:00,False,0.243
a56-0-run01-20260810T080333,a56,0,28,data/raw/0/capture_0_a56_a56-0-run01-20260810T080333_28.pcap,,2026-08-09T20:23:31.985484+00:00,False,0.221
a56-0-run01-20260810T080333,a56,0,29,data/raw/0/capture_0_a56_a56-0-run01-20260810T080333_29.pcap,,2026-08-09T20:24:17.685446+00:00,False,1.021
a56-0-run01-20260810T080333,a56,0,30,data/raw/0/capture_0_a56_a56-0-run01-20260810T080333_30.pcap,,2026-08-09T20:25:03.377302+00:00,False,0.222
a56-0-run01-20260810T080333,a56,0,31,data/raw/0/capture_0_a56_a56-0-run01-20260810T080333_31.pcap,,2026-08-09T20:25:49.127044+00:00,False,0.217
a56-0-run01-20260810T080333,a56,0,32,data/raw/0/capture_0_a56_a56-0-run01-20260810T080333_32.pcap,data/raw/rrc/rrc_0_a56_a56-0-run01-20260810T080333_5.json,2026-08-09T20:26:06.591234+00:00,True,1.072
a56-0-run01-20260810T080333,a56,0,33,data/raw/0/capture_0_a56_a56-0-run01-20260810T080333_33.pcap,,2026-08-09T20:26:52.464914+00:00,False,0.224
a56-0-run01-20260810T080333,a56,0,34,data/raw/0/capture_0_a56_a56-0-run01-20260810T080333_34.pcap,,2026-08-09T20:27:38.164472+00:00,False,0.231
a56-0-run01-20260810T080333,a56,0,35,data/raw/0/capture_0_a56_a56-0-run01-20260810T080333_35.pcap,,2026-08-09T20:28:23.836979+00:00,False,0.297
a56-0-run01-20260810T080333,a56,0,36,data/raw/0/capture_0_a56_a56-0-run01-20260810T080333_36.pcap,,2026-08-09T20:29:09.618115+00:00,False,0.211
a56-0-run01-20260810T080333,a56,0,37,data/raw/0/capture_0_a56_a56-0-run01-20260810T080333_37.pcap,,2026-08-09T20:29:55.370819+00:00,False,0.204
a56-0-run01-20260810T080333,a56,0,38,data/raw/0/capture_0_a56_a56-0-run01-20260810T080333_38.pcap,,2026-08-09T20:30:41.168539+00:00,False,0.233
a56-0-run01-20260810T080333,a56,0,39,data/raw/0/capture_0_a56_a56-0-run01-20260810T080333_39.pcap,,2026-08-09T20:31:26.936116+00:00,False,0.219
a56-0-run01-20260810T080333,a56,0,40,data/raw/0/capture_0_a56_a56-0-run01-20260810T080333_40.pcap,,2026-08-09T20:32:12.729942+00:00,False,1.107
a56-0-run01-20260810T080333,a56,0,41,data/raw/0/capture_0_a56_a56-0-run01-20260810T080333_41.pcap,,2026-08-09T20:32:58.503093+00:00,False,0.217
a56-0-run01-20260810T080333,a56,0,42,data/raw/0/capture_0_a56_a56-0-run01-20260810T080333_42.pcap,,2026-08-09T20:33:44.310151+00:00,False,0.228
a56-0-run01-20260810T080333,a56,0,43,data/raw/0/capture_0_a56_a56-0-run01-20260810T080333_43.pcap,data/raw/rrc/rrc_0_a56_a56-0-run01-20260810T080333_6.json,2026-08-09T20:34:01.883599+00:00,True,0.858
a56-0-run01-20260810T080333,a56,0,44,data/raw/0/capture_0_a56_a56-0-run01-20260810T080333_44.pcap,,2026-08-09T20:34:47.822916+00:00,False,0.253
a56-0-run01-20260810T080333,a56,0,45,data/raw/0/capture_0_a56_a56-0-run01-20260810T080333_45.pcap,,2026-08-09T20:35:33.603153+00:00,False,0.238
a56-0-run01-20260810T080333,a56,0,46,data/raw/0/capture_0_a56_a56-0-run01-20260810T080333_46.pcap,,2026-08-09T20:36:19.397573+00:00,False,0.229
a56-0-run01-20260810T080333,a56,0,47,data/raw/0/capture_0_a56_a56-0-run01-20260810T080333_47.pcap,,2026-08-09T20:37:05.267477+00:00,False,0.225
a56-0-run01-20260810T080333,a56,0,48,data/raw/0/capture_0_a56_a56-0-run01-20260810T080333_48.pcap,,2026-08-09T20:37:51.050313+00:00,False,0.226
a56-0-run01-20260810T080333,a56,0,49,data/raw/0/capture_0_a56_a56-0-run01-20260810T080333_49.pcap,,2026-08-09T20:38:36.862110+00:00,False,0.239
a56-0-run01-20260810T080333,a56,0,50,data/raw/0/capture_0_a56_a56-0-run01-20260810T080333_50.pcap,,2026-08-09T20:39:22.696201+00:00,False,0.211
a56-0-run01-20260810T080333,a56,0,51,data/raw/0/capture_0_a56_a56-0-run01-20260810T080333_51.pcap,,2026-08-09T20:40:08.485794+00:00,False,1.063
a56-0-run01-20260810T080333,a56,0,52,data/raw/0/capture_0_a56_a56-0-run01-20260810T080333_52.pcap,,2026-08-09T20:40:54.383059+00:00,False,0.236
a56-0-run01-20260810T080333,a56,0,53,data/raw/0/capture_0_a56_a56-0-run01-20260810T080333_53.pcap,,2026-08-09T20:41:40.205288+00:00,False,0.220
a56-0-run01-20260810T080333,a56,0,54,data/raw/0/capture_0_a56_a56-0-run01-20260810T080333_54.pcap,data/raw/rrc/rrc_0_a56_a56-0-run01-20260810T080333_7.json,2026-08-09T20:41:57.486046+00:00,True,1.110
a56-0-run01-20260810T080333,a56,0,55,data/raw/0/capture_0_a56_a56-0-run01-20260810T080333_55.pcap,,2026-08-09T20:42:43.534498+00:00,False,0.678
a56-0-run01-20260810T080333,a56,0,56,data/raw/0/capture_0_a56_a56-0-run01-20260810T080333_56.pcap,,2026-08-09T20:43:29.404617+00:00,False,0.233
a56-0-run01-20260810T080333,a56,0,57,data/raw/0/capture_0_a56_a56-0-run01-20260810T080333_57.pcap,,2026-08-09T20:44:15.273213+00:00,False,0.320
a56-0-run01-20260810T080333,a56,0,58,data/raw/0/capture_0_a56_a56-0-run01-20260810T080333_58.pcap,,2026-08-09T20:45:01.172790+00:00,False,0.393
a56-0-run01-20260810T080333,a56,0,59,data/raw/0/capture_0_a56_a56-0-run01-20260810T080333_59.pcap,,2026-08-09T20:45:47.056243+00:00,False,0.375
a56-0-run01-20260810T080333,a56,0,60,data/raw/0/capture_0_a56_a56-0-run01-20260810T080333_60.pcap,,2026-08-09T20:46:32.935960+00:00,False,0.341
a56-0-run02-20260810T080333,a56,0,1,data/raw/0/capture_0_a56_a56-0-run02-20260810T080333_1.pcap,,2026-08-09T20:47:18.828098+00:00,False,0.475
a56-0-run02-20260810T080333,a56,0,2,data/raw/0/capture_0_a56_a56-0-run02-20260810T080333_2.pcap,,2026-08-09T20:48:04.715685+00:00,False,1.131
a56-0-run02-20260810T080333,a56,0,3,data/raw/0/capture_0_a56_a56-0-run02-20260810T080333_3.pcap,,2026-08-09T20:48:50.630254+00:00,False,0.236
a56-0-run02-20260810T080333,a56,0,4,data/raw/0/capture_0_a56_a56-0-run02-20260810T080333_4.pcap,,2026-08-09T20:49:36.577161+00:00,False,0.216
a56-0-run02-20260810T080333,a56,0,5,data/raw/0/capture_0_a56_a56-0-run02-20260810T080333_5.pcap,data/raw/rrc/rrc_0_a56_a56-0-run02-20260810T080333_1.json,2026-08-09T20:49:54.229150+00:00,True,0.647
a56-0-run02-20260810T080333,a56,0,6,data/raw/0/capture_0_a56_a56-0-run02-20260810T080333_6.pcap,,2026-08-09T20:50:40.351336+00:00,False,0.249
a56-0-run02-20260810T080333,a56,0,7,data/raw/0/capture_0_a56_a56-0-run02-20260810T080333_7.pcap,,2026-08-09T20:51:26.311502+00:00,False,0.371
a56-0-run02-20260810T080333,a56,0,8,data/raw/0/capture_0_a56_a56-0-run02-20260810T080333_8.pcap,,2026-08-09T20:52:12.251173+00:00,False,0.221
a56-0-run02-20260810T080333,a56,0,9,data/raw/0/capture_0_a56_a56-0-run02-20260810T080333_9.pcap,,2026-08-09T20:52:58.157982+00:00,False,0.216
a56-0-run02-20260810T080333,a56,0,10,data/raw/0/capture_0_a56_a56-0-run02-20260810T080333_10.pcap,,2026-08-09T20:53:44.111803+00:00,False,0.231
a56-0-run02-20260810T080333,a56,0,11,data/raw/0/capture_0_a56_a56-0-run02-20260810T080333_11.pcap,,2026-08-09T20:54:30.090748+00:00,False,0.233
a56-0-run02-20260810T080333,a56,0,12,data/raw/0/capture_0_a56_a56-0-run02-20260810T080333_12.pcap,,2026-08-09T20:55:16.095170+00:00,False,0.219
a56-0-run02-20260810T080333,a56,0,13,data/raw/0/capture_0_a56_a56-0-run02-20260810T080333_13.pcap,,2026-08-09T20:56:02.125239+00:00,False,1.114
a56-0-run02-20260810T080333,a56,0,14,data/raw/0/capture_0_a56_a56-0-run02-20260810T080333_14.pcap,,2026-08-09T20:56:48.164935+00:00,False,0.231
a56-0-run02-20260810T080333,a56,0,15,data/raw/0/capture_0_a56_a56-0-run02-20260810T080333_15.pcap,,2026-08-09T20:57:34.126580+00:00,False,0.225
a56-0-run02-20260810T080333,a56,0,16,data/raw/0/capture_0_a56_a56-0-run02-20260810T080333_16.pcap,data/raw/rrc/rrc_0_a56_a56-0-run02-20260810T080333_2.json,2026-08-09T20:57:51.766920+00:00,True,1.195
a56-0-run02-20260810T080333,a56,0,17,data/raw/0/capture_0_a56_a56-0-run02-20260810T080333_17.pcap,,2026-08-09T20:58:37.877768+00:00,False,0.220
a56-0-run02-20260810T080333,a56,0,18,data/raw/0/capture_0_a56_a56-0-run02-20260810T080333_18.pcap,,2026-08-09T20:59:23.856960+00:00,False,0.655
a56-0-run02-20260810T080333,a56,0,19,data/raw/0/capture_0_a56_a56-0-run02-20260810T080333_19.pcap,,2026-08-09T21:00:09.835899+00:00,False,0.218
a56-0-run02-20260810T080333,a56,0,20,data/raw/0/capture_0_a56_a56-0-run02-20260810T080333_20.pcap,,2026-08-09T21:00:55.912482+00:00,False,0.244
a56-0-run02-20260810T080333,a56,0,21,data/raw/0/capture_0_a56_a56-0-run02-20260810T080333_21.pcap,,2026-08-09T21:01:41.879994+00:00,False,0.184
a56-0-run02-20260810T080333,a56,0,22,data/raw/0/capture_0_a56_a56-0-run02-20260810T080333_22.pcap,data/raw/rrc/rrc_0_a56_a56-0-run02-20260810T080333_3.json,2026-08-09T21:02:27.869774+00:00,False,0.220
a56-0-run02-20260810T080333,a56,0,23,data/raw/0/capture_0_a56_a56-0-run02-20260810T080333_23.pcap,,2026-08-09T21:03:13.862164+00:00,False,0.224
a56-0-run02-20260810T080333,a56,0,24,data/raw/0/capture_0_a56_a56-0-run02-20260810T080333_24.pcap,,2026-08-09T21:03:59.893266+00:00,False,1.082
a56-0-run02-20260810T080333,a56,0,25,data/raw/0/capture_0_a56_a56-0-run02-20260810T080333_25.pcap,,2026-08-09T21:04:45.830966+00:00,False,0.209
a56-0-run02-20260810T080333,a56,0,26,data/raw/0/capture_0_a56_a56-0-run02-20260810T080333_26.pcap,,2026-08-09T21:05:31.927965+00:00,False,0.224
a56-0-run02-20260810T080333,a56,0,27,data/raw/0/capture_0_a56_a56-0-run02-20260810T080333_27.pcap,data/raw/rrc/rrc_0_a56_a56-0-run02-20260810T080333_4.json,2026-08-09T21:05:49.680138+00:00,True,1.199
a56-0-run02-20260810T080333,a56,0,28,data/raw/0/capture_0_a56_a56-0-run02-20260810T080333_28.pcap,,2026-08-09T21:06:35.874582+00:00,False,0.382
a56-0-run02-20260810T080333,a56,0,29,data/raw/0/capture_0_a56_a56-0-run02-20260810T080333_29.pcap,,2026-08-09T21:07:21.902391+00:00,False,0.319
a56-0-run02-20260810T080333,a56,0,30,data/raw/0/capture_0_a56_a56-0-run02-20260810T080333_30.pcap,,2026-08-09T21:08:07.967199+00:00,False,0.397
a56-0-run02-20260810T080333,a56,0,31,data/raw/0/capture_0_a56_a56-0-run02-20260810T080333_31.pcap,,2026-08-09T21:08:54.007420+00:00,False,0.215
a56-0-run02-20260810T080333,a56,0,32,data/raw/0/capture_0_a56_a56-0-run02-20260810T080333_32.pcap,,2026-08-09T21:09:40.072073+00:00,False,0.242
a56-0-run02-20260810T080333,a56,0,33,data/raw/0/capture_0_a56_a56-0-run02-20260810T080333_33.pcap,,2026-08-09T21:10:26.114940+00:00,False,0.212
a56-0-run02-20260810T080333,a56,0,34,data/raw/0/capture_0_a56_a56-0-run02-20260810T080333_34.pcap,,2026-08-09T21:11:12.234993+00:00,False,0.236
a56-0-run02-20260810T080333,a56,0,35,data/raw/0/capture_0_a56_a56-0-run02-20260810T080333_35.pcap,,2026-08-09T21:11:58.313357+00:00,False,1.039
a56-0-run02-20260810T080333,a56,0,36,data/raw/0/capture_0_a56_a56-0-run02-20260810T080333_36.pcap,,2026-08-09T21:12:44.382305+00:00,False,0.209
a56-0-run02-20260810T080333,a56,0,37,data/raw/0/capture_0_a56_a56-0-run02-20260810T080333_37.pcap,,2026-08-09T21:13:30.434008+00:00,False,0.204
a56-0-run02-20260810T080333,a56,0,38,data/raw/0/capture_0_a56_a56-0-run02-20260810T080333_38.pcap,data/raw/rrc/rrc_0_a56_a56-0-run02-20260810T080333_5.json,2026-08-09T21:13:48.272000+00:00,True,0.566
a56-0-run02-20260810T080333,a56,0,39,data/raw/0/capture_0_a56_a56-0-run02-20260810T080333_39.pcap,,2026-08-09T21:14:34.523957+00:00,False,0.324
a56-0-run02-20260810T080333,a56,0,40,data/raw/0/capture_0_a56_a56-0-run02-20260810T080333_40.pcap,,2026-08-09T21:15:20.620077+00:00,False,0.377
a56-0-run02-20260810T080333,a56,0,41,data/raw/0/capture_0_a56_a56-0-run02-20260810T080333_41.pcap,,2026-08-09T21:16:06.787432+00:00,False,0.432
a56-0-run02-20260810T080333,a56,0,42,data/raw/0/capture_0_a56_a56-0-run02-20260810T080333_42.pcap,,2026-08-09T21:16:52.972053+00:00,False,0.333
a56-0-run02-20260810T080333,a56,0,43,data/raw/0/capture_0_a56_a56-0-run02-20260810T080333_43.pcap,,2026-08-09T21:17:39.107235+00:00,False,0.193
a56-0-run02-20260810T080333,a56,0,44,data/raw/0/capture_0_a56_a56-0-run02-20260810T080333_44.pcap,,2026-08-09T21:18:25.242521+00:00,False,0.240
a56-0-run02-20260810T080333,a56,0,45,data/raw/0/capture_0_a56_a56-0-run02-20260810T080333_45.pcap,,2026-08-09T21:19:11.412788+00:00,False,0.201
a56-0-run02-20260810T080333,a56,0,46,data/raw/0/capture_0_a56_a56-0-run02-20260810T080333_46.pcap,,2026-08-09T21:19:57.436957+00:00,False,0.231
a56-0-run02-20260810T080333,a56,0,47,data/raw/0/capture_0_a56_a56-0-run02-20260810T080333_47.pcap,,2026-08-09T21:20:43.533553+00:00,False,0.234
a56-0-run02-20260810T080333,a56,0,48,data/raw/0/capture_0_a56_a56-0-run02-20260810T080333_48.pcap,,2026-08-09T21:21:29.701646+00:00,False,0.231
a56-0-run02-20260810T080333,a56,0,49,data/raw/0/capture_0_a56_a56-0-run02-20260810T080333_49.pcap,data/raw/rrc/rrc_0_a56_a56-0-run02-20260810T080333_6.json,2026-08-09T21:21:47.581262+00:00,True,1.103
a56-0-run02-20260810T080333,a56,0,50,data/raw/0/capture_0_a56_a56-0-run02-20260810T080333_50.pcap,,2026-08-09T21:22:33.925624+00:00,False,0.344
a56-0-run02-20260810T080333,a56,0,51,data/raw/0/capture_0_a56_a56-0-run02-20260810T080333_51.pcap,,2026-08-09T21:23:20.059469+00:00,False,0.237
a56-0-run02-20260810T080333,a56,0,52,data/raw/0/capture_0_a56_a56-0-run02-20260810T080333_52.pcap,,2026-08-09T21:24:06.230090+00:00,False,0.233
a56-0-run02-20260810T080333,a56,0,53,data/raw/0/capture_0_a56_a56-0-run02-20260810T080333_53.pcap,,2026-08-09T21:24:52.390586+00:00,False,0.253
a56-0-run02-20260810T080333,a56,0,54,data/raw/0/capture_0_a56_a56-0-run02-20260810T080333_54.pcap,data/raw/rrc/rrc_0_a56_a56-0-run02-20260810T080333_7.json,2026-08-09T21:25:38.518250+00:00,False,0.221
a56-0-run02-20260810T080333,a56,0,55,data/raw/0/capture_0_a56_a56-0-run02-20260810T080333_55.pcap,,2026-08-09T21:26:24.693585+00:00,False,0.229
a56-0-run02-20260810T080333,a56,0,56,data/raw/0/capture_0_a56_a56-0-run02-20260810T080333_56.pcap,,2026-08-09T21:27:10.894045+00:00,False,0.222
a56-0-run02-20260810T080333,a56,0,57,data/raw/0/capture_0_a56_a56-0-run02-20260810T080333_57.pcap,,2026-08-09T21:27:57.141529+00:00,False,0.215
a56-0-run02-20260810T080333,a56,0,58,data/raw/0/capture_0_a56_a56-0-run02-20260810T080333_58.pcap,,2026-08-09T21:28:43.352645+00:00,False,0.221
a56-0-run02-20260810T080333,a56,0,59,data/raw/0/capture_0_a56_a56-0-run02-20260810T080333_59.pcap,,2026-08-09T21:29:29.486098+00:00,False,0.226
a56-0-run02-20260810T080333,a56,0,60,data/raw/0/capture_0_a56_a56-0-run02-20260810T080333_60.pcap,data/raw/rrc/rrc_0_a56_a56-0-run02-20260810T080333_8.json,2026-08-09T21:29:47.445821+00:00,True,1.017
a56-0-run03-20260810T080333,a56,0,1,data/raw/0/capture_0_a56_a56-0-run03-20260810T080333_1.pcap,,2026-08-09T21:30:33.747666+00:00,False,0.207
a56-0-run03-20260810T080333,a56,0,2,data/raw/0/capture_0_a56_a56-0-run03-20260810T080333_2.pcap,,2026-08-09T21:31:19.958927+00:00,False,0.244
a56-0-run03-20260810T080333,a56,0,3,data/raw/0/capture_0_a56_a56-0-run03-20260810T080333_3.pcap,,2026-08-09T21:32:06.230924+00:00,False,0.236
a56-0-run03-20260810T080333,a56,0,4,data/raw/0/capture_0_a56_a56-0-run03-20260810T080333_4.pcap,,2026-08-09T21:32:52.540347+00:00,False,0.221
a56-0-run03-20260810T080333,a56,0,5,data/raw/0/capture_0_a56_a56-0-run03-20260810T080333_5.pcap,,2026-08-09T21:33:38.671248+00:00,False,0.322
a56-0-run03-20260810T080333,a56,0,6,data/raw/0/capture_0_a56_a56-0-run03-20260810T080333_6.pcap,,2026-08-09T21:34:24.817730+00:00,False,0.198
a56-0-run03-20260810T080333,a56,0,7,data/raw/0/capture_0_a56_a56-0-run03-20260810T080333_7.pcap,,2026-08-09T21:35:11.033137+00:00,False,0.203
a56-0-run03-20260810T080333,a56,0,8,data/raw/0/capture_0_a56_a56-0-run03-20260810T080333_8.pcap,,2026-08-09T21:35:57.280086+00:00,False,0.372
a56-0-run03-20260810T080333,a56,0,9,data/raw/0/capture_0_a56_a56-0-run03-20260810T080333_9.pcap,data/raw/rrc/rrc_0_a56_a56-0-run03-20260810T080333_1.json,2026-08-09T21:36:43.534782+00:00,False,0.655
a56-0-run03-20260810T080333,a56,0,10,data/raw/0/capture_0_a56_a56-0-run03-20260810T080333_10.pcap,,2026-08-09T21:37:29.709802+00:00,False,0.219
a56-0-run03-20260810T080333,a56,0,11,data/raw/0/capture_0_a56_a56-0-run03-20260810T080333_11.pcap,data/raw/rrc/rrc_0_a56_a56-0-run03-20260810T080333_2.json,2026-08-09T21:37:47.387773+00:00,True,1.054
a56-0-run03-20260810T080333,a56,0,12,data/raw/0/capture_0_a56_a56-0-run03-20260810T080333_12.pcap,,2026-08-09T21:38:33.824095+00:00,False,0.394
a56-0-run03-20260810T080333,a56,0,13,data/raw/0/capture_0_a56_a56-0-run03-20260810T080333_13.pcap,,2026-08-09T21:39:20.219377+00:00,False,0.390
a56-0-run03-20260810T080333,a56,0,14,data/raw/0/capture_0_a56_a56-0-run03-20260810T080333_14.pcap,,2026-08-09T21:40:06.471164+00:00,False,0.308
a56-0-run03-20260810T080333,a56,0,15,data/raw/0/capture_0_a56_a56-0-run03-20260810T080333_15.pcap,,2026-08-09T21:40:52.820118+00:00,False,0.323
a56-0-run03-20260810T080333,a56,0,16,data/raw/0/capture_0_a56_a56-0-run03-20260810T080333_16.pcap,,2026-08-09T21:41:39.131530+00:00,False,0.244
a56-0-run03-20260810T080333,a56,0,17,data/raw/0/capture_0_a56_a56-0-run03-20260810T080333_17.pcap,,2026-08-09T21:42:25.458233+00:00,False,0.440
a56-0-run03-20260810T080333,a56,0,18,data/raw/0/capture_0_a56_a56-0-run03-20260810T080333_18.pcap,,2026-08-09T21:43:11.708244+00:00,False,0.404
a56-0-run03-20260810T080333,a56,0,19,data/raw/0/capture_0_a56_a56-0-run03-20260810T080333_19.pcap,,2026-08-09T21:43:58.060022+00:00,False,0.233
a56-0-run03-20260810T080333,a56,0,20,data/raw/0/capture_0_a56_a56-0-run03-20260810T080333_20.pcap,,2026-08-09T21:44:44.404882+00:00,False,0.196
a56-0-run03-20260810T080333,a56,0,21,data/raw/0/capture_0_a56_a56-0-run03-20260810T080333_21.pcap,,2026-08-09T21:45:30.677222+00:00,False,0.255
a56-0-run03-20260810T080333,a56,0,22,data/raw/0/capture_0_a56_a56-0-run03-20260810T080333_22.pcap,data/raw/rrc/rrc_0_a56_a56-0-run03-20260810T080333_3.json,2026-08-09T21:45:48.710079+00:00,True,1.105
a56-0-run03-20260810T080333,a56,0,23,data/raw/0/capture_0_a56_a56-0-run03-20260810T080333_23.pcap,,2026-08-09T21:46:35.056681+00:00,False,0.378
a56-0-run03-20260810T080333,a56,0,24,data/raw/0/capture_0_a56_a56-0-run03-20260810T080333_24.pcap,,2026-08-09T21:47:21.310863+00:00,False,0.247
a56-0-run03-20260810T080333,a56,0,25,data/raw/0/capture_0_a56_a56-0-run03-20260810T080333_25.pcap,,2026-08-09T21:48:07.682780+00:00,False,0.229
a56-0-run03-20260810T080333,a56,0,26,data/raw/0/capture_0_a56_a56-0-run03-20260810T080333_26.pcap,,2026-08-09T21:48:54.074473+00:00,False,0.232
a56-0-run03-20260810T080333,a56,0,27,data/raw/0/capture_0_a56_a56-0-run03-20260810T080333_27.pcap,,2026-08-09T21:49:40.420437+00:00,False,0.218
a56-0-run03-20260810T080333,a56,0,28,data/raw/0/capture_0_a56_a56-0-run03-20260810T080333_28.pcap,,2026-08-09T21:50:26.833529+00:00,False,0.290
a56-0-run03-20260810T080333,a56,0,29,data/raw/0/capture_0_a56_a56-0-run03-20260810T080333_29.pcap,,2026-08-09T21:51:13.178401+00:00,False,0.462
a56-0-run03-20260810T080333,a56,0,30,data/raw/0/capture_0_a56_a56-0-run03-20260810T080333_30.pcap,,2026-08-09T21:51:59.642484+00:00,False,0.226
a56-0-run03-20260810T080333,a56,0,31,data/raw/0/capture_0_a56_a56-0-run03-20260810T080333_31.pcap,,2026-08-09T21:52:45.994328+00:00,False,0.217
a56-0-run03-20260810T080333,a56,0,32,data/raw/0/capture_0_a56_a56-0-run03-20260810T080333_32.pcap,,2026-08-09T21:53:32.310096+00:00,False,0.374
a56-0-run03-20260810T080333,a56,0,33,data/raw/0/capture_0_a56_a56-0-run03-20260810T080333_33.pcap,data/raw/rrc/rrc_0_a56_a56-0-run03-20260810T080333_4.json,2026-08-09T21:53:50.383202+00:00,True,0.604
a56-0-run03-20260810T080333,a56,0,34,data/raw/0/capture_0_a56_a56-0-run03-20260810T080333_34.pcap,,2026-08-09T21:54:36.894464+00:00,False,0.675
a56-0-run03-20260810T080333,a56,0,35,data/raw/0/capture_0_a56_a56-0-run03-20260810T080333_35.pcap,,2026-08-09T21:55:23.278186+00:00,False,0.396
a56-0-run03-20260810T080333,a56,0,36,data/raw/0/capture_0_a56_a56-0-run03-20260810T080333_36.pcap,,2026-08-09T21:56:09.735242+00:00,False,0.571
a56-0-run03-20260810T080333,a56,0,37,data/raw/0/capture_0_a56_a56-0-run03-20260810T080333_37.pcap,,2026-08-09T21:56:56.245306+00:00,False,0.405
a56-0-run03-20260810T080333,a56,0,38,data/raw/0/capture_0_a56_a56-0-run03-20260810T080333_38.pcap,,2026-08-09T21:57:42.692317+00:00,False,0.324
a56-0-run03-20260810T080333,a56,0,39,data/raw/0/capture_0_a56_a56-0-run03-20260810T080333_39.pcap,,2026-08-09T21:58:29.063677+00:00,False,0.351
a56-0-run03-20260810T080333,a56,0,40,data/raw/0/capture_0_a56_a56-0-run03-20260810T080333_40.pcap,,2026-08-09T21:59:15.434568+00:00,False,0.427
a56-0-run03-20260810T080333,a56,0,41,data/raw/0/capture_0_a56_a56-0-run03-20260810T080333_41.pcap,,2026-08-09T22:00:01.827653+00:00,False,0.411
a56-0-run03-20260810T080333,a56,0,42,data/raw/0/capture_0_a56_a56-0-run03-20260810T080333_42.pcap,,2026-08-09T22:00:48.189562+00:00,False,0.430
a56-0-run03-20260810T080333,a56,0,43,data/raw/0/capture_0_a56_a56-0-run03-20260810T080333_43.pcap,,2026-08-09T22:01:34.591610+00:00,False,0.373
a56-0-run03-20260810T080333,a56,0,44,data/raw/0/capture_0_a56_a56-0-run03-20260810T080333_44.pcap,data/raw/rrc/rrc_0_a56_a56-0-run03-20260810T080333_5.json,2026-08-09T22:01:52.379808+00:00,True,0.629
a56-0-run03-20260810T080333,a56,0,45,data/raw/0/capture_0_a56_a56-0-run03-20260810T080333_45.pcap,,2026-08-09T22:02:38.913075+00:00,False,0.409
a56-0-run03-20260810T080333,a56,0,46,data/raw/0/capture_0_a56_a56-0-run03-20260810T080333_46.pcap,,2026-08-09T22:03:25.306952+00:00,False,0.411
a56-0-run03-20260810T080333,a56,0,47,data/raw/0/capture_0_a56_a56-0-run03-20260810T080333_47.pcap,,2026-08-09T22:04:11.769767+00:00,False,0.233
a56-0-run03-20260810T080333,a56,0,48,data/raw/0/capture_0_a56_a56-0-run03-20260810T080333_48.pcap,,2026-08-09T22:04:58.212837+00:00,False,0.234
a56-0-run03-20260810T080333,a56,0,49,data/raw/0/capture_0_a56_a56-0-run03-20260810T080333_49.pcap,,2026-08-09T22:05:44.590958+00:00,False,0.195
a56-0-run03-20260810T080333,a56,0,50,data/raw/0/capture_0_a56_a56-0-run03-20260810T080333_50.pcap,,2026-08-09T22:06:31.018440+00:00,False,0.233
a56-0-run03-20260810T080333,a56,0,51,data/raw/0/capture_0_a56_a56-0-run03-20260810T080333_51.pcap,data/raw/rrc/rrc_0_a56_a56-0-run03-20260810T080333_6.json,2026-08-09T22:07:17.448602+00:00,False,0.657
a56-0-run03-20260810T080333,a56,0,52,data/raw/0/capture_0_a56_a56-0-run03-20260810T080333_52.pcap,,2026-08-09T22:08:04.119376+00:00,False,0.341
a56-0-run03-20260810T080333,a56,0,53,data/raw/0/capture_0_a56_a56-0-run03-20260810T080333_53.pcap,,2026-08-09T22:08:50.660962+00:00,False,0.321
a56-0-run03-20260810T080333,a56,0,54,data/raw/0/capture_0_a56_a56-0-run03-20260810T080333_54.pcap,,2026-08-09T22:09:37.167552+00:00,False,1.029
a56-0-run03-20260810T080333,a56,0,55,data/raw/0/capture_0_a56_a56-0-run03-20260810T080333_55.pcap,data/raw/rrc/rrc_0_a56_a56-0-run03-20260810T080333_7.json,2026-08-09T22:09:55.500777+00:00,True,0.664
a56-0-run03-20260810T080333,a56,0,56,data/raw/0/capture_0_a56_a56-0-run03-20260810T080333_56.pcap,,2026-08-09T22:10:42.214042+00:00,False,0.225
a56-0-run03-20260810T080333,a56,0,57,data/raw/0/capture_0_a56_a56-0-run03-20260810T080333_57.pcap,,2026-08-09T22:11:28.659504+00:00,False,0.230
a56-0-run03-20260810T080333,a56,0,58,data/raw/0/capture_0_a56_a56-0-run03-20260810T080333_58.pcap,,2026-08-09T22:12:15.117207+00:00,False,0.219
a56-0-run03-20260810T080333,a56,0,59,data/raw/0/capture_0_a56_a56-0-run03-20260810T080333_59.pcap,,2026-08-09T22:13:01.585679+00:00,False,0.220
a56-0-run03-20260810T080333,a56,0,60,data/raw/0/capture_0_a56_a56-0-run03-20260810T080333_60.pcap,,2026-08-09T22:13:48.149709+00:00,False,0.230
a56-0-run04-20260810T080333,a56,0,1,data/raw/0/capture_0_a56_a56-0-run04-20260810T080333_1.pcap,,2026-08-09T22:14:34.633984+00:00,False,0.828
a56-0-run04-20260810T080333,a56,0,2,data/raw/0/capture_0_a56_a56-0-run04-20260810T080333_2.pcap,data/raw/rrc/rrc_0_a56_a56-0-run04-20260810T080333_1.json,2026-08-09T22:14:52.871980+00:00,True,0.619
a56-0-run04-20260810T080333,a56,0,3,data/raw/0/capture_0_a56_a56-0-run04-20260810T080333_3.pcap,,2026-08-09T22:15:39.458729+00:00,False,0.236
a56-0-run04-20260810T080333,a56,0,4,data/raw/0/capture_0_a56_a56-0-run04-20260810T080333_4.pcap,,2026-08-09T22:16:26.144523+00:00,False,0.228
a56-0-run04-20260810T080333,a56,0,5,data/raw/0/capture_0_a56_a56-0-run04-20260810T080333_5.pcap,,2026-08-09T22:17:12.744440+00:00,False,0.215
a56-0-run04-20260810T080333,a56,0,6,data/raw/0/capture_0_a56_a56-0-run04-20260810T080333_6.pcap,,2026-08-09T22:17:59.277577+00:00,False,0.189
a56-0-run04-20260810T080333,a56,0,7,data/raw/0/capture_0_a56_a56-0-run04-20260810T080333_7.pcap,,2026-08-09T22:18:45.837707+00:00,False,0.322
a56-0-run04-20260810T080333,a56,0,8,data/raw/0/capture_0_a56_a56-0-run04-20260810T080333_8.pcap,,2026-08-09T22:19:32.405619+00:00,False,0.383
a56-0-run04-20260810T080333,a56,0,9,data/raw/0/capture_0_a56_a56-0-run04-20260810T080333_9.pcap,data/raw/rrc/rrc_0_a56_a56-0-run04-20260810T080333_2.json,2026-08-09T22:20:18.943670+00:00,False,0.577
a56-0-run04-20260810T080333,a56,0,10,data/raw/0/capture_0_a56_a56-0-run04-20260810T080333_10.pcap,,2026-08-09T22:21:05.646553+00:00,False,0.363
a56-0-run04-20260810T080333,a56,0,11,data/raw/0/capture_0_a56_a56-0-run04-20260810T080333_11.pcap,,2026-08-09T22:21:52.458807+00:00,False,0.361
a56-0-run04-20260810T080333,a56,0,12,data/raw/0/capture_0_a56_a56-0-run04-20260810T080333_12.pcap,,2026-08-09T22:22:39.039722+00:00,False,0.587
a56-0-run04-20260810T080333,a56,0,13,data/raw/0/capture_0_a56_a56-0-run04-20260810T080333_13.pcap,data/raw/rrc/rrc_0_a56_a56-0-run04-20260810T080333_3.json,2026-08-09T22:22:57.320300+00:00,True,0.635
a56-0-run04-20260810T080333,a56,0,14,data/raw/0/capture_0_a56_a56-0-run04-20260810T080333_14.pcap,,2026-08-09T22:23:44.044183+00:00,False,0.220
a56-0-run04-20260810T080333,a56,0,15,data/raw/0/capture_0_a56_a56-0-run04-20260810T080333_15.pcap,,2026-08-09T22:24:30.734164+00:00,False,0.376
a56-0-run04-20260810T080333,a56,0,16,data/raw/0/capture_0_a56_a56-0-run04-20260810T080333_16.pcap,,2026-08-09T22:25:17.324078+00:00,False,0.223
a56-0-run04-20260810T080333,a56,0,17,data/raw/0/capture_0_a56_a56-0-run04-20260810T080333_17.pcap,,2026-08-09T22:26:04.056836+00:00,False,0.211
a56-0-run04-20260810T080333,a56,0,18,data/raw/0/capture_0_a56_a56-0-run04-20260810T080333_18.pcap,,2026-08-09T22:26:50.791953+00:00,False,0.226
a56-0-run04-20260810T080333,a56,0,19,data/raw/0/capture_0_a56_a56-0-run04-20260810T080333_19.pcap,,2026-08-09T22:27:37.500661+00:00,False,0.220
a56-0-run04-20260810T080333,a56,0,20,data/raw/0/capture_0_a56_a56-0-run04-20260810T080333_20.pcap,,2026-08-09T22:28:24.127435+00:00,False,1.067
a56-0-run04-20260810T080333,a56,0,21,data/raw/0/capture_0_a56_a56-0-run04-20260810T080333_21.pcap,data/raw/rrc/rrc_0_a56_a56-0-run04-20260810T080333_4.json,2026-08-09T22:28:42.469521+00:00,True,0.619
a56-0-run04-20260810T080333,a56,0,22,data/raw/0/capture_0_a56_a56-0-run04-20260810T080333_22.pcap,,2026-08-09T22:29:29.235572+00:00,False,0.371
a56-0-run04-20260810T080333,a56,0,23,data/raw/0/capture_0_a56_a56-0-run04-20260810T080333_23.pcap,,2026-08-09T22:30:15.929053+00:00,False,0.394
a56-0-run04-20260810T080333,a56,0,24,data/raw/0/capture_0_a56_a56-0-run04-20260810T080333_24.pcap,,2026-08-09T22:31:02.599749+00:00,False,0.224
a56-0-run04-20260810T080333,a56,0,25,data/raw/0/capture_0_a56_a56-0-run04-20260810T080333_25.pcap,,2026-08-09T22:31:49.228743+00:00,False,0.223
a56-0-run04-20260810T080333,a56,0,26,data/raw/0/capture_0_a56_a56-0-run04-20260810T080333_26.pcap,,2026-08-09T22:32:35.925404+00:00,False,0.210
a56-0-run04-20260810T080333,a56,0,27,data/raw/0/capture_0_a56_a56-0-run04-20260810T080333_27.pcap,,2026-08-09T22:33:22.714730+00:00,False,0.206
a56-0-run04-20260810T080333,a56,0,28,data/raw/0/capture_0_a56_a56-0-run04-20260810T080333_28.pcap,,2026-08-09T22:34:09.365177+00:00,False,1.018
a56-0-run04-20260810T080333,a56,0,29,data/raw/0/capture_0_a56_a56-0-run04-20260810T080333_29.pcap,data/raw/rrc/rrc_0_a56_a56-0-run04-20260810T080333_5.json,2026-08-09T22:34:27.703383+00:00,True,0.601
a56-0-run04-20260810T080333,a56,0,30,data/raw/0/capture_0_a56_a56-0-run04-20260810T080333_30.pcap,,2026-08-09T22:35:14.477636+00:00,False,0.318
a56-0-run04-20260810T080333,a56,0,31,data/raw/0/capture_0_a56_a56-0-run04-20260810T080333_31.pcap,,2026-08-09T22:36:01.163619+00:00,False,0.409
a56-0-run04-20260810T080333,a56,0,32,data/raw/0/capture_0_a56_a56-0-run04-20260810T080333_32.pcap,,2026-08-09T22:36:47.812288+00:00,False,0.243
a56-0-run04-20260810T080333,a56,0,33,data/raw/0/capture_0_a56_a56-0-run04-20260810T080333_33.pcap,,2026-08-09T22:37:34.583522+00:00,False,0.228
a56-0-run04-20260810T080333,a56,0,34,data/raw/0/capture_0_a56_a56-0-run04-20260810T080333_34.pcap,data/raw/rrc/rrc_0_a56_a56-0-run04-20260810T080333_6.json,2026-08-09T22:38:21.375211+00:00,False,0.238
a56-0-run04-20260810T080333,a56,0,35,data/raw/0/capture_0_a56_a56-0-run04-20260810T080333_35.pcap,,2026-08-09T22:39:08.361747+00:00,False,0.365
a56-0-run04-20260810T080333,a56,0,36,data/raw/0/capture_0_a56_a56-0-run04-20260810T080333_36.pcap,,2026-08-09T22:39:55.054542+00:00,False,0.430
a56-0-run04-20260810T080333,a56,0,37,data/raw/0/capture_0_a56_a56-0-run04-20260810T080333_37.pcap,,2026-08-09T22:40:41.927917+00:00,False,0.391
a56-0-run04-20260810T080333,a56,0,38,data/raw/0/capture_0_a56_a56-0-run04-20260810T080333_38.pcap,data/raw/rrc/rrc_0_a56_a56-0-run04-20260810T080333_7.json,2026-08-09T22:41:28.948874+00:00,False,0.292
a56-0-run04-20260810T080333,a56,0,39,data/raw/0/capture_0_a56_a56-0-run04-20260810T080333_39.pcap,,2026-08-09T22:42:15.723422+00:00,False,1.178
a56-0-run04-20260810T080333,a56,0,40,data/raw/0/capture_0_a56_a56-0-run04-20260810T080333_40.pcap,data/raw/rrc/rrc_0_a56_a56-0-run04-20260810T080333_8.json,2026-08-09T22:42:34.142551+00:00,True,0.667
a56-0-run04-20260810T080333,a56,0,41,data/raw/0/capture_0_a56_a56-0-run04-20260810T080333_41.pcap,,2026-08-09T22:43:21.071389+00:00,False,0.337
a56-0-run04-20260810T080333,a56,0,42,data/raw/0/capture_0_a56_a56-0-run04-20260810T080333_42.pcap,,2026-08-09T22:44:07.859344+00:00,False,0.493
a56-0-run04-20260810T080333,a56,0,43,data/raw/0/capture_0_a56_a56-0-run04-20260810T080333_43.pcap,,2026-08-09T22:44:54.749047+00:00,False,0.401
a56-0-run04-20260810T080333,a56,0,44,data/raw/0/capture_0_a56_a56-0-run04-20260810T080333_44.pcap,,2026-08-09T22:45:41.644784+00:00,False,0.230
a56-0-run04-20260810T080333,a56,0,45,data/raw/0/capture_0_a56_a56-0-run04-20260810T080333_45.pcap,,2026-08-09T22:46:28.403346+00:00,False,0.216
a56-0-run04-20260810T080333,a56,0,46,data/raw/0/capture_0_a56_a56-0-run04-20260810T080333_46.pcap,,2026-08-09T22:47:15.344566+00:00,False,0.209
a56-0-run04-20260810T080333,a56,0,47,data/raw/0/capture_0_a56_a56-0-run04-20260810T080333_47.pcap,,2026-08-09T22:48:02.108685+00:00,False,0.216
a56-0-run04-20260810T080333,a56,0,48,data/raw/0/capture_0_a56_a56-0-run04-20260810T080333_48.pcap,,2026-08-09T22:48:48.909984+00:00,False,0.230
a56-0-run04-20260810T080333,a56,0,49,data/raw/0/capture_0_a56_a56-0-run04-20260810T080333_49.pcap,,2026-08-09T22:49:35.799364+00:00,False,0.270
a56-0-run04-20260810T080333,a56,0,50,data/raw/0/capture_0_a56_a56-0-run04-20260810T080333_50.pcap,,2026-08-09T22:50:22.591035+00:00,False,1.059
a56-0-run04-20260810T080333,a56,0,51,data/raw/0/capture_0_a56_a56-0-run04-20260810T080333_51.pcap,data/raw/rrc/rrc_0_a56_a56-0-run04-20260810T080333_10.json,2026-08-09T22:50:41.137064+00:00,True,0.643
a56-0-run04-20260810T080333,a56,0,52,data/raw/0/capture_0_a56_a56-0-run04-20260810T080333_52.pcap,,2026-08-09T22:51:28.233905+00:00,False,0.407
a56-0-run04-20260810T080333,a56,0,53,data/raw/0/capture_0_a56_a56-0-run04-20260810T080333_53.pcap,,2026-08-09T22:52:15.205157+00:00,False,0.384
a56-0-run04-20260810T080333,a56,0,54,data/raw/0/capture_0_a56_a56-0-run04-20260810T080333_54.pcap,,2026-08-09T22:53:02.083531+00:00,False,0.213
a56-0-run04-20260810T080333,a56,0,55,data/raw/0/capture_0_a56_a56-0-run04-20260810T080333_55.pcap,,2026-08-09T22:53:48.923290+00:00,False,0.252
a56-0-run04-20260810T080333,a56,0,56,data/raw/0/capture_0_a56_a56-0-run04-20260810T080333_56.pcap,,2026-08-09T22:54:35.781314+00:00,False,0.234
a56-0-run04-20260810T080333,a56,0,57,data/raw/0/capture_0_a56_a56-0-run04-20260810T080333_57.pcap,,2026-08-09T22:55:22.730940+00:00,False,0.317
a56-0-run04-20260810T080333,a56,0,58,data/raw/0/capture_0_a56_a56-0-run04-20260810T080333_58.pcap,,2026-08-09T22:56:09.583439+00:00,False,0.223
a56-0-run04-20260810T080333,a56,0,59,data/raw/0/capture_0_a56_a56-0-run04-20260810T080333_59.pcap,,2026-08-09T22:56:56.530050+00:00,False,0.190
a56-0-run04-20260810T080333,a56,0,60,data/raw/0/capture_0_a56_a56-0-run04-20260810T080333_60.pcap,,2026-08-09T22:57:43.347472+00:00,False,0.250
a56-0-run05-20260810T080333,a56,0,1,data/raw/0/capture_0_a56_a56-0-run05-20260810T080333_1.pcap,,2026-08-09T22:58:30.234951+00:00,False,1.121
a56-0-run05-20260810T080333,a56,0,2,data/raw/0/capture_0_a56_a56-0-run05-20260810T080333_2.pcap,data/raw/rrc/rrc_0_a56_a56-0-run05-20260810T080333_1.json,2026-08-09T22:58:48.782084+00:00,True,1.033
a56-0-run05-20260810T080333,a56,0,3,data/raw/0/capture_0_a56_a56-0-run05-20260810T080333_3.pcap,,2026-08-09T22:59:35.866527+00:00,False,0.292
a56-0-run05-20260810T080333,a56,0,4,data/raw/0/capture_0_a56_a56-0-run05-20260810T080333_4.pcap,,2026-08-09T23:00:22.755286+00:00,False,0.415
a56-0-run05-20260810T080333,a56,0,5,data/raw/0/capture_0_a56_a56-0-run05-20260810T080333_5.pcap,,2026-08-09T23:01:09.664020+00:00,False,0.391
a56-0-run05-20260810T080333,a56,0,6,data/raw/0/capture_0_a56_a56-0-run05-20260810T080333_6.pcap,,2026-08-09T23:01:56.494561+00:00,False,0.405
a56-0-run05-20260810T080333,a56,0,7,data/raw/0/capture_0_a56_a56-0-run05-20260810T080333_7.pcap,,2026-08-09T23:02:43.365809+00:00,False,0.222
a56-0-run05-20260810T080333,a56,0,8,data/raw/0/capture_0_a56_a56-0-run05-20260810T080333_8.pcap,data/raw/rrc/rrc_0_a56_a56-0-run05-20260810T080333_2.json,2026-08-09T23:03:30.287460+00:00,False,0.622
a56-0-run05-20260810T080333,a56,0,9,data/raw/0/capture_0_a56_a56-0-run05-20260810T080333_9.pcap,,2026-08-09T23:04:17.362292+00:00,False,0.505
a56-0-run05-20260810T080333,a56,0,10,data/raw/0/capture_0_a56_a56-0-run05-20260810T080333_10.pcap,,2026-08-09T23:05:04.166331+00:00,False,0.394
a56-0-run05-20260810T080333,a56,0,11,data/raw/0/capture_0_a56_a56-0-run05-20260810T080333_11.pcap,,2026-08-09T23:05:51.259491+00:00,False,0.202
a56-0-run05-20260810T080333,a56,0,12,data/raw/0/capture_0_a56_a56-0-run05-20260810T080333_12.pcap,,2026-08-09T23:06:38.164324+00:00,False,0.606
a56-0-run05-20260810T080333,a56,0,13,data/raw/0/capture_0_a56_a56-0-run05-20260810T080333_13.pcap,data/raw/rrc/rrc_0_a56_a56-0-run05-20260810T080333_3.json,2026-08-09T23:06:56.773894+00:00,True,0.887
a56-0-run05-20260810T080333,a56,0,14,data/raw/0/capture_0_a56_a56-0-run05-20260810T080333_14.pcap,,2026-08-09T23:07:43.814327+00:00,False,0.455
a56-0-run05-20260810T080333,a56,0,15,data/raw/0/capture_0_a56_a56-0-run05-20260810T080333_15.pcap,,2026-08-09T23:08:30.907433+00:00,False,0.229
a56-0-run05-20260810T080333,a56,0,16,data/raw/0/capture_0_a56_a56-0-run05-20260810T080333_16.pcap,,2026-08-09T23:09:17.885606+00:00,False,0.234
a56-0-run05-20260810T080333,a56,0,17,data/raw/0/capture_0_a56_a56-0-run05-20260810T080333_17.pcap,,2026-08-09T23:10:04.830660+00:00,False,0.233
a56-0-run05-20260810T080333,a56,0,18,data/raw/0/capture_0_a56_a56-0-run05-20260810T080333_18.pcap,,2026-08-09T23:10:51.818312+00:00,False,0.230
a56-0-run05-20260810T080333,a56,0,19,data/raw/0/capture_0_a56_a56-0-run05-20260810T080333_19.pcap,,2026-08-09T23:11:38.770579+00:00,False,0.224
a56-0-run05-20260810T080333,a56,0,20,data/raw/0/capture_0_a56_a56-0-run05-20260810T080333_20.pcap,,2026-08-09T23:12:25.785895+00:00,False,0.552
a56-0-run05-20260810T080333,a56,0,21,data/raw/0/capture_0_a56_a56-0-run05-20260810T080333_21.pcap,data/raw/rrc/rrc_0_a56_a56-0-run05-20260810T080333_4.json,2026-08-09T23:12:44.427330+00:00,True,0.728
a56-0-run05-20260810T080333,a56,0,22,data/raw/0/capture_0_a56_a56-0-run05-20260810T080333_22.pcap,,2026-08-09T23:13:31.605579+00:00,False,0.425
a56-0-run05-20260810T080333,a56,0,23,data/raw/0/capture_0_a56_a56-0-run05-20260810T080333_23.pcap,,2026-08-09T23:14:18.636487+00:00,False,0.213
a56-0-run05-20260810T080333,a56,0,24,data/raw/0/capture_0_a56_a56-0-run05-20260810T080333_24.pcap,,2026-08-09T23:15:05.664709+00:00,False,0.239
a56-0-run05-20260810T080333,a56,0,25,data/raw/0/capture_0_a56_a56-0-run05-20260810T080333_25.pcap,,2026-08-09T23:15:52.767590+00:00,False,0.225
a56-0-run05-20260810T080333,a56,0,26,data/raw/0/capture_0_a56_a56-0-run05-20260810T080333_26.pcap,data/raw/rrc/rrc_0_a56_a56-0-run05-20260810T080333_5.json,2026-08-09T23:16:39.800398+00:00,False,0.643
a56-0-run05-20260810T080333,a56,0,27,data/raw/0/capture_0_a56_a56-0-run05-20260810T080333_27.pcap,,2026-08-09T23:17:27.009169+00:00,False,0.336
a56-0-run05-20260810T080333,a56,0,28,data/raw/0/capture_0_a56_a56-0-run05-20260810T080333_28.pcap,,2026-08-09T23:18:14.142120+00:00,False,0.248
a56-0-run05-20260810T080333,a56,0,29,data/raw/0/capture_0_a56_a56-0-run05-20260810T080333_29.pcap,,2026-08-09T23:19:01.222549+00:00,False,0.255
a56-0-run05-20260810T080333,a56,0,30,data/raw/0/capture_0_a56_a56-0-run05-20260810T080333_30.pcap,,2026-08-09T23:19:48.267757+00:00,False,0.216
a56-0-run05-20260810T080333,a56,0,31,data/raw/0/capture_0_a56_a56-0-run05-20260810T080333_31.pcap,,2026-08-09T23:20:35.291876+00:00,False,1.097
a56-0-run05-20260810T080333,a56,0,32,data/raw/0/capture_0_a56_a56-0-run05-20260810T080333_32.pcap,data/raw/rrc/rrc_0_a56_a56-0-run05-20260810T080333_6.json,2026-08-09T23:20:54.147135+00:00,True,0.698
a56-0-run05-20260810T080333,a56,0,33,data/raw/0/capture_0_a56_a56-0-run05-20260810T080333_33.pcap,,2026-08-09T23:21:41.334002+00:00,False,0.235
a56-0-run05-20260810T080333,a56,0,34,data/raw/0/capture_0_a56_a56-0-run05-20260810T080333_34.pcap,,2026-08-09T23:22:28.579685+00:00,False,0.232
a56-0-run05-20260810T080333,a56,0,35,data/raw/0/capture_0_a56_a56-0-run05-20260810T080333_35.pcap,,2026-08-09T23:23:15.580855+00:00,False,0.227
a56-0-run05-20260810T080333,a56,0,36,data/raw/0/capture_0_a56_a56-0-run05-20260810T080333_36.pcap,,2026-08-09T23:24:02.585540+00:00,False,0.216
a56-0-run05-20260810T080333,a56,0,37,data/raw/0/capture_0_a56_a56-0-run05-20260810T080333_37.pcap,,2026-08-09T23:24:49.605855+00:00,False,0.226
a56-0-run05-20260810T080333,a56,0,38,data/raw/0/capture_0_a56_a56-0-run05-20260810T080333_38.pcap,,2026-08-09T23:25:36.649830+00:00,False,0.321
a56-0-run05-20260810T080333,a56,0,39,data/raw/0/capture_0_a56_a56-0-run05-20260810T080333_39.pcap,,2026-08-09T23:26:23.709986+00:00,False,0.258
a56-0-run05-20260810T080333,a56,0,40,data/raw/0/capture_0_a56_a56-0-run05-20260810T080333_40.pcap,,2026-08-09T23:27:10.784195+00:00,False,0.205
a56-0-run05-20260810T080333,a56,0,41,data/raw/0/capture_0_a56_a56-0-run05-20260810T080333_41.pcap,,2026-08-09T23:27:58.001951+00:00,False,0.227
a56-0-run05-20260810T080333,a56,0,42,data/raw/0/capture_0_a56_a56-0-run05-20260810T080333_42.pcap,,2026-08-09T23:28:45.091720+00:00,False,0.632
a56-0-run05-20260810T080333,a56,0,43,data/raw/0/capture_0_a56_a56-0-run05-20260810T080333_43.pcap,data/raw/rrc/rrc_0_a56_a56-0-run05-20260810T080333_7.json,2026-08-09T23:29:03.801798+00:00,True,0.606
a56-0-run05-20260810T080333,a56,0,44,data/raw/0/capture_0_a56_a56-0-run05-20260810T080333_44.pcap,,2026-08-09T23:29:51.230215+00:00,False,0.231
a56-0-run05-20260810T080333,a56,0,45,data/raw/0/capture_0_a56_a56-0-run05-20260810T080333_45.pcap,,2026-08-09T23:30:38.350247+00:00,False,0.228
a56-0-run05-20260810T080333,a56,0,46,data/raw/0/capture_0_a56_a56-0-run05-20260810T080333_46.pcap,,2026-08-09T23:31:25.548389+00:00,False,0.238
a56-0-run05-20260810T080333,a56,0,47,data/raw/0/capture_0_a56_a56-0-run05-20260810T080333_47.pcap,,2026-08-09T23:32:12.803447+00:00,False,0.199
a56-0-run05-20260810T080333,a56,0,48,data/raw/0/capture_0_a56_a56-0-run05-20260810T080333_48.pcap,,2026-08-09T23:32:59.965342+00:00,False,0.371
a56-0-run05-20260810T080333,a56,0,49,data/raw/0/capture_0_a56_a56-0-run05-20260810T080333_49.pcap,,2026-08-09T23:33:47.186010+00:00,False,0.420
a56-0-run05-20260810T080333,a56,0,50,data/raw/0/capture_0_a56_a56-0-run05-20260810T080333_50.pcap,,2026-08-09T23:34:34.407532+00:00,False,0.195
a56-0-run05-20260810T080333,a56,0,51,data/raw/0/capture_0_a56_a56-0-run05-20260810T080333_51.pcap,,2026-08-09T23:35:21.565598+00:00,False,0.385
a56-0-run05-20260810T080333,a56,0,52,data/raw/0/capture_0_a56_a56-0-run05-20260810T080333_52.pcap,,2026-08-09T23:36:08.747283+00:00,False,0.379
a56-0-run05-20260810T080333,a56,0,53,data/raw/0/capture_0_a56_a56-0-run05-20260810T080333_53.pcap,,2026-08-09T23:36:55.890112+00:00,False,0.801
a56-0-run05-20260810T080333,a56,0,54,data/raw/0/capture_0_a56_a56-0-run05-20260810T080333_54.pcap,data/raw/rrc/rrc_0_a56_a56-0-run05-20260810T080333_8.json,2026-08-09T23:37:14.647542+00:00,True,0.425
a56-0-run05-20260810T080333,a56,0,55,data/raw/0/capture_0_a56_a56-0-run05-20260810T080333_55.pcap,,2026-08-09T23:38:01.931214+00:00,False,0.237
a56-0-run05-20260810T080333,a56,0,56,data/raw/0/capture_0_a56_a56-0-run05-20260810T080333_56.pcap,data/raw/rrc/rrc_0_a56_a56-0-run05-20260810T080333_9.json,2026-08-09T23:38:49.054895+00:00,False,0.532
a56-0-run05-20260810T080333,a56,0,57,data/raw/0/capture_0_a56_a56-0-run05-20260810T080333_57.pcap,,2026-08-09T23:39:36.599771+00:00,False,0.550
a56-0-run05-20260810T080333,a56,0,58,data/raw/0/capture_0_a56_a56-0-run05-20260810T080333_58.pcap,,2026-08-09T23:40:23.790693+00:00,False,0.243
a56-0-run05-20260810T080333,a56,0,59,data/raw/0/capture_0_a56_a56-0-run05-20260810T080333_59.pcap,,2026-08-09T23:41:10.974976+00:00,False,0.211
a56-0-run05-20260810T080333,a56,0,60,data/raw/0/capture_0_a56_a56-0-run05-20260810T080333_60.pcap,,2026-08-09T23:41:58.202935+00:00,False,0.220
a56-0-run01-20260810T120205,a56,0,1,data/raw/0/capture_0_a56_a56-0-run01-20260810T120205_1.pcap,data/raw/rrc/rrc_0_a56_a56-0-run01-20260810T120205_3.json,2026-08-10T00:02:55.315320+00:00,False,0.370
a56-0-run01-20260810T120205,a56,0,2,data/raw/0/capture_0_a56_a56-0-run01-20260810T120205_2.pcap,,2026-08-10T00:03:41.026158+00:00,False,0.403
a56-0-run01-20260810T120205,a56,0,3,data/raw/0/capture_0_a56_a56-0-run01-20260810T120205_3.pcap,,2026-08-10T00:04:26.521274+00:00,False,0.418
a56-0-run01-20260810T120205,a56,0,4,data/raw/0/capture_0_a56_a56-0-run01-20260810T120205_4.pcap,data/raw/rrc/rrc_0_a56_a56-0-run01-20260810T120205_4.json,2026-08-10T00:05:12.062104+00:00,False,0.237
a56-0-run01-20260810T120205,a56,0,5,data/raw/0/capture_0_a56_a56-0-run01-20260810T120205_5.pcap,data/raw/rrc/rrc_0_a56_a56-0-run01-20260810T120205_5.json,2026-08-10T00:05:57.613727+00:00,False,0.222
a56-0-run01-20260810T120205,a56,0,6,data/raw/0/capture_0_a56_a56-0-run01-20260810T120205_6.pcap,,2026-08-10T00:06:43.120937+00:00,False,0.217
a56-0-run01-20260810T120205,a56,0,7,data/raw/0/capture_0_a56_a56-0-run01-20260810T120205_7.pcap,,2026-08-10T00:07:28.647749+00:00,False,0.180
a56-0-run01-20260810T120205,a56,0,8,data/raw/0/capture_0_a56_a56-0-run01-20260810T120205_8.pcap,,2026-08-10T00:08:14.122621+00:00,False,0.217
a56-0-run01-20260810T120205,a56,0,9,data/raw/0/capture_0_a56_a56-0-run01-20260810T120205_9.pcap,data/raw/rrc/rrc_0_a56_a56-0-run01-20260810T120205_6.json,2026-08-10T00:08:31.049001+00:00,True,0.264
a56-0-run01-20260810T120205,a56,0,10,data/raw/0/capture_0_a56_a56-0-run01-20260810T120205_10.pcap,,2026-08-10T00:09:16.735628+00:00,False,0.218
a56-0-run01-20260810T120205,a56,0,11,data/raw/0/capture_0_a56_a56-0-run01-20260810T120205_11.pcap,,2026-08-10T00:10:02.232447+00:00,False,0.619
a56-0-run01-20260810T120205,a56,0,12,data/raw/0/capture_0_a56_a56-0-run01-20260810T120205_12.pcap,,2026-08-10T00:10:47.760528+00:00,False,0.198
a56-0-run01-20260810T120205,a56,0,13,data/raw/0/capture_0_a56_a56-0-run01-20260810T120205_13.pcap,,2026-08-10T00:11:33.318357+00:00,False,0.334
a56-0-run01-20260810T120205,a56,0,14,data/raw/0/capture_0_a56_a56-0-run01-20260810T120205_14.pcap,,2026-08-10T00:12:18.822312+00:00,False,0.381
a56-0-run01-20260810T120205,a56,0,15,data/raw/0/capture_0_a56_a56-0-run01-20260810T120205_15.pcap,,2026-08-10T00:13:04.366956+00:00,False,0.372
a56-0-run01-20260810T120205,a56,0,16,data/raw/0/capture_0_a56_a56-0-run01-20260810T120205_16.pcap,,2026-08-10T00:13:49.936772+00:00,False,0.438
a56-0-run01-20260810T120205,a56,0,17,data/raw/0/capture_0_a56_a56-0-run01-20260810T120205_17.pcap,,2026-08-10T00:14:35.486083+00:00,False,0.465
a56-0-run01-20260810T120205,a56,0,18,data/raw/0/capture_0_a56_a56-0-run01-20260810T120205_18.pcap,,2026-08-10T00:15:21.096256+00:00,False,0.396
a56-0-run01-20260810T120205,a56,0,19,data/raw/0/capture_0_a56_a56-0-run01-20260810T120205_19.pcap,,2026-08-10T00:16:06.672972+00:00,False,0.429
a56-0-run01-20260810T120205,a56,0,20,data/raw/0/capture_0_a56_a56-0-run01-20260810T120205_20.pcap,data/raw/rrc/rrc_0_a56_a56-0-run01-20260810T120205_7.json,2026-08-10T00:16:23.917633+00:00,True,0.973
a56-0-run01-20260810T120205,a56,0,21,data/raw/0/capture_0_a56_a56-0-run01-20260810T120205_21.pcap,,2026-08-10T00:17:09.663328+00:00,False,0.368
a56-0-run01-20260810T120205,a56,0,22,data/raw/0/capture_0_a56_a56-0-run01-20260810T120205_22.pcap,,2026-08-10T00:17:55.261634+00:00,False,0.537
a56-0-run01-20260810T120205,a56,0,23,data/raw/0/capture_0_a56_a56-0-run01-20260810T120205_23.pcap,data/raw/rrc/rrc_0_a56_a56-0-run01-20260810T120205_9.json,2026-08-10T00:18:10.751126+00:00,True,1.184
a56-0-run01-20260810T120205,a56,0,24,data/raw/0/capture_0_a56_a56-0-run01-20260810T120205_24.pcap,,2026-08-10T00:18:56.417470+00:00,False,0.457
a56-0-run01-20260810T120205,a56,0,25,data/raw/0/capture_0_a56_a56-0-run01-20260810T120205_25.pcap,data/raw/rrc/rrc_0_a56_a56-0-run01-20260810T120205_10.json,2026-08-10T00:19:13.693609+00:00,True,0.840
a56-0-run01-20260810T120205,a56,0,26,data/raw/0/capture_0_a56_a56-0-run01-20260810T120205_26.pcap,,2026-08-10T00:19:59.475993+00:00,False,0.181
a56-0-run01-20260810T120205,a56,0,27,data/raw/0/capture_0_a56_a56-0-run01-20260810T120205_27.pcap,,2026-08-10T00:20:45.102900+00:00,False,0.218
a56-0-run01-20260810T120205,a56,0,28,data/raw/0/capture_0_a56_a56-0-run01-20260810T120205_28.pcap,data/raw/rrc/rrc_0_a56_a56-0-run01-20260810T120205_11.json,2026-08-10T00:21:30.683240+00:00,False,0.210
a56-0-run01-20260810T120205,a56,0,29,data/raw/0/capture_0_a56_a56-0-run01-20260810T120205_29.pcap,,2026-08-10T00:22:16.474322+00:00,False,0.425
a56-0-run01-20260810T120205,a56,0,30,data/raw/0/capture_0_a56_a56-0-run01-20260810T120205_30.pcap,,2026-08-10T00:23:02.126589+00:00,False,0.242
a56-0-run01-20260810T120205,a56,0,31,data/raw/0/capture_0_a56_a56-0-run01-20260810T120205_31.pcap,,2026-08-10T00:23:47.801682+00:00,False,0.187
a56-0-run01-20260810T120205,a56,0,32,data/raw/0/capture_0_a56_a56-0-run01-20260810T120205_32.pcap,data/raw/rrc/rrc_0_a56_a56-0-run01-20260810T120205_12.json,2026-08-10T00:24:04.854639+00:00,True,0.239
a56-0-run01-20260810T120205,a56,0,33,data/raw/0/capture_0_a56_a56-0-run01-20260810T120205_33.pcap,,2026-08-10T00:24:50.630073+00:00,False,0.244
a56-0-run01-20260810T120205,a56,0,34,data/raw/0/capture_0_a56_a56-0-run01-20260810T120205_34.pcap,,2026-08-10T00:25:36.293267+00:00,False,0.227
a56-0-run01-20260810T120205,a56,0,35,data/raw/0/capture_0_a56_a56-0-run01-20260810T120205_35.pcap,,2026-08-10T00:26:21.992110+00:00,False,0.220
a56-0-run01-20260810T120205,a56,0,36,data/raw/0/capture_0_a56_a56-0-run01-20260810T120205_36.pcap,,2026-08-10T00:27:07.660896+00:00,False,0.235
a56-0-run01-20260810T120205,a56,0,37,data/raw/0/capture_0_a56_a56-0-run01-20260810T120205_37.pcap,,2026-08-10T00:27:53.378910+00:00,False,0.224
a56-0-run01-20260810T120205,a56,0,38,data/raw/0/capture_0_a56_a56-0-run01-20260810T120205_38.pcap,,2026-08-10T00:28:39.019811+00:00,False,0.212
a56-0-run01-20260810T120205,a56,0,39,data/raw/0/capture_0_a56_a56-0-run01-20260810T120205_39.pcap,,2026-08-10T00:29:24.656654+00:00,False,0.364
a56-0-run01-20260810T120205,a56,0,40,data/raw/0/capture_0_a56_a56-0-run01-20260810T120205_40.pcap,,2026-08-10T00:30:10.335306+00:00,False,1.018
a56-0-run01-20260810T120205,a56,0,41,data/raw/0/capture_0_a56_a56-0-run01-20260810T120205_41.pcap,,2026-08-10T00:30:56.023383+00:00,False,0.370
a56-0-run01-20260810T120205,a56,0,42,data/raw/0/capture_0_a56_a56-0-run01-20260810T120205_42.pcap,,2026-08-10T00:31:41.744888+00:00,False,0.394
a56-0-run01-20260810T120205,a56,0,43,data/raw/0/capture_0_a56_a56-0-run01-20260810T120205_43.pcap,data/raw/rrc/rrc_0_a56_a56-0-run01-20260810T120205_13.json,2026-08-10T00:31:59.093985+00:00,True,0.414
a56-0-run01-20260810T120205,a56,0,44,data/raw/0/capture_0_a56_a56-0-run01-20260810T120205_44.pcap,,2026-08-10T00:32:44.889984+00:00,False,0.383
a56-0-run01-20260810T120205,a56,0,45,data/raw/0/capture_0_a56_a56-0-run01-20260810T120205_45.pcap,,2026-08-10T00:33:30.603319+00:00,False,0.373
a56-0-run01-20260810T120205,a56,0,46,data/raw/0/capture_0_a56_a56-0-run01-20260810T120205_46.pcap,data/raw/rrc/rrc_0_a56_a56-0-run01-20260810T120205_14.json,2026-08-10T00:34:16.361472+00:00,False,0.315
a56-0-run01-20260810T120205,a56,0,47,data/raw/0/capture_0_a56_a56-0-run01-20260810T120205_47.pcap,,2026-08-10T00:35:02.234358+00:00,False,0.368
a56-0-run01-20260810T120205,a56,0,48,data/raw/0/capture_0_a56_a56-0-run01-20260810T120205_48.pcap,,2026-08-10T00:35:47.964313+00:00,False,0.376
a56-0-run01-20260810T120205,a56,0,49,data/raw/0/capture_0_a56_a56-0-run01-20260810T120205_49.pcap,,2026-08-10T00:36:33.694298+00:00,False,0.363
a56-0-run01-20260810T120205,a56,0,50,data/raw/0/capture_0_a56_a56-0-run01-20260810T120205_50.pcap,,2026-08-10T00:37:19.445571+00:00,False,0.386
a56-0-run01-20260810T120205,a56,0,51,data/raw/0/capture_0_a56_a56-0-run01-20260810T120205_51.pcap,,2026-08-10T00:38:05.244292+00:00,False,1.059
a56-0-run01-20260810T120205,a56,0,52,data/raw/0/capture_0_a56_a56-0-run01-20260810T120205_52.pcap,,2026-08-10T00:38:50.991203+00:00,False,0.399
a56-0-run01-20260810T120205,a56,0,53,data/raw/0/capture_0_a56_a56-0-run01-20260810T120205_53.pcap,,2026-08-10T00:39:36.709018+00:00,False,0.235
a56-0-run01-20260810T120205,a56,0,54,data/raw/0/capture_0_a56_a56-0-run01-20260810T120205_54.pcap,data/raw/rrc/rrc_0_a56_a56-0-run01-20260810T120205_15.json,2026-08-10T00:39:54.153157+00:00,True,0.631
a56-0-run01-20260810T120205,a56,0,55,data/raw/0/capture_0_a56_a56-0-run01-20260810T120205_55.pcap,,2026-08-10T00:40:40.065624+00:00,False,0.205
a56-0-run01-20260810T120205,a56,0,56,data/raw/0/capture_0_a56_a56-0-run01-20260810T120205_56.pcap,,2026-08-10T00:41:25.843607+00:00,False,0.223
a56-0-run01-20260810T120205,a56,0,57,data/raw/0/capture_0_a56_a56-0-run01-20260810T120205_57.pcap,,2026-08-10T00:42:11.619737+00:00,False,0.223
a56-0-run01-20260810T120205,a56,0,58,data/raw/0/capture_0_a56_a56-0-run01-20260810T120205_58.pcap,,2026-08-10T00:42:57.431355+00:00,False,0.222
a56-0-run01-20260810T120205,a56,0,59,data/raw/0/capture_0_a56_a56-0-run01-20260810T120205_59.pcap,,2026-08-10T00:43:43.201008+00:00,False,0.502
a56-0-run01-20260810T120205,a56,0,60,data/raw/0/capture_0_a56_a56-0-run01-20260810T120205_60.pcap,,2026-08-10T00:44:29.023381+00:00,False,0.463
a56-0-run02-20260810T120205,a56,0,1,data/raw/0/capture_0_a56_a56-0-run02-20260810T120205_1.pcap,,2026-08-10T00:45:14.772751+00:00,False,0.405
a56-0-run02-20260810T120205,a56,0,2,data/raw/0/capture_0_a56_a56-0-run02-20260810T120205_2.pcap,,2026-08-10T00:46:00.551089+00:00,False,0.950
a56-0-run02-20260810T120205,a56,0,3,data/raw/0/capture_0_a56_a56-0-run02-20260810T120205_3.pcap,,2026-08-10T00:46:46.372048+00:00,False,0.338
a56-0-run02-20260810T120205,a56,0,4,data/raw/0/capture_0_a56_a56-0-run02-20260810T120205_4.pcap,data/raw/rrc/rrc_0_a56_a56-0-run02-20260810T120205_1.json,2026-08-10T00:47:32.147577+00:00,False,0.206
a56-0-run02-20260810T120205,a56,0,5,data/raw/0/capture_0_a56_a56-0-run02-20260810T120205_5.pcap,data/raw/rrc/rrc_0_a56_a56-0-run02-20260810T120205_2.json,2026-08-10T00:47:49.835711+00:00,True,1.139
a56-0-run02-20260810T120205,a56,0,6,data/raw/0/capture_0_a56_a56-0-run02-20260810T120205_6.pcap,,2026-08-10T00:48:35.832376+00:00,False,0.206
a56-0-run02-20260810T120205,a56,0,7,data/raw/0/capture_0_a56_a56-0-run02-20260810T120205_7.pcap,,2026-08-10T00:49:21.785866+00:00,False,0.222
a56-0-run02-20260810T120205,a56,0,8,data/raw/0/capture_0_a56_a56-0-run02-20260810T120205_8.pcap,,2026-08-10T00:50:07.699238+00:00,False,0.221
a56-0-run02-20260810T120205,a56,0,9,data/raw/0/capture_0_a56_a56-0-run02-20260810T120205_9.pcap,,2026-08-10T00:50:53.521000+00:00,False,0.216
a56-0-run02-20260810T120205,a56,0,10,data/raw/0/capture_0_a56_a56-0-run02-20260810T120205_10.pcap,data/raw/rrc/rrc_0_a56_a56-0-run02-20260810T120205_3.json,2026-08-10T00:51:39.355808+00:00,False,0.227
a56-0-run02-20260810T120205,a56,0,11,data/raw/0/capture_0_a56_a56-0-run02-20260810T120205_11.pcap,,2026-08-10T00:52:25.258164+00:00,False,0.221
a56-0-run02-20260810T120205,a56,0,12,data/raw/0/capture_0_a56_a56-0-run02-20260810T120205_12.pcap,,2026-08-10T00:53:11.116179+00:00,False,0.220
a56-0-run02-20260810T120205,a56,0,13,data/raw/0/capture_0_a56_a56-0-run02-20260810T120205_13.pcap,,2026-08-10T00:53:56.998600+00:00,False,1.105
a56-0-run02-20260810T120205,a56,0,14,data/raw/0/capture_0_a56_a56-0-run02-20260810T120205_14.pcap,,2026-08-10T00:54:42.910868+00:00,False,0.223
a56-0-run02-20260810T120205,a56,0,15,data/raw/0/capture_0_a56_a56-0-run02-20260810T120205_15.pcap,,2026-08-10T00:55:28.805333+00:00,False,0.230
a56-0-run02-20260810T120205,a56,0,16,data/raw/0/capture_0_a56_a56-0-run02-20260810T120205_16.pcap,data/raw/rrc/rrc_0_a56_a56-0-run02-20260810T120205_4.json,2026-08-10T00:55:46.339514+00:00,True,1.815
a56-0-run02-20260810T120205,a56,0,17,data/raw/0/capture_0_a56_a56-0-run02-20260810T120205_17.pcap,,2026-08-10T00:56:32.423654+00:00,False,0.239
a56-0-run02-20260810T120205,a56,0,18,data/raw/0/capture_0_a56_a56-0-run02-20260810T120205_18.pcap,data/raw/rrc/rrc_0_a56_a56-0-run02-20260810T120205_5.json,2026-08-10T00:57:18.337395+00:00,False,0.376
a56-0-run02-20260810T120205,a56,0,19,data/raw/0/capture_0_a56_a56-0-run02-20260810T120205_19.pcap,,2026-08-10T00:58:04.253014+00:00,False,0.357
a56-0-run02-20260810T120205,a56,0,20,data/raw/0/capture_0_a56_a56-0-run02-20260810T120205_20.pcap,,2026-08-10T00:58:50.166813+00:00,False,0.418
a56-0-run02-20260810T120205,a56,0,21,data/raw/0/capture_0_a56_a56-0-run02-20260810T120205_21.pcap,,2026-08-10T00:59:36.104542+00:00,False,0.390
a56-0-run02-20260810T120205,a56,0,22,data/raw/0/capture_0_a56_a56-0-run02-20260810T120205_22.pcap,,2026-08-10T01:00:22.103348+00:00,False,0.374
a56-0-run02-20260810T120205,a56,0,23,data/raw/0/capture_0_a56_a56-0-run02-20260810T120205_23.pcap,data/raw/rrc/rrc_0_a56_a56-0-run02-20260810T120205_6.json,2026-08-10T01:01:08.060127+00:00,False,1.184
a56-0-run02-20260810T120205,a56,0,24,data/raw/0/capture_0_a56_a56-0-run02-20260810T120205_24.pcap,,2026-08-10T01:01:54.145894+00:00,False,0.413
a56-0-run02-20260810T120205,a56,0,25,data/raw/0/capture_0_a56_a56-0-run02-20260810T120205_25.pcap,,2026-08-10T01:02:40.106603+00:00,False,0.375
a56-0-run02-20260810T120205,a56,0,26,data/raw/0/capture_0_a56_a56-0-run02-20260810T120205_26.pcap,,2026-08-10T01:03:26.167393+00:00,False,0.238
a56-0-run02-20260810T120205,a56,0,27,data/raw/0/capture_0_a56_a56-0-run02-20260810T120205_27.pcap,,2026-08-10T01:04:12.108833+00:00,False,0.220
a56-0-run02-20260810T120205,a56,0,28,data/raw/0/capture_0_a56_a56-0-run02-20260810T120205_28.pcap,,2026-08-10T01:04:58.147570+00:00,False,0.220
a56-0-run02-20260810T120205,a56,0,29,data/raw/0/capture_0_a56_a56-0-run02-20260810T120205_29.pcap,,2026-08-10T01:05:44.148523+00:00,False,0.228
a56-0-run02-20260810T120205,a56,0,30,data/raw/0/capture_0_a56_a56-0-run02-20260810T120205_30.pcap,,2026-08-10T01:06:30.251692+00:00,False,0.243
a56-0-run02-20260810T120205,a56,0,31,data/raw/0/capture_0_a56_a56-0-run02-20260810T120205_31.pcap,,2026-08-10T01:07:16.325594+00:00,False,0.254
a56-0-run02-20260810T120205,a56,0,32,data/raw/0/capture_0_a56_a56-0-run02-20260810T120205_32.pcap,,2026-08-10T01:08:02.332296+00:00,False,1.435
a56-0-run02-20260810T120205,a56,0,33,data/raw/0/capture_0_a56_a56-0-run02-20260810T120205_33.pcap,data/raw/rrc/rrc_0_a56_a56-0-run02-20260810T120205_7.json,2026-08-10T01:08:19.986048+00:00,True,0.652
a56-0-run02-20260810T120205,a56,0,34,data/raw/0/capture_0_a56_a56-0-run02-20260810T120205_34.pcap,,2026-08-10T01:09:06.179116+00:00,False,0.201
a56-0-run02-20260810T120205,a56,0,35,data/raw/0/capture_0_a56_a56-0-run02-20260810T120205_35.pcap,,2026-08-10T01:09:52.197880+00:00,False,0.364
a56-0-run02-20260810T120205,a56,0,36,data/raw/0/capture_0_a56_a56-0-run02-20260810T120205_36.pcap,,2026-08-10T01:10:38.232617+00:00,False,0.382
a56-0-run02-20260810T120205,a56,0,37,data/raw/0/capture_0_a56_a56-0-run02-20260810T120205_37.pcap,,2026-08-10T01:11:24.269098+00:00,False,0.223
a56-0-run02-20260810T120205,a56,0,38,data/raw/0/capture_0_a56_a56-0-run02-20260810T120205_38.pcap,,2026-08-10T01:12:10.300509+00:00,False,0.227
a56-0-run02-20260810T120205,a56,0,39,data/raw/0/capture_0_a56_a56-0-run02-20260810T120205_39.pcap,,2026-08-10T01:12:56.386907+00:00,False,0.211
a56-0-run02-20260810T120205,a56,0,40,data/raw/0/capture_0_a56_a56-0-run02-20260810T120205_40.pcap,,2026-08-10T01:13:42.443360+00:00,False,0.219
a56-0-run02-20260810T120205,a56,0,41,data/raw/0/capture_0_a56_a56-0-run02-20260810T120205_41.pcap,,2026-08-10T01:14:28.530847+00:00,False,1.072
a56-0-run02-20260810T120205,a56,0,42,data/raw/0/capture_0_a56_a56-0-run02-20260810T120205_42.pcap,,2026-08-10T01:15:14.550151+00:00,False,0.436
a56-0-run02-20260810T120205,a56,0,43,data/raw/0/capture_0_a56_a56-0-run02-20260810T120205_43.pcap,,2026-08-10T01:16:00.630746+00:00,False,0.216
a56-0-run02-20260810T120205,a56,0,44,data/raw/0/capture_0_a56_a56-0-run02-20260810T120205_44.pcap,data/raw/rrc/rrc_0_a56_a56-0-run02-20260810T120205_8.json,2026-08-10T01:16:18.351795+00:00,True,1.049
a56-0-run02-20260810T120205,a56,0,45,data/raw/0/capture_0_a56_a56-0-run02-20260810T120205_45.pcap,data/raw/rrc/rrc_0_a56_a56-0-run02-20260810T120205_9.json,2026-08-10T01:17:04.571221+00:00,False,0.321
a56-0-run02-20260810T120205,a56,0,46,data/raw/0/capture_0_a56_a56-0-run02-20260810T120205_46.pcap,,2026-08-10T01:17:50.868236+00:00,False,0.387
a56-0-run02-20260810T120205,a56,0,47,data/raw/0/capture_0_a56_a56-0-run02-20260810T120205_47.pcap,,2026-08-10T01:18:37.125238+00:00,False,0.378
a56-0-run02-20260810T120205,a56,0,48,data/raw/0/capture_0_a56_a56-0-run02-20260810T120205_48.pcap,,2026-08-10T01:19:23.338249+00:00,False,0.257
a56-0-run02-20260810T120205,a56,0,49,data/raw/0/capture_0_a56_a56-0-run02-20260810T120205_49.pcap,,2026-08-10T01:20:09.426555+00:00,False,0.235
a56-0-run02-20260810T120205,a56,0,50,data/raw/0/capture_0_a56_a56-0-run02-20260810T120205_50.pcap,,2026-08-10T01:20:55.538480+00:00,False,0.184
a56-0-run02-20260810T120205,a56,0,51,data/raw/0/capture_0_a56_a56-0-run02-20260810T120205_51.pcap,,2026-08-10T01:21:41.636753+00:00,False,0.238
a56-0-run02-20260810T120205,a56,0,52,data/raw/0/capture_0_a56_a56-0-run02-20260810T120205_52.pcap,,2026-08-10T01:22:27.739399+00:00,False,0.252
a56-0-run02-20260810T120205,a56,0,53,data/raw/0/capture_0_a56_a56-0-run02-20260810T120205_53.pcap,,2026-08-10T01:23:13.917114+00:00,False,0.218
a56-0-run02-20260810T120205,a56,0,54,data/raw/0/capture_0_a56_a56-0-run02-20260810T120205_54.pcap,,2026-08-10T01:24:00.057653+00:00,False,0.494
a56-0-run02-20260810T120205,a56,0,55,data/raw/0/capture_0_a56_a56-0-run02-20260810T120205_55.pcap,data/raw/rrc/rrc_0_a56_a56-0-run02-20260810T120205_10.json,2026-08-10T01:24:17.897491+00:00,True,1.068
a56-0-run02-20260810T120205,a56,0,56,data/raw/0/capture_0_a56_a56-0-run02-20260810T120205_56.pcap,,2026-08-10T01:25:04.213830+00:00,False,0.443
a56-0-run02-20260810T120205,a56,0,57,data/raw/0/capture_0_a56_a56-0-run02-20260810T120205_57.pcap,,2026-08-10T01:25:50.417710+00:00,False,0.324
a56-0-run02-20260810T120205,a56,0,58,data/raw/0/capture_0_a56_a56-0-run02-20260810T120205_58.pcap,,2026-08-10T01:26:36.577992+00:00,False,0.309
a56-0-run02-20260810T120205,a56,0,59,data/raw/0/capture_0_a56_a56-0-run02-20260810T120205_59.pcap,,2026-08-10T01:27:22.751844+00:00,False,0.259
a56-0-run02-20260810T120205,a56,0,60,data/raw/0/capture_0_a56_a56-0-run02-20260810T120205_60.pcap,,2026-08-10T01:28:09.003444+00:00,False,0.227
a56-0-run03-20260810T120205,a56,0,1,data/raw/0/capture_0_a56_a56-0-run03-20260810T120205_1.pcap,,2026-08-10T01:28:55.173437+00:00,False,0.405
a56-0-run03-20260810T120205,a56,0,2,data/raw/0/capture_0_a56_a56-0-run03-20260810T120205_2.pcap,,2026-08-10T01:29:41.299996+00:00,False,0.388
a56-0-run03-20260810T120205,a56,0,3,data/raw/0/capture_0_a56_a56-0-run03-20260810T120205_3.pcap,,2026-08-10T01:30:27.513423+00:00,False,0.389
a56-0-run03-20260810T120205,a56,0,4,data/raw/0/capture_0_a56_a56-0-run03-20260810T120205_4.pcap,,2026-08-10T01:31:13.660836+00:00,False,0.368
a56-0-run03-20260810T120205,a56,0,5,data/raw/0/capture_0_a56_a56-0-run03-20260810T120205_5.pcap,,2026-08-10T01:31:59.896720+00:00,False,0.431
a56-0-run03-20260810T120205,a56,0,6,data/raw/0/capture_0_a56_a56-0-run03-20260810T120205_6.pcap,data/raw/rrc/rrc_0_a56_a56-0-run03-20260810T120205_2.json,2026-08-10T01:32:17.769758+00:00,True,1.103
a56-0-run03-20260810T120205,a56,0,7,data/raw/0/capture_0_a56_a56-0-run03-20260810T120205_7.pcap,data/raw/rrc/rrc_0_a56_a56-0-run03-20260810T120205_4.json,2026-08-10T01:33:04.271179+00:00,False,1.010
a56-0-run03-20260810T120205,a56,0,8,data/raw/0/capture_0_a56_a56-0-run03-20260810T120205_8.pcap,,2026-08-10T01:33:50.605538+00:00,False,0.155
a56-0-run03-20260810T120205,a56,0,9,data/raw/0/capture_0_a56_a56-0-run03-20260810T120205_9.pcap,,2026-08-10T01:34:36.887687+00:00,False,0.222
a56-0-run03-20260810T120205,a56,0,10,data/raw/0/capture_0_a56_a56-0-run03-20260810T120205_10.pcap,,2026-08-10T01:35:23.158045+00:00,False,0.225
a56-0-run03-20260810T120205,a56,0,11,data/raw/0/capture_0_a56_a56-0-run03-20260810T120205_11.pcap,,2026-08-10T01:36:09.439222+00:00,False,0.193
a56-0-run03-20260810T120205,a56,0,12,data/raw/0/capture_0_a56_a56-0-run03-20260810T120205_12.pcap,,2026-08-10T01:36:55.755316+00:00,False,0.214
a56-0-run03-20260810T120205,a56,0,13,data/raw/0/capture_0_a56_a56-0-run03-20260810T120205_13.pcap,data/raw/rrc/rrc_0_a56_a56-0-run03-20260810T120205_5.json,2026-08-10T01:37:42.060380+00:00,False,0.363
a56-0-run03-20260810T120205,a56,0,14,data/raw/0/capture_0_a56_a56-0-run03-20260810T120205_14.pcap,data/raw/rrc/rrc_0_a56_a56-0-run03-20260810T120205_6.json,2026-08-10T01:38:28.437639+00:00,False,0.406
a56-0-run03-20260810T120205,a56,0,15,data/raw/0/capture_0_a56_a56-0-run03-20260810T120205_15.pcap,,2026-08-10T01:39:14.713418+00:00,False,0.373
a56-0-run03-20260810T120205,a56,0,16,data/raw/0/capture_0_a56_a56-0-run03-20260810T120205_16.pcap,,2026-08-10T01:40:00.944463+00:00,False,0.392
a56-0-run03-20260810T120205,a56,0,17,data/raw/0/capture_0_a56_a56-0-run03-20260810T120205_17.pcap,data/raw/rrc/rrc_0_a56_a56-0-run03-20260810T120205_7.json,2026-08-10T01:40:18.850258+00:00,True,0.754
a56-0-run03-20260810T120205,a56,0,18,data/raw/0/capture_0_a56_a56-0-run03-20260810T120205_18.pcap,,2026-08-10T01:41:05.271167+00:00,False,0.422
a56-0-run03-20260810T120205,a56,0,19,data/raw/0/capture_0_a56_a56-0-run03-20260810T120205_19.pcap,,2026-08-10T01:41:51.531536+00:00,False,0.217
a56-0-run03-20260810T120205,a56,0,20,data/raw/0/capture_0_a56_a56-0-run03-20260810T120205_20.pcap,,2026-08-10T01:42:37.792930+00:00,False,0.253
a56-0-run03-20260810T120205,a56,0,21,data/raw/0/capture_0_a56_a56-0-run03-20260810T120205_21.pcap,,2026-08-10T01:43:24.134639+00:00,False,0.233
a56-0-run03-20260810T120205,a56,0,22,data/raw/0/capture_0_a56_a56-0-run03-20260810T120205_22.pcap,,2026-08-10T01:44:10.428114+00:00,False,0.219
a56-0-run03-20260810T120205,a56,0,23,data/raw/0/capture_0_a56_a56-0-run03-20260810T120205_23.pcap,,2026-08-10T01:44:56.706486+00:00,False,0.215
a56-0-run03-20260810T120205,a56,0,24,data/raw/0/capture_0_a56_a56-0-run03-20260810T120205_24.pcap,,2026-08-10T01:45:43.036481+00:00,False,0.237
a56-0-run03-20260810T120205,a56,0,25,data/raw/0/capture_0_a56_a56-0-run03-20260810T120205_25.pcap,,2026-08-10T01:46:29.338638+00:00,False,0.314
a56-0-run03-20260810T120205,a56,0,26,data/raw/0/capture_0_a56_a56-0-run03-20260810T120205_26.pcap,,2026-08-10T01:47:15.636209+00:00,False,0.290
a56-0-run03-20260810T120205,a56,0,27,data/raw/0/capture_0_a56_a56-0-run03-20260810T120205_27.pcap,,2026-08-10T01:48:01.982198+00:00,False,0.447
a56-0-run03-20260810T120205,a56,0,28,data/raw/0/capture_0_a56_a56-0-run03-20260810T120205_28.pcap,data/raw/rrc/rrc_0_a56_a56-0-run03-20260810T120205_8.json,2026-08-10T01:48:19.859943+00:00,True,1.064
a56-0-run03-20260810T120205,a56,0,29,data/raw/0/capture_0_a56_a56-0-run03-20260810T120205_29.pcap,,2026-08-10T01:49:06.335820+00:00,False,0.601
a56-0-run03-20260810T120205,a56,0,30,data/raw/0/capture_0_a56_a56-0-run03-20260810T120205_30.pcap,,2026-08-10T01:49:52.684439+00:00,False,0.239
a56-0-run03-20260810T120205,a56,0,31,data/raw/0/capture_0_a56_a56-0-run03-20260810T120205_31.pcap,,2026-08-10T01:50:39.022982+00:00,False,0.549
a56-0-run03-20260810T120205,a56,0,32,data/raw/0/capture_0_a56_a56-0-run03-20260810T120205_32.pcap,,2026-08-10T01:51:25.356765+00:00,False,0.235
a56-0-run03-20260810T120205,a56,0,33,data/raw/0/capture_0_a56_a56-0-run03-20260810T120205_33.pcap,,2026-08-10T01:52:11.701891+00:00,False,0.673
a56-0-run03-20260810T120205,a56,0,34,data/raw/0/capture_0_a56_a56-0-run03-20260810T120205_34.pcap,data/raw/rrc/rrc_0_a56_a56-0-run03-20260810T120205_9.json,2026-08-10T01:52:58.156739+00:00,False,0.212
a56-0-run03-20260810T120205,a56,0,35,data/raw/0/capture_0_a56_a56-0-run03-20260810T120205_35.pcap,,2026-08-10T01:53:44.714558+00:00,False,0.399
a56-0-run03-20260810T120205,a56,0,36,data/raw/0/capture_0_a56_a56-0-run03-20260810T120205_36.pcap,,2026-08-10T01:54:31.094128+00:00,False,0.386
a56-0-run03-20260810T120205,a56,0,37,data/raw/0/capture_0_a56_a56-0-run03-20260810T120205_37.pcap,,2026-08-10T01:55:17.446340+00:00,False,0.423
a56-0-run03-20260810T120205,a56,0,38,data/raw/0/capture_0_a56_a56-0-run03-20260810T120205_38.pcap,,2026-08-10T01:56:03.907262+00:00,False,0.371
a56-0-run03-20260810T120205,a56,0,39,data/raw/0/capture_0_a56_a56-0-run03-20260810T120205_39.pcap,data/raw/rrc/rrc_0_a56_a56-0-run03-20260810T120205_10.json,2026-08-10T01:56:21.952809+00:00,True,0.727
a56-0-run03-20260810T120205,a56,0,40,data/raw/0/capture_0_a56_a56-0-run03-20260810T120205_40.pcap,,2026-08-10T01:57:08.572160+00:00,False,0.426
a56-0-run03-20260810T120205,a56,0,41,data/raw/0/capture_0_a56_a56-0-run03-20260810T120205_41.pcap,,2026-08-10T01:57:55.062285+00:00,False,0.232
a56-0-run03-20260810T120205,a56,0,42,data/raw/0/capture_0_a56_a56-0-run03-20260810T120205_42.pcap,,2026-08-10T01:58:41.454327+00:00,False,0.227
a56-0-run03-20260810T120205,a56,0,43,data/raw/0/capture_0_a56_a56-0-run03-20260810T120205_43.pcap,,2026-08-10T01:59:27.983227+00:00,False,0.406
a56-0-run03-20260810T120205,a56,0,44,data/raw/0/capture_0_a56_a56-0-run03-20260810T120205_44.pcap,,2026-08-10T02:00:14.480714+00:00,False,0.440
a56-0-run03-20260810T120205,a56,0,45,data/raw/0/capture_0_a56_a56-0-run03-20260810T120205_45.pcap,,2026-08-10T02:01:00.928965+00:00,False,0.407
a56-0-run03-20260810T120205,a56,0,46,data/raw/0/capture_0_a56_a56-0-run03-20260810T120205_46.pcap,,2026-08-10T02:01:47.427535+00:00,False,0.400
a56-0-run03-20260810T120205,a56,0,47,data/raw/0/capture_0_a56_a56-0-run03-20260810T120205_47.pcap,,2026-08-10T02:02:33.850851+00:00,False,0.415
a56-0-run03-20260810T120205,a56,0,48,data/raw/0/capture_0_a56_a56-0-run03-20260810T120205_48.pcap,,2026-08-10T02:03:20.277193+00:00,False,0.360
a56-0-run03-20260810T120205,a56,0,49,data/raw/0/capture_0_a56_a56-0-run03-20260810T120205_49.pcap,,2026-08-10T02:04:06.711245+00:00,False,1.190
a56-0-run03-20260810T120205,a56,0,50,data/raw/0/capture_0_a56_a56-0-run03-20260810T120205_50.pcap,data/raw/rrc/rrc_0_a56_a56-0-run03-20260810T120205_11.json,2026-08-10T02:04:24.854067+00:00,True,0.649
a56-0-run03-20260810T120205,a56,0,51,data/raw/0/capture_0_a56_a56-0-run03-20260810T120205_51.pcap,,2026-08-10T02:05:11.499471+00:00,False,0.434
a56-0-run03-20260810T120205,a56,0,52,data/raw/0/capture_0_a56_a56-0-run03-20260810T120205_52.pcap,,2026-08-10T02:05:58.001591+00:00,False,0.431
a56-0-run03-20260810T120205,a56,0,53,data/raw/0/capture_0_a56_a56-0-run03-20260810T120205_53.pcap,data/raw/rrc/rrc_0_a56_a56-0-run03-20260810T120205_12.json,2026-08-10T02:06:44.539556+00:00,False,0.326
a56-0-run03-20260810T120205,a56,0,54,data/raw/0/capture_0_a56_a56-0-run03-20260810T120205_54.pcap,,2026-08-10T02:07:31.081065+00:00,False,0.226
a56-0-run03-20260810T120205,a56,0,55,data/raw/0/capture_0_a56_a56-0-run03-20260810T120205_55.pcap,,2026-08-10T02:08:17.649868+00:00,False,0.224
a56-0-run03-20260810T120205,a56,0,56,data/raw/0/capture_0_a56_a56-0-run03-20260810T120205_56.pcap,,2026-08-10T02:09:04.098516+00:00,False,0.227
a56-0-run03-20260810T120205,a56,0,57,data/raw/0/capture_0_a56_a56-0-run03-20260810T120205_57.pcap,,2026-08-10T02:09:50.626339+00:00,False,0.228
a56-0-run03-20260810T120205,a56,0,58,data/raw/0/capture_0_a56_a56-0-run03-20260810T120205_58.pcap,,2026-08-10T02:10:37.117795+00:00,False,0.213
a56-0-run03-20260810T120205,a56,0,59,data/raw/0/capture_0_a56_a56-0-run03-20260810T120205_59.pcap,,2026-08-10T02:11:23.626693+00:00,False,0.233
a56-0-run03-20260810T120205,a56,0,60,data/raw/0/capture_0_a56_a56-0-run03-20260810T120205_60.pcap,,2026-08-10T02:12:10.183231+00:00,False,1.054
a56-0-run04-20260810T120205,a56,0,1,data/raw/0/capture_0_a56_a56-0-run04-20260810T120205_1.pcap,data/raw/rrc/rrc_0_a56_a56-0-run04-20260810T120205_1.json,2026-08-10T02:12:28.288588+00:00,True,0.581
a56-0-run04-20260810T120205,a56,0,2,data/raw/0/capture_0_a56_a56-0-run04-20260810T120205_2.pcap,,2026-08-10T02:13:14.962998+00:00,False,0.371
a56-0-run04-20260810T120205,a56,0,3,data/raw/0/capture_0_a56_a56-0-run04-20260810T120205_3.pcap,,2026-08-10T02:14:01.582901+00:00,False,0.395
a56-0-run04-20260810T120205,a56,0,4,data/raw/0/capture_0_a56_a56-0-run04-20260810T120205_4.pcap,,2026-08-10T02:14:48.133118+00:00,False,0.237
a56-0-run04-20260810T120205,a56,0,5,data/raw/0/capture_0_a56_a56-0-run04-20260810T120205_5.pcap,,2026-08-10T02:15:34.694058+00:00,False,0.218
a56-0-run04-20260810T120205,a56,0,6,data/raw/0/capture_0_a56_a56-0-run04-20260810T120205_6.pcap,,2026-08-10T02:16:21.286067+00:00,False,0.323
a56-0-run04-20260810T120205,a56,0,7,data/raw/0/capture_0_a56_a56-0-run04-20260810T120205_7.pcap,,2026-08-10T02:17:07.870318+00:00,False,0.217
a56-0-run04-20260810T120205,a56,0,8,data/raw/0/capture_0_a56_a56-0-run04-20260810T120205_8.pcap,,2026-08-10T02:17:54.473919+00:00,False,0.204
a56-0-run04-20260810T120205,a56,0,9,data/raw/0/capture_0_a56_a56-0-run04-20260810T120205_9.pcap,,2026-08-10T02:18:41.096152+00:00,False,0.339
a56-0-run04-20260810T120205,a56,0,10,data/raw/0/capture_0_a56_a56-0-run04-20260810T120205_10.pcap,,2026-08-10T02:19:27.683828+00:00,False,0.216
a56-0-run04-20260810T120205,a56,0,11,data/raw/0/capture_0_a56_a56-0-run04-20260810T120205_11.pcap,,2026-08-10T02:20:14.235969+00:00,False,0.973
a56-0-run04-20260810T120205,a56,0,12,data/raw/0/capture_0_a56_a56-0-run04-20260810T120205_12.pcap,data/raw/rrc/rrc_0_a56_a56-0-run04-20260810T120205_2.json,2026-08-10T02:20:32.542293+00:00,True,0.619
a56-0-run04-20260810T120205,a56,0,13,data/raw/0/capture_0_a56_a56-0-run04-20260810T120205_13.pcap,,2026-08-10T02:21:19.213965+00:00,False,0.386
a56-0-run04-20260810T120205,a56,0,14,data/raw/0/capture_0_a56_a56-0-run04-20260810T120205_14.pcap,data/raw/rrc/rrc_0_a56_a56-0-run04-20260810T120205_3.json,2026-08-10T02:22:05.787023+00:00,False,0.243
a56-0-run04-20260810T120205,a56,0,15,data/raw/0/capture_0_a56_a56-0-run04-20260810T120205_15.pcap,,2026-08-10T02:22:52.681448+00:00,False,0.330
a56-0-run04-20260810T120205,a56,0,16,data/raw/0/capture_0_a56_a56-0-run04-20260810T120205_16.pcap,,2026-08-10T02:23:39.274001+00:00,False,0.388
a56-0-run04-20260810T120205,a56,0,17,data/raw/0/capture_0_a56_a56-0-run04-20260810T120205_17.pcap,,2026-08-10T02:24:25.904650+00:00,False,0.230
a56-0-run04-20260810T120205,a56,0,18,data/raw/0/capture_0_a56_a56-0-run04-20260810T120205_18.pcap,,2026-08-10T02:25:12.540286+00:00,False,0.229
a56-0-run04-20260810T120205,a56,0,19,data/raw/0/capture_0_a56_a56-0-run04-20260810T120205_19.pcap,,2026-08-10T02:25:59.183142+00:00,False,0.400
a56-0-run04-20260810T120205,a56,0,20,data/raw/0/capture_0_a56_a56-0-run04-20260810T120205_20.pcap,,2026-08-10T02:26:45.946925+00:00,False,0.216
a56-0-run04-20260810T120205,a56,0,21,data/raw/0/capture_0_a56_a56-0-run04-20260810T120205_21.pcap,,2026-08-10T02:27:32.625804+00:00,False,0.223
a56-0-run04-20260810T120205,a56,0,22,data/raw/0/capture_0_a56_a56-0-run04-20260810T120205_22.pcap,,2026-08-10T02:28:19.249864+00:00,False,0.951
a56-0-run04-20260810T120205,a56,0,23,data/raw/0/capture_0_a56_a56-0-run04-20260810T120205_23.pcap,data/raw/rrc/rrc_0_a56_a56-0-run04-20260810T120205_4.json,2026-08-10T02:28:37.542982+00:00,True,1.143
a56-0-run04-20260810T120205,a56,0,24,data/raw/0/capture_0_a56_a56-0-run04-20260810T120205_24.pcap,data/raw/rrc/rrc_0_a56_a56-0-run04-20260810T120205_5.json,2026-08-10T02:29:24.375991+00:00,False,0.234
a56-0-run04-20260810T120205,a56,0,25,data/raw/0/capture_0_a56_a56-0-run04-20260810T120205_25.pcap,,2026-08-10T02:30:10.969776+00:00,False,0.392
a56-0-run04-20260810T120205,a56,0,26,data/raw/0/capture_0_a56_a56-0-run04-20260810T120205_26.pcap,data/raw/rrc/rrc_0_a56_a56-0-run04-20260810T120205_6.json,2026-08-10T02:30:57.628869+00:00,False,0.229
a56-0-run04-20260810T120205,a56,0,27,data/raw/0/capture_0_a56_a56-0-run04-20260810T120205_27.pcap,,2026-08-10T02:31:44.317759+00:00,False,0.251
a56-0-run04-20260810T120205,a56,0,28,data/raw/0/capture_0_a56_a56-0-run04-20260810T120205_28.pcap,,2026-08-10T02:32:30.968911+00:00,False,0.268
a56-0-run04-20260810T120205,a56,0,29,data/raw/0/capture_0_a56_a56-0-run04-20260810T120205_29.pcap,data/raw/rrc/rrc_0_a56_a56-0-run04-20260810T120205_7.json,2026-08-10T02:33:17.709945+00:00,False,0.212
a56-0-run04-20260810T120205,a56,0,30,data/raw/0/capture_0_a56_a56-0-run04-20260810T120205_30.pcap,,2026-08-10T02:34:04.415744+00:00,False,0.212
a56-0-run04-20260810T120205,a56,0,31,data/raw/0/capture_0_a56_a56-0-run04-20260810T120205_31.pcap,,2026-08-10T02:34:51.123162+00:00,False,0.219
a56-0-run04-20260810T120205,a56,0,32,data/raw/0/capture_0_a56_a56-0-run04-20260810T120205_32.pcap,,2026-08-10T02:35:37.837350+00:00,False,0.221
a56-0-run04-20260810T120205,a56,0,33,data/raw/0/capture_0_a56_a56-0-run04-20260810T120205_33.pcap,,2026-08-10T02:36:24.547124+00:00,False,0.613
a56-0-run04-20260810T120205,a56,0,34,data/raw/0/capture_0_a56_a56-0-run04-20260810T120205_34.pcap,data/raw/rrc/rrc_0_a56_a56-0-run04-20260810T120205_8.json,2026-08-10T02:36:42.580304+00:00,True,0.328
a56-0-run04-20260810T120205,a56,0,35,data/raw/0/capture_0_a56_a56-0-run04-20260810T120205_35.pcap,data/raw/rrc/rrc_0_a56_a56-0-run04-20260810T120205_9.json,2026-08-10T02:37:29.497446+00:00,False,1.050
a56-0-run04-20260810T120205,a56,0,36,data/raw/0/capture_0_a56_a56-0-run04-20260810T120205_36.pcap,data/raw/rrc/rrc_0_a56_a56-0-run04-20260810T120205_10.json,2026-08-10T02:37:48.089243+00:00,True,1.728
a56-0-run04-20260810T120205,a56,0,37,data/raw/0/capture_0_a56_a56-0-run04-20260810T120205_37.pcap,,2026-08-10T02:38:34.977948+00:00,False,0.397
a56-0-run04-20260810T120205,a56,0,38,data/raw/0/capture_0_a56_a56-0-run04-20260810T120205_38.pcap,,2026-08-10T02:39:21.774806+00:00,False,0.623
a56-0-run04-20260810T120205,a56,0,39,data/raw/0/capture_0_a56_a56-0-run04-20260810T120205_39.pcap,,2026-08-10T02:40:08.592693+00:00,False,0.242
a56-0-run04-20260810T120205,a56,0,40,data/raw/0/capture_0_a56_a56-0-run04-20260810T120205_40.pcap,,2026-08-10T02:40:55.372265+00:00,False,0.222
a56-0-run04-20260810T120205,a56,0,41,data/raw/0/capture_0_a56_a56-0-run04-20260810T120205_41.pcap,,2026-08-10T02:41:42.091965+00:00,False,0.474
a56-0-run04-20260810T120205,a56,0,42,data/raw/0/capture_0_a56_a56-0-run04-20260810T120205_42.pcap,,2026-08-10T02:42:28.896808+00:00,False,0.387
a56-0-run04-20260810T120205,a56,0,43,data/raw/0/capture_0_a56_a56-0-run04-20260810T120205_43.pcap,,2026-08-10T02:43:15.702787+00:00,False,0.601
a56-0-run04-20260810T120205,a56,0,44,data/raw/0/capture_0_a56_a56-0-run04-20260810T120205_44.pcap,,2026-08-10T02:44:02.434136+00:00,False,0.325
a56-0-run04-20260810T120205,a56,0,45,data/raw/0/capture_0_a56_a56-0-run04-20260810T120205_45.pcap,,2026-08-10T02:44:49.237410+00:00,False,0.182
a56-0-run04-20260810T120205,a56,0,46,data/raw/0/capture_0_a56_a56-0-run04-20260810T120205_46.pcap,,2026-08-10T02:45:36.070260+00:00,False,0.614
a56-0-run04-20260810T120205,a56,0,47,data/raw/0/capture_0_a56_a56-0-run04-20260810T120205_47.pcap,data/raw/rrc/rrc_0_a56_a56-0-run04-20260810T120205_11.json,2026-08-10T02:45:54.495120+00:00,True,0.995
a56-0-run04-20260810T120205,a56,0,48,data/raw/0/capture_0_a56_a56-0-run04-20260810T120205_48.pcap,,2026-08-10T02:46:41.481949+00:00,False,0.363
a56-0-run04-20260810T120205,a56,0,49,data/raw/0/capture_0_a56_a56-0-run04-20260810T120205_49.pcap,,2026-08-10T02:47:28.287750+00:00,False,0.418
a56-0-run04-20260810T120205,a56,0,50,data/raw/0/capture_0_a56_a56-0-run04-20260810T120205_50.pcap,,2026-08-10T02:48:15.139534+00:00,False,0.474
a56-0-run04-20260810T120205,a56,0,51,data/raw/0/capture_0_a56_a56-0-run04-20260810T120205_51.pcap,,2026-08-10T02:49:01.882455+00:00,False,0.374
a56-0-run04-20260810T120205,a56,0,52,data/raw/0/capture_0_a56_a56-0-run04-20260810T120205_52.pcap,,2026-08-10T02:49:48.799401+00:00,False,0.239
a56-0-run04-20260810T120205,a56,0,53,data/raw/0/capture_0_a56_a56-0-run04-20260810T120205_53.pcap,,2026-08-10T02:50:35.576123+00:00,False,0.235
a56-0-run04-20260810T120205,a56,0,54,data/raw/0/capture_0_a56_a56-0-run04-20260810T120205_54.pcap,data/raw/rrc/rrc_0_a56_a56-0-run04-20260810T120205_12.json,2026-08-10T02:51:22.389214+00:00,False,0.218
a56-0-run04-20260810T120205,a56,0,55,data/raw/0/capture_0_a56_a56-0-run04-20260810T120205_55.pcap,,2026-08-10T02:52:09.449532+00:00,False,0.380
a56-0-run04-20260810T120205,a56,0,56,data/raw/0/capture_0_a56_a56-0-run04-20260810T120205_56.pcap,,2026-08-10T02:52:56.268930+00:00,False,0.226
a56-0-run04-20260810T120205,a56,0,57,data/raw/0/capture_0_a56_a56-0-run04-20260810T120205_57.pcap,,2026-08-10T02:53:43.130799+00:00,False,0.607
a56-0-run04-20260810T120205,a56,0,58,data/raw/0/capture_0_a56_a56-0-run04-20260810T120205_58.pcap,data/raw/rrc/rrc_0_a56_a56-0-run04-20260810T120205_13.json,2026-08-10T02:54:01.571718+00:00,True,0.726
a56-0-run04-20260810T120205,a56,0,59,data/raw/0/capture_0_a56_a56-0-run04-20260810T120205_59.pcap,,2026-08-10T02:54:48.569057+00:00,False,0.364
a56-0-run04-20260810T120205,a56,0,60,data/raw/0/capture_0_a56_a56-0-run04-20260810T120205_60.pcap,,2026-08-10T02:55:35.474533+00:00,False,0.298
a56-0-run05-20260810T120205,a56,0,1,data/raw/0/capture_0_a56_a56-0-run05-20260810T120205_1.pcap,,2026-08-10T02:56:22.495665+00:00,False,0.214
a56-0-run05-20260810T120205,a56,0,2,data/raw/0/capture_0_a56_a56-0-run05-20260810T120205_2.pcap,,2026-08-10T02:57:09.373852+00:00,False,0.427
a56-0-run05-20260810T120205,a56,0,3,data/raw/0/capture_0_a56_a56-0-run05-20260810T120205_3.pcap,,2026-08-10T02:57:56.262003+00:00,False,0.339
a56-0-run05-20260810T120205,a56,0,4,data/raw/0/capture_0_a56_a56-0-run05-20260810T120205_4.pcap,,2026-08-10T02:58:43.117157+00:00,False,0.389
a56-0-run05-20260810T120205,a56,0,5,data/raw/0/capture_0_a56_a56-0-run05-20260810T120205_5.pcap,,2026-08-10T02:59:29.988088+00:00,False,0.505
a56-0-run05-20260810T120205,a56,0,6,data/raw/0/capture_0_a56_a56-0-run05-20260810T120205_6.pcap,,2026-08-10T03:00:17.013180+00:00,False,0.384
a56-0-run05-20260810T120205,a56,0,7,data/raw/0/capture_0_a56_a56-0-run05-20260810T120205_7.pcap,,2026-08-10T03:01:03.886699+00:00,False,0.210
a56-0-run05-20260810T120205,a56,0,8,data/raw/0/capture_0_a56_a56-0-run05-20260810T120205_8.pcap,,2026-08-10T03:01:50.798591+00:00,False,0.751
a56-0-run05-20260810T120205,a56,0,9,data/raw/0/capture_0_a56_a56-0-run05-20260810T120205_9.pcap,data/raw/rrc/rrc_0_a56_a56-0-run05-20260810T120205_1.json,2026-08-10T03:02:09.280356+00:00,True,0.605
a56-0-run05-20260810T120205,a56,0,10,data/raw/0/capture_0_a56_a56-0-run05-20260810T120205_10.pcap,,2026-08-10T03:02:56.313937+00:00,False,0.356
a56-0-run05-20260810T120205,a56,0,11,data/raw/0/capture_0_a56_a56-0-run05-20260810T120205_11.pcap,,2026-08-10T03:03:43.279568+00:00,False,0.386
a56-0-run05-20260810T120205,a56,0,12,data/raw/0/capture_0_a56_a56-0-run05-20260810T120205_12.pcap,,2026-08-10T03:04:30.269433+00:00,False,0.347
a56-0-run05-20260810T120205,a56,0,13,data/raw/0/capture_0_a56_a56-0-run05-20260810T120205_13.pcap,,2026-08-10T03:05:17.273921+00:00,False,0.301
a56-0-run05-20260810T120205,a56,0,14,data/raw/0/capture_0_a56_a56-0-run05-20260810T120205_14.pcap,,2026-08-10T03:06:04.265940+00:00,False,0.312
a56-0-run05-20260810T120205,a56,0,15,data/raw/0/capture_0_a56_a56-0-run05-20260810T120205_15.pcap,data/raw/rrc/rrc_0_a56_a56-0-run05-20260810T120205_2.json,2026-08-10T03:06:51.264541+00:00,False,0.497
a56-0-run05-20260810T120205,a56,0,16,data/raw/0/capture_0_a56_a56-0-run05-20260810T120205_16.pcap,,2026-08-10T03:07:38.389979+00:00,False,0.437
a56-0-run05-20260810T120205,a56,0,17,data/raw/0/capture_0_a56_a56-0-run05-20260810T120205_17.pcap,data/raw/rrc/rrc_0_a56_a56-0-run05-20260810T120205_3.json,2026-08-10T03:08:25.343939+00:00,False,0.384
a56-0-run05-20260810T120205,a56,0,18,data/raw/0/capture_0_a56_a56-0-run05-20260810T120205_18.pcap,,2026-08-10T03:09:12.428370+00:00,False,0.382
a56-0-run05-20260810T120205,a56,0,19,data/raw/0/capture_0_a56_a56-0-run05-20260810T120205_19.pcap,,2026-08-10T03:09:59.440879+00:00,False,1.122
a56-0-run05-20260810T120205,a56,0,20,data/raw/0/capture_0_a56_a56-0-run05-20260810T120205_20.pcap,data/raw/rrc/rrc_0_a56_a56-0-run05-20260810T120205_4.json,2026-08-10T03:10:18.015321+00:00,True,0.652
a56-0-run05-20260810T120205,a56,0,21,data/raw/0/capture_0_a56_a56-0-run05-20260810T120205_21.pcap,,2026-08-10T03:11:05.099110+00:00,False,0.225
a56-0-run05-20260810T120205,a56,0,22,data/raw/0/capture_0_a56_a56-0-run05-20260810T120205_22.pcap,,2026-08-10T03:11:52.131131+00:00,False,0.241
a56-0-run05-20260810T120205,a56,0,23,data/raw/0/capture_0_a56_a56-0-run05-20260810T120205_23.pcap,,2026-08-10T03:12:39.172496+00:00,False,0.250
a56-0-run05-20260810T120205,a56,0,24,data/raw/0/capture_0_a56_a56-0-run05-20260810T120205_24.pcap,,2026-08-10T03:13:26.193679+00:00,False,0.271
a56-0-run05-20260810T120205,a56,0,25,data/raw/0/capture_0_a56_a56-0-run05-20260810T120205_25.pcap,,2026-08-10T03:14:13.280696+00:00,False,0.239
a56-0-run05-20260810T120205,a56,0,26,data/raw/0/capture_0_a56_a56-0-run05-20260810T120205_26.pcap,,2026-08-10T03:15:00.247801+00:00,False,0.230
a56-0-run05-20260810T120205,a56,0,27,data/raw/0/capture_0_a56_a56-0-run05-20260810T120205_27.pcap,,2026-08-10T03:15:47.284936+00:00,False,0.220
a56-0-run05-20260810T120205,a56,0,28,data/raw/0/capture_0_a56_a56-0-run05-20260810T120205_28.pcap,,2026-08-10T03:16:34.328181+00:00,False,0.274
a56-0-run05-20260810T120205,a56,0,29,data/raw/0/capture_0_a56_a56-0-run05-20260810T120205_29.pcap,,2026-08-10T03:17:21.511427+00:00,False,0.230
a56-0-run05-20260810T120205,a56,0,30,data/raw/0/capture_0_a56_a56-0-run05-20260810T120205_30.pcap,,2026-08-10T03:18:08.611920+00:00,False,1.073
a56-0-run05-20260810T120205,a56,0,31,data/raw/0/capture_0_a56_a56-0-run05-20260810T120205_31.pcap,data/raw/rrc/rrc_0_a56_a56-0-run05-20260810T120205_5.json,2026-08-10T03:18:27.321844+00:00,True,0.800
a56-0-run05-20260810T120205,a56,0,32,data/raw/0/capture_0_a56_a56-0-run05-20260810T120205_32.pcap,,2026-08-10T03:19:14.553943+00:00,False,0.391
a56-0-run05-20260810T120205,a56,0,33,data/raw/0/capture_0_a56_a56-0-run05-20260810T120205_33.pcap,data/raw/rrc/rrc_0_a56_a56-0-run05-20260810T120205_6.json,2026-08-10T03:20:01.681609+00:00,False,0.444
a56-0-run05-20260810T120205,a56,0,34,data/raw/0/capture_0_a56_a56-0-run05-20260810T120205_34.pcap,,2026-08-10T03:20:48.775972+00:00,False,0.409
a56-0-run05-20260810T120205,a56,0,35,data/raw/0/capture_0_a56_a56-0-run05-20260810T120205_35.pcap,,2026-08-10T03:21:35.948939+00:00,False,0.384
a56-0-run05-20260810T120205,a56,0,36,data/raw/0/capture_0_a56_a56-0-run05-20260810T120205_36.pcap,,2026-08-10T03:22:23.022090+00:00,False,0.395
a56-0-run05-20260810T120205,a56,0,37,data/raw/0/capture_0_a56_a56-0-run05-20260810T120205_37.pcap,,2026-08-10T03:23:10.148424+00:00,False,0.412
a56-0-run05-20260810T120205,a56,0,38,data/raw/0/capture_0_a56_a56-0-run05-20260810T120205_38.pcap,,2026-08-10T03:23:57.313843+00:00,False,0.434
a56-0-run05-20260810T120205,a56,0,39,data/raw/0/capture_0_a56_a56-0-run05-20260810T120205_39.pcap,,2026-08-10T03:24:44.471098+00:00,False,0.586
a56-0-run05-20260810T120205,a56,0,40,data/raw/0/capture_0_a56_a56-0-run05-20260810T120205_40.pcap,,2026-08-10T03:25:31.651626+00:00,False,0.236
a56-0-run05-20260810T120205,a56,0,41,data/raw/0/capture_0_a56_a56-0-run05-20260810T120205_41.pcap,,2026-08-10T03:26:18.807515+00:00,False,1.055
a56-0-run05-20260810T120205,a56,0,42,data/raw/0/capture_0_a56_a56-0-run05-20260810T120205_42.pcap,data/raw/rrc/rrc_0_a56_a56-0-run05-20260810T120205_7.json,2026-08-10T03:26:37.261540+00:00,True,0.376
a56-0-run05-20260810T120205,a56,0,43,data/raw/0/capture_0_a56_a56-0-run05-20260810T120205_43.pcap,,2026-08-10T03:27:24.561918+00:00,False,0.758
a56-0-run05-20260810T120205,a56,0,44,data/raw/0/capture_0_a56_a56-0-run05-20260810T120205_44.pcap,,2026-08-10T03:28:11.713593+00:00,False,0.422
a56-0-run05-20260810T120205,a56,0,45,data/raw/0/capture_0_a56_a56-0-run05-20260810T120205_45.pcap,,2026-08-10T03:28:58.983101+00:00,False,0.365
a56-0-run05-20260810T120205,a56,0,46,data/raw/0/capture_0_a56_a56-0-run05-20260810T120205_46.pcap,,2026-08-10T03:29:46.218199+00:00,False,0.384
a56-0-run05-20260810T120205,a56,0,47,data/raw/0/capture_0_a56_a56-0-run05-20260810T120205_47.pcap,,2026-08-10T03:30:33.436738+00:00,False,0.359
a56-0-run05-20260810T120205,a56,0,48,data/raw/0/capture_0_a56_a56-0-run05-20260810T120205_48.pcap,,2026-08-10T03:31:20.618600+00:00,False,0.383
a56-0-run05-20260810T120205,a56,0,49,data/raw/0/capture_0_a56_a56-0-run05-20260810T120205_49.pcap,data/raw/rrc/rrc_0_a56_a56-0-run05-20260810T120205_8.json,2026-08-10T03:32:07.825955+00:00,False,0.608
a56-0-run05-20260810T120205,a56,0,50,data/raw/0/capture_0_a56_a56-0-run05-20260810T120205_50.pcap,,2026-08-10T03:32:55.286569+00:00,False,0.595
a56-0-run05-20260810T120205,a56,0,51,data/raw/0/capture_0_a56_a56-0-run05-20260810T120205_51.pcap,,2026-08-10T03:33:42.489740+00:00,False,0.399
a56-0-run05-20260810T120205,a56,0,52,data/raw/0/capture_0_a56_a56-0-run05-20260810T120205_52.pcap,,2026-08-10T03:34:29.829866+00:00,False,1.159
a56-0-run05-20260810T120205,a56,0,53,data/raw/0/capture_0_a56_a56-0-run05-20260810T120205_53.pcap,data/raw/rrc/rrc_0_a56_a56-0-run05-20260810T120205_9.json,2026-08-10T03:34:48.713055+00:00,True,0.628
a56-0-run05-20260810T120205,a56,0,54,data/raw/0/capture_0_a56_a56-0-run05-20260810T120205_54.pcap,,2026-08-10T03:35:35.992611+00:00,False,0.217
a56-0-run05-20260810T120205,a56,0,55,data/raw/0/capture_0_a56_a56-0-run05-20260810T120205_55.pcap,,2026-08-10T03:36:23.273214+00:00,False,0.218
a56-0-run05-20260810T120205,a56,0,56,data/raw/0/capture_0_a56_a56-0-run05-20260810T120205_56.pcap,data/raw/rrc/rrc_0_a56_a56-0-run05-20260810T120205_10.json,2026-08-10T03:37:10.415677+00:00,False,0.201
a56-0-run05-20260810T120205,a56,0,57,data/raw/0/capture_0_a56_a56-0-run05-20260810T120205_57.pcap,,2026-08-10T03:37:57.697808+00:00,False,0.233
a56-0-run05-20260810T120205,a56,0,58,data/raw/0/capture_0_a56_a56-0-run05-20260810T120205_58.pcap,,2026-08-10T03:38:45.201929+00:00,False,0.197
a56-0-run05-20260810T120205,a56,0,59,data/raw/0/capture_0_a56_a56-0-run05-20260810T120205_59.pcap,,2026-08-10T03:39:32.429998+00:00,False,0.220
a56-0-run05-20260810T120205,a56,0,60,data/raw/0/capture_0_a56_a56-0-run05-20260810T120205_60.pcap,,2026-08-10T03:40:19.784075+00:00,False,0.214
a56-0-run01-20260810T154057,a56,0,1,data/raw/0/capture_0_a56_a56-0-run01-20260810T154057_1.pcap,data/raw/rrc/rrc_0_a56_a56-0-run01-20260810T154057_2.json,2026-08-10T03:41:35.096357+00:00,True,0.688
a56-0-run01-20260810T154057,a56,0,2,data/raw/0/capture_0_a56_a56-0-run01-20260810T154057_2.pcap,,2026-08-10T03:42:22.622823+00:00,False,0.199
a56-0-run01-20260810T154057,a56,0,3,data/raw/0/capture_0_a56_a56-0-run01-20260810T154057_3.pcap,,2026-08-10T03:43:09.997790+00:00,False,0.394
a56-0-run01-20260810T154057,a56,0,4,data/raw/0/capture_0_a56_a56-0-run01-20260810T154057_4.pcap,,2026-08-10T03:43:57.568653+00:00,False,0.187
a56-0-run01-20260810T154057,a56,0,5,data/raw/0/capture_0_a56_a56-0-run01-20260810T154057_5.pcap,,2026-08-10T03:44:44.951282+00:00,False,0.418
a56-0-run01-20260810T154057,a56,0,6,data/raw/0/capture_0_a56_a56-0-run01-20260810T154057_6.pcap,data/raw/rrc/rrc_0_a56_a56-0-run01-20260810T154057_3.json,2026-08-10T03:45:32.346443+00:00,False,0.244
a56-0-run01-20260810T154057,a56,0,7,data/raw/0/capture_0_a56_a56-0-run01-20260810T154057_7.pcap,,2026-08-10T03:46:20.071527+00:00,False,0.447
a56-0-run01-20260810T154057,a56,0,8,data/raw/0/capture_0_a56_a56-0-run01-20260810T154057_8.pcap,,2026-08-10T03:47:07.444210+00:00,False,0.210
a56-0-run01-20260810T154057,a56,0,9,data/raw/0/capture_0_a56_a56-0-run01-20260810T154057_9.pcap,,2026-08-10T03:47:55.051474+00:00,False,0.241
a56-0-run01-20260810T154057,a56,0,10,data/raw/0/capture_0_a56_a56-0-run01-20260810T154057_10.pcap,,2026-08-10T03:48:42.548306+00:00,False,0.234
a56-0-run01-20260810T154057,a56,0,11,data/raw/0/capture_0_a56_a56-0-run01-20260810T154057_11.pcap,,2026-08-10T03:49:29.955293+00:00,False,0.642
a56-0-run01-20260810T154057,a56,0,12,data/raw/0/capture_0_a56_a56-0-run01-20260810T154057_12.pcap,data/raw/rrc/rrc_0_a56_a56-0-run01-20260810T154057_4.json,2026-08-10T03:49:48.853843+00:00,True,1.024
a56-0-run01-20260810T154057,a56,0,13,data/raw/0/capture_0_a56_a56-0-run01-20260810T154057_13.pcap,,2026-08-10T03:50:36.479985+00:00,False,0.369
a56-0-run01-20260810T154057,a56,0,14,data/raw/0/capture_0_a56_a56-0-run01-20260810T154057_14.pcap,,2026-08-10T03:51:24.019402+00:00,False,0.414
a56-0-run01-20260810T154057,a56,0,15,data/raw/0/capture_0_a56_a56-0-run01-20260810T154057_15.pcap,,2026-08-10T03:52:11.497026+00:00,False,0.234
a56-0-run01-20260810T154057,a56,0,16,data/raw/0/capture_0_a56_a56-0-run01-20260810T154057_16.pcap,,2026-08-10T03:52:58.959243+00:00,False,0.221
a56-0-run01-20260810T154057,a56,0,17,data/raw/0/capture_0_a56_a56-0-run01-20260810T154057_17.pcap,,2026-08-10T03:53:46.372216+00:00,False,0.233
a56-0-run01-20260810T154057,a56,0,18,data/raw/0/capture_0_a56_a56-0-run01-20260810T154057_18.pcap,,2026-08-10T03:54:33.749559+00:00,False,0.209
a56-0-run01-20260810T154057,a56,0,19,data/raw/0/capture_0_a56_a56-0-run01-20260810T154057_19.pcap,,2026-08-10T03:55:21.243589+00:00,False,0.235
a56-0-run01-20260810T154057,a56,0,20,data/raw/0/capture_0_a56_a56-0-run01-20260810T154057_20.pcap,,2026-08-10T03:56:08.811092+00:00,False,0.380
a56-0-run01-20260810T154057,a56,0,21,data/raw/0/capture_0_a56_a56-0-run01-20260810T154057_21.pcap,,2026-08-10T03:56:56.328940+00:00,False,0.955
a56-0-run01-20260810T154057,a56,0,22,data/raw/0/capture_0_a56_a56-0-run01-20260810T154057_22.pcap,data/raw/rrc/rrc_0_a56_a56-0-run01-20260810T154057_5.json,2026-08-10T03:57:15.433227+00:00,True,0.671
a56-0-run01-20260810T154057,a56,0,23,data/raw/0/capture_0_a56_a56-0-run01-20260810T154057_23.pcap,,2026-08-10T03:58:03.083288+00:00,False,0.238
a56-0-run01-20260810T154057,a56,0,24,data/raw/0/capture_0_a56_a56-0-run01-20260810T154057_24.pcap,,2026-08-10T03:58:50.717797+00:00,False,0.236
a56-0-run01-20260810T154057,a56,0,25,data/raw/0/capture_0_a56_a56-0-run01-20260810T154057_25.pcap,,2026-08-10T03:59:38.219584+00:00,False,0.232
a56-0-run01-20260810T154057,a56,0,26,data/raw/0/capture_0_a56_a56-0-run01-20260810T154057_26.pcap,,2026-08-10T04:00:25.769330+00:00,False,0.345
a56-0-run01-20260810T154057,a56,0,27,data/raw/0/capture_0_a56_a56-0-run01-20260810T154057_27.pcap,,2026-08-10T04:01:13.296959+00:00,False,0.213
a56-0-run01-20260810T154057,a56,0,28,data/raw/0/capture_0_a56_a56-0-run01-20260810T154057_28.pcap,,2026-08-10T04:02:00.801971+00:00,False,0.217
a56-0-run01-20260810T154057,a56,0,29,data/raw/0/capture_0_a56_a56-0-run01-20260810T154057_29.pcap,,2026-08-10T04:02:48.375031+00:00,False,0.237
a56-0-run01-20260810T154057,a56,0,30,data/raw/0/capture_0_a56_a56-0-run01-20260810T154057_30.pcap,data/raw/rrc/rrc_0_a56_a56-0-run01-20260810T154057_6.json,2026-08-10T04:03:07.454184+00:00,True,1.117
a56-0-run01-20260810T154057,a56,0,31,data/raw/0/capture_0_a56_a56-0-run01-20260810T154057_31.pcap,,2026-08-10T04:03:55.150188+00:00,False,0.222
a56-0-run01-20260810T154057,a56,0,32,data/raw/0/capture_0_a56_a56-0-run01-20260810T154057_32.pcap,,2026-08-10T04:04:42.698236+00:00,False,0.240
a56-0-run01-20260810T154057,a56,0,33,data/raw/0/capture_0_a56_a56-0-run01-20260810T154057_33.pcap,,2026-08-10T04:05:30.483639+00:00,False,0.241
a56-0-run01-20260810T154057,a56,0,34,data/raw/0/capture_0_a56_a56-0-run01-20260810T154057_34.pcap,,2026-08-10T04:06:18.156357+00:00,False,0.337
a56-0-run01-20260810T154057,a56,0,35,data/raw/0/capture_0_a56_a56-0-run01-20260810T154057_35.pcap,data/raw/rrc/rrc_0_a56_a56-0-run01-20260810T154057_7.json,2026-08-10T04:07:05.680893+00:00,False,0.240
a56-0-run01-20260810T154057,a56,0,36,data/raw/0/capture_0_a56_a56-0-run01-20260810T154057_36.pcap,data/raw/rrc/rrc_0_a56_a56-0-run01-20260810T154057_8.json,2026-08-10T04:07:25.079703+00:00,True,0.714
a56-0-run01-20260810T154057,a56,0,37,data/raw/0/capture_0_a56_a56-0-run01-20260810T154057_37.pcap,,2026-08-10T04:08:12.770346+00:00,False,0.241
a56-0-run01-20260810T154057,a56,0,38,data/raw/0/capture_0_a56_a56-0-run01-20260810T154057_38.pcap,,2026-08-10T04:09:00.462379+00:00,False,0.251
a56-0-run01-20260810T154057,a56,0,39,data/raw/0/capture_0_a56_a56-0-run01-20260810T154057_39.pcap,,2026-08-10T04:09:48.138988+00:00,False,0.221
a56-0-run01-20260810T154057,a56,0,40,data/raw/0/capture_0_a56_a56-0-run01-20260810T154057_40.pcap,,2026-08-10T04:10:35.688999+00:00,False,0.640
a56-0-run01-20260810T154057,a56,0,41,data/raw/0/capture_0_a56_a56-0-run01-20260810T154057_41.pcap,,2026-08-10T04:11:23.502630+00:00,False,0.618
a56-0-run01-20260810T154057,a56,0,42,data/raw/0/capture_0_a56_a56-0-run01-20260810T154057_42.pcap,,2026-08-10T04:12:11.084827+00:00,False,0.412
a56-0-run01-20260810T154057,a56,0,43,data/raw/0/capture_0_a56_a56-0-run01-20260810T154057_43.pcap,data/raw/rrc/rrc_0_a56_a56-0-run01-20260810T154057_9.json,2026-08-10T04:12:30.169818+00:00,True,1.283
a56-0-run01-20260810T154057,a56,0,44,data/raw/0/capture_0_a56_a56-0-run01-20260810T154057_44.pcap,,2026-08-10T04:13:17.984720+00:00,False,0.436
a56-0-run01-20260810T154057,a56,0,45,data/raw/0/capture_0_a56_a56-0-run01-20260810T154057_45.pcap,,2026-08-10T04:14:05.832828+00:00,False,0.298
a56-0-run01-20260810T154057,a56,0,46,data/raw/0/capture_0_a56_a56-0-run01-20260810T154057_46.pcap,,2026-08-10T04:14:53.544192+00:00,False,0.232
a56-0-run01-20260810T154057,a56,0,47,data/raw/0/capture_0_a56_a56-0-run01-20260810T154057_47.pcap,,2026-08-10T04:15:41.033958+00:00,False,0.419
a56-0-run01-20260810T154057,a56,0,48,data/raw/0/capture_0_a56_a56-0-run01-20260810T154057_48.pcap,,2026-08-10T04:16:28.684692+00:00,False,0.215
a56-0-run01-20260810T154057,a56,0,49,data/raw/0/capture_0_a56_a56-0-run01-20260810T154057_49.pcap,data/raw/rrc/rrc_0_a56_a56-0-run01-20260810T154057_10.json,2026-08-10T04:16:47.817166+00:00,True,1.074
a56-0-run01-20260810T154057,a56,0,50,data/raw/0/capture_0_a56_a56-0-run01-20260810T154057_50.pcap,,2026-08-10T04:17:35.575716+00:00,False,0.366
a56-0-run02-20260810T154057,a56,0,1,data/raw/0/capture_0_a56_a56-0-run02-20260810T154057_1.pcap,,2026-08-10T04:18:23.227595+00:00,False,0.363
a56-0-run02-20260810T154057,a56,0,2,data/raw/0/capture_0_a56_a56-0-run02-20260810T154057_2.pcap,,2026-08-10T04:19:10.994509+00:00,False,0.325
a56-0-run02-20260810T154057,a56,0,3,data/raw/0/capture_0_a56_a56-0-run02-20260810T154057_3.pcap,,2026-08-10T04:19:58.746271+00:00,False,0.861
a56-0-run02-20260810T154057,a56,0,4,data/raw/0/capture_0_a56_a56-0-run02-20260810T154057_4.pcap,,2026-08-10T04:20:46.490438+00:00,False,0.226
a56-0-run02-20260810T154057,a56,0,5,data/raw/0/capture_0_a56_a56-0-run02-20260810T154057_5.pcap,data/raw/rrc/rrc_0_a56_a56-0-run02-20260810T154057_1.json,2026-08-10T04:21:34.254548+00:00,False,1.021
a56-0-run02-20260810T154057,a56,0,6,data/raw/0/capture_0_a56_a56-0-run02-20260810T154057_6.pcap,data/raw/rrc/rrc_0_a56_a56-0-run02-20260810T154057_2.json,2026-08-10T04:21:53.680281+00:00,True,0.649
a56-0-run02-20260810T154057,a56,0,7,data/raw/0/capture_0_a56_a56-0-run02-20260810T154057_7.pcap,,2026-08-10T04:22:41.598040+00:00,False,0.384
a56-0-run02-20260810T154057,a56,0,8,data/raw/0/capture_0_a56_a56-0-run02-20260810T154057_8.pcap,,2026-08-10T04:23:29.427494+00:00,False,0.370
a56-0-run02-20260810T154057,a56,0,9,data/raw/0/capture_0_a56_a56-0-run02-20260810T154057_9.pcap,,2026-08-10T04:24:17.178749+00:00,False,0.344
a56-0-run02-20260810T154057,a56,0,10,data/raw/0/capture_0_a56_a56-0-run02-20260810T154057_10.pcap,,2026-08-10T04:25:04.855885+00:00,False,0.923
a56-0-run02-20260810T154057,a56,0,11,data/raw/0/capture_0_a56_a56-0-run02-20260810T154057_11.pcap,data/raw/rrc/rrc_0_a56_a56-0-run02-20260810T154057_3.json,2026-08-10T04:25:24.205587+00:00,True,1.089
a56-0-run02-20260810T154057,a56,0,12,data/raw/0/capture_0_a56_a56-0-run02-20260810T154057_12.pcap,data/raw/rrc/rrc_0_a56_a56-0-run02-20260810T154057_5.json,2026-08-10T04:26:12.155765+00:00,False,0.382
a56-0-run02-20260810T154057,a56,0,13,data/raw/0/capture_0_a56_a56-0-run02-20260810T154057_13.pcap,,2026-08-10T04:27:00.044357+00:00,False,0.430
a56-0-run02-20260810T154057,a56,0,14,data/raw/0/capture_0_a56_a56-0-run02-20260810T154057_14.pcap,,2026-08-10T04:27:47.840112+00:00,False,0.389
a56-0-run02-20260810T154057,a56,0,15,data/raw/0/capture_0_a56_a56-0-run02-20260810T154057_15.pcap,,2026-08-10T04:28:35.529185+00:00,False,0.419
a56-0-run02-20260810T154057,a56,0,16,data/raw/0/capture_0_a56_a56-0-run02-20260810T154057_16.pcap,,2026-08-10T04:29:23.340036+00:00,False,0.399
a56-0-run02-20260810T154057,a56,0,17,data/raw/0/capture_0_a56_a56-0-run02-20260810T154057_17.pcap,data/raw/rrc/rrc_0_a56_a56-0-run02-20260810T154057_6.json,2026-08-10T04:29:42.660449+00:00,True,0.673
a56-0-run02-20260810T154057,a56,0,18,data/raw/0/capture_0_a56_a56-0-run02-20260810T154057_18.pcap,,2026-08-10T04:30:30.563762+00:00,False,0.378
a56-0-run02-20260810T154057,a56,0,19,data/raw/0/capture_0_a56_a56-0-run02-20260810T154057_19.pcap,,2026-08-10T04:31:18.378796+00:00,False,0.370
a56-0-run02-20260810T154057,a56,0,20,data/raw/0/capture_0_a56_a56-0-run02-20260810T154057_20.pcap,,2026-08-10T04:32:06.046789+00:00,False,0.369
a56-0-run02-20260810T154057,a56,0,21,data/raw/0/capture_0_a56_a56-0-run02-20260810T154057_21.pcap,,2026-08-10T04:32:53.835398+00:00,False,1.077
a56-0-run02-20260810T154057,a56,0,22,data/raw/0/capture_0_a56_a56-0-run02-20260810T154057_22.pcap,,2026-08-10T04:33:41.576652+00:00,False,0.389
a56-0-run02-20260810T154057,a56,0,23,data/raw/0/capture_0_a56_a56-0-run02-20260810T154057_23.pcap,,2026-08-10T04:34:29.560175+00:00,False,1.248
a56-0-run02-20260810T154057,a56,0,24,data/raw/0/capture_0_a56_a56-0-run02-20260810T154057_24.pcap,data/raw/rrc/rrc_0_a56_a56-0-run02-20260810T154057_8.json,2026-08-10T04:34:48.877506+00:00,True,1.042
a56-0-run02-20260810T154057,a56,0,25,data/raw/0/capture_0_a56_a56-0-run02-20260810T154057_25.pcap,,2026-08-10T04:35:36.820710+00:00,False,0.319
a56-0-run02-20260810T154057,a56,0,26,data/raw/0/capture_0_a56_a56-0-run02-20260810T154057_26.pcap,,2026-08-10T04:36:24.729411+00:00,False,0.664
a56-0-run02-20260810T154057,a56,0,27,data/raw/0/capture_0_a56_a56-0-run02-20260810T154057_27.pcap,,2026-08-10T04:37:12.673331+00:00,False,0.617
a56-0-run02-20260810T154057,a56,0,28,data/raw/0/capture_0_a56_a56-0-run02-20260810T154057_28.pcap,,2026-08-10T04:38:00.659495+00:00,False,0.219
a56-0-run02-20260810T154057,a56,0,29,data/raw/0/capture_0_a56_a56-0-run02-20260810T154057_29.pcap,,2026-08-10T04:38:48.494624+00:00,False,0.219
a56-0-run02-20260810T154057,a56,0,30,data/raw/0/capture_0_a56_a56-0-run02-20260810T154057_30.pcap,data/raw/rrc/rrc_0_a56_a56-0-run02-20260810T154057_9.json,2026-08-10T04:39:07.958045+00:00,True,0.178
a56-0-run02-20260810T154057,a56,0,31,data/raw/0/capture_0_a56_a56-0-run02-20260810T154057_31.pcap,,2026-08-10T04:39:55.989098+00:00,False,0.220
a56-0-run02-20260810T154057,a56,0,32,data/raw/0/capture_0_a56_a56-0-run02-20260810T154057_32.pcap,,2026-08-10T04:40:43.899921+00:00,False,0.227
a56-0-run02-20260810T154057,a56,0,33,data/raw/0/capture_0_a56_a56-0-run02-20260810T154057_33.pcap,,2026-08-10T04:41:31.821427+00:00,False,0.207
a56-0-run02-20260810T154057,a56,0,34,data/raw/0/capture_0_a56_a56-0-run02-20260810T154057_34.pcap,,2026-08-10T04:42:19.762094+00:00,False,0.828
a56-0-run02-20260810T154057,a56,0,35,data/raw/0/capture_0_a56_a56-0-run02-20260810T154057_35.pcap,,2026-08-10T04:43:07.744256+00:00,False,0.376
a56-0-run02-20260810T154057,a56,0,36,data/raw/0/capture_0_a56_a56-0-run02-20260810T154057_36.pcap,,2026-08-10T04:43:55.620738+00:00,False,0.474
a56-0-run02-20260810T154057,a56,0,37,data/raw/0/capture_0_a56_a56-0-run02-20260810T154057_37.pcap,data/raw/rrc/rrc_0_a56_a56-0-run02-20260810T154057_10.json,2026-08-10T04:44:15.035936+00:00,True,1.760
a56-0-run02-20260810T154057,a56,0,38,data/raw/0/capture_0_a56_a56-0-run02-20260810T154057_38.pcap,,2026-08-10T04:45:03.195746+00:00,False,0.203
a56-0-run02-20260810T154057,a56,0,39,data/raw/0/capture_0_a56_a56-0-run02-20260810T154057_39.pcap,,2026-08-10T04:45:51.119090+00:00,False,0.221
a56-0-run02-20260810T154057,a56,0,40,data/raw/0/capture_0_a56_a56-0-run02-20260810T154057_40.pcap,,2026-08-10T04:46:39.067896+00:00,False,0.219
a56-0-run02-20260810T154057,a56,0,41,data/raw/0/capture_0_a56_a56-0-run02-20260810T154057_41.pcap,data/raw/rrc/rrc_0_a56_a56-0-run02-20260810T154057_11.json,2026-08-10T04:47:27.006498+00:00,False,0.216
a56-0-run02-20260810T154057,a56,0,42,data/raw/0/capture_0_a56_a56-0-run02-20260810T154057_42.pcap,,2026-08-10T04:48:15.175495+00:00,False,0.486
a56-0-run02-20260810T154057,a56,0,43,data/raw/0/capture_0_a56_a56-0-run02-20260810T154057_43.pcap,data/raw/rrc/rrc_0_a56_a56-0-run02-20260810T154057_12.json,2026-08-10T04:48:34.566089+00:00,True,0.550
a56-0-run02-20260810T154057,a56,0,44,data/raw/0/capture_0_a56_a56-0-run02-20260810T154057_44.pcap,,2026-08-10T04:49:22.701880+00:00,False,0.394
a56-0-run02-20260810T154057,a56,0,45,data/raw/0/capture_0_a56_a56-0-run02-20260810T154057_45.pcap,,2026-08-10T04:50:10.713979+00:00,False,0.320
a56-0-run02-20260810T154057,a56,0,46,data/raw/0/capture_0_a56_a56-0-run02-20260810T154057_46.pcap,,2026-08-10T04:50:58.878424+00:00,False,0.223
a56-0-run02-20260810T154057,a56,0,47,data/raw/0/capture_0_a56_a56-0-run02-20260810T154057_47.pcap,,2026-08-10T04:51:47.017845+00:00,False,0.241
a56-0-run02-20260810T154057,a56,0,48,data/raw/0/capture_0_a56_a56-0-run02-20260810T154057_48.pcap,,2026-08-10T04:52:35.013218+00:00,False,0.243
a56-0-run02-20260810T154057,a56,0,49,data/raw/0/capture_0_a56_a56-0-run02-20260810T154057_49.pcap,,2026-08-10T04:53:23.122250+00:00,False,0.239
a56-0-run02-20260810T154057,a56,0,50,data/raw/0/capture_0_a56_a56-0-run02-20260810T154057_50.pcap,,2026-08-10T04:54:11.187809+00:00,False,0.244
a56-0-run03-20260810T154057,a56,0,1,data/raw/0/capture_0_a56_a56-0-run03-20260810T154057_1.pcap,,2026-08-10T04:54:59.254428+00:00,False,0.212
a56-0-run03-20260810T154057,a56,0,2,data/raw/0/capture_0_a56_a56-0-run03-20260810T154057_2.pcap,data/raw/rrc/rrc_0_a56_a56-0-run03-20260810T154057_1.json,2026-08-10T04:55:18.705463+00:00,True,0.264
a56-0-run03-20260810T154057,a56,0,3,data/raw/0/capture_0_a56_a56-0-run03-20260810T154057_3.pcap,,2026-08-10T04:56:06.863456+00:00,False,0.265
a56-0-run03-20260810T154057,a56,0,4,data/raw/0/capture_0_a56_a56-0-run03-20260810T154057_4.pcap,,2026-08-10T04:56:54.906246+00:00,False,0.226
a56-0-run03-20260810T154057,a56,0,5,data/raw/0/capture_0_a56_a56-0-run03-20260810T154057_5.pcap,,2026-08-10T04:57:42.871242+00:00,False,0.249
a56-0-run03-20260810T154057,a56,0,6,data/raw/0/capture_0_a56_a56-0-run03-20260810T154057_6.pcap,,2026-08-10T04:58:30.838111+00:00,False,0.226
a56-0-run03-20260810T154057,a56,0,7,data/raw/0/capture_0_a56_a56-0-run03-20260810T154057_7.pcap,,2026-08-10T04:59:18.803758+00:00,False,0.250
a56-0-run03-20260810T154057,a56,0,8,data/raw/0/capture_0_a56_a56-0-run03-20260810T154057_8.pcap,data/raw/rrc/rrc_0_a56_a56-0-run03-20260810T154057_2.json,2026-08-10T04:59:37.993113+00:00,True,0.272
a56-0-run03-20260810T154057,a56,0,9,data/raw/0/capture_0_a56_a56-0-run03-20260810T154057_9.pcap,data/raw/rrc/rrc_0_a56_a56-0-run03-20260810T154057_3.json,2026-08-10T05:00:26.166484+00:00,False,0.216
a56-0-run03-20260810T154057,a56,0,10,data/raw/0/capture_0_a56_a56-0-run03-20260810T154057_10.pcap,,2026-08-10T05:01:14.426316+00:00,False,0.415
a56-0-run03-20260810T154057,a56,0,11,data/raw/0/capture_0_a56_a56-0-run03-20260810T154057_11.pcap,,2026-08-10T05:02:02.455112+00:00,False,0.239
a56-0-run03-20260810T154057,a56,0,12,data/raw/0/capture_0_a56_a56-0-run03-20260810T154057_12.pcap,,2026-08-10T05:02:50.633675+00:00,False,0.367
a56-0-run03-20260810T154057,a56,0,13,data/raw/0/capture_0_a56_a56-0-run03-20260810T154057_13.pcap,,2026-08-10T05:03:38.728916+00:00,False,0.201
a56-0-run03-20260810T154057,a56,0,14,data/raw/0/capture_0_a56_a56-0-run03-20260810T154057_14.pcap,,2026-08-10T05:04:26.652455+00:00,False,0.235
a56-0-run03-20260810T154057,a56,0,15,data/raw/0/capture_0_a56_a56-0-run03-20260810T154057_15.pcap,data/raw/rrc/rrc_0_a56_a56-0-run03-20260810T154057_4.json,2026-08-10T05:04:45.973400+00:00,True,0.270
a56-0-run03-20260810T154057,a56,0,16,data/raw/0/capture_0_a56_a56-0-run03-20260810T154057_16.pcap,,2026-08-10T05:05:34.111325+00:00,False,0.220
a56-0-run03-20260810T154057,a56,0,17,data/raw/0/capture_0_a56_a56-0-run03-20260810T154057_17.pcap,,2026-08-10T05:06:22.197856+00:00,False,0.212
a56-0-run03-20260810T154057,a56,0,18,data/raw/0/capture_0_a56_a56-0-run03-20260810T154057_18.pcap,,2026-08-10T05:07:10.217387+00:00,False,0.190
a56-0-run03-20260810T154057,a56,0,19,data/raw/0/capture_0_a56_a56-0-run03-20260810T154057_19.pcap,,2026-08-10T05:07:58.271140+00:00,False,0.242
a56-0-run03-20260810T154057,a56,0,20,data/raw/0/capture_0_a56_a56-0-run03-20260810T154057_20.pcap,,2026-08-10T05:08:46.342687+00:00,False,0.248
a56-0-run03-20260810T154057,a56,0,21,data/raw/0/capture_0_a56_a56-0-run03-20260810T154057_21.pcap,data/raw/rrc/rrc_0_a56_a56-0-run03-20260810T154057_5.json,2026-08-10T05:09:05.678934+00:00,True,0.270
a56-0-run03-20260810T154057,a56,0,22,data/raw/0/capture_0_a56_a56-0-run03-20260810T154057_22.pcap,,2026-08-10T05:09:53.978659+00:00,False,0.215
a56-0-run03-20260810T154057,a56,0,23,data/raw/0/capture_0_a56_a56-0-run03-20260810T154057_23.pcap,,2026-08-10T05:10:42.064737+00:00,False,0.218
a56-0-run03-20260810T154057,a56,0,24,data/raw/0/capture_0_a56_a56-0-run03-20260810T154057_24.pcap,,2026-08-10T05:11:30.179691+00:00,False,0.219
a56-0-run03-20260810T154057,a56,0,25,data/raw/0/capture_0_a56_a56-0-run03-20260810T154057_25.pcap,,2026-08-10T05:12:18.263590+00:00,False,0.399
a56-0-run03-20260810T154057,a56,0,26,data/raw/0/capture_0_a56_a56-0-run03-20260810T154057_26.pcap,data/raw/rrc/rrc_0_a56_a56-0-run03-20260810T154057_6.json,2026-08-10T05:13:06.388259+00:00,False,0.615
a56-0-run03-20260810T154057,a56,0,27,data/raw/0/capture_0_a56_a56-0-run03-20260810T154057_27.pcap,,2026-08-10T05:13:54.751108+00:00,False,0.584
a56-0-run03-20260810T154057,a56,0,28,data/raw/0/capture_0_a56_a56-0-run03-20260810T154057_28.pcap,data/raw/rrc/rrc_0_a56_a56-0-run03-20260810T154057_7.json,2026-08-10T05:14:14.199476+00:00,True,0.690
a56-0-run03-20260810T154057,a56,0,29,data/raw/0/capture_0_a56_a56-0-run03-20260810T154057_29.pcap,,2026-08-10T05:15:02.448035+00:00,False,0.229
a56-0-run03-20260810T154057,a56,0,30,data/raw/0/capture_0_a56_a56-0-run03-20260810T154057_30.pcap,,2026-08-10T05:15:50.650191+00:00,False,0.217
a56-0-run03-20260810T154057,a56,0,31,data/raw/0/capture_0_a56_a56-0-run03-20260810T154057_31.pcap,,2026-08-10T05:16:38.819206+00:00,False,0.413
a56-0-run03-20260810T154057,a56,0,32,data/raw/0/capture_0_a56_a56-0-run03-20260810T154057_32.pcap,,2026-08-10T05:17:26.975640+00:00,False,0.226
a56-0-run03-20260810T154057,a56,0,33,data/raw/0/capture_0_a56_a56-0-run03-20260810T154057_33.pcap,,2026-08-10T05:18:15.336090+00:00,False,0.223
a56-0-run03-20260810T154057,a56,0,34,data/raw/0/capture_0_a56_a56-0-run03-20260810T154057_34.pcap,data/raw/rrc/rrc_0_a56_a56-0-run03-20260810T154057_8.json,2026-08-10T05:18:34.638862+00:00,True,0.267
a56-0-run03-20260810T154057,a56,0,35,data/raw/0/capture_0_a56_a56-0-run03-20260810T154057_35.pcap,,2026-08-10T05:19:22.959338+00:00,False,0.220
a56-0-run03-20260810T154057,a56,0,36,data/raw/0/capture_0_a56_a56-0-run03-20260810T154057_36.pcap,,2026-08-10T05:20:11.039797+00:00,False,0.386
a56-0-run03-20260810T154057,a56,0,37,data/raw/0/capture_0_a56_a56-0-run03-20260810T154057_37.pcap,,2026-08-10T05:20:59.144324+00:00,False,0.360
a56-0-run03-20260810T154057,a56,0,38,data/raw/0/capture_0_a56_a56-0-run03-20260810T154057_38.pcap,,2026-08-10T05:21:47.369490+00:00,False,1.286
a56-0-run03-20260810T154057,a56,0,39,data/raw/0/capture_0_a56_a56-0-run03-20260810T154057_39.pcap,data/raw/rrc/rrc_0_a56_a56-0-run03-20260810T154057_11.json,2026-08-10T05:22:35.475240+00:00,False,0.936
a56-0-run03-20260810T154057,a56,0,40,data/raw/0/capture_0_a56_a56-0-run03-20260810T154057_40.pcap,data/raw/rrc/rrc_0_a56_a56-0-run03-20260810T154057_13.json,2026-08-10T05:23:23.759569+00:00,False,0.517
a56-0-run03-20260810T154057,a56,0,41,data/raw/0/capture_0_a56_a56-0-run03-20260810T154057_41.pcap,data/raw/rrc/rrc_0_a56_a56-0-run03-20260810T154057_14.json,2026-08-10T05:23:43.405697+00:00,True,0.387
a56-0-run03-20260810T154057,a56,0,42,data/raw/0/capture_0_a56_a56-0-run03-20260810T154057_42.pcap,data/raw/rrc/rrc_0_a56_a56-0-run03-20260810T154057_17.json,2026-08-10T05:24:31.735028+00:00,False,1.061
a56-0-run03-20260810T154057,a56,0,43,data/raw/0/capture_0_a56_a56-0-run03-20260810T154057_43.pcap,data/raw/rrc/rrc_0_a56_a56-0-run03-20260810T154057_18.json,2026-08-10T05:25:20.014823+00:00,False,0.920
a56-0-run03-20260810T154057,a56,0,44,data/raw/0/capture_0_a56_a56-0-run03-20260810T154057_44.pcap,data/raw/rrc/rrc_0_a56_a56-0-run03-20260810T154057_22.json,2026-08-10T05:26:07.800155+00:00,False,0.893
a56-0-run03-20260810T154057,a56,0,45,data/raw/0/capture_0_a56_a56-0-run03-20260810T154057_45.pcap,data/raw/rrc/rrc_0_a56_a56-0-run03-20260810T154057_24.json,2026-08-10T05:26:56.297289+00:00,False,0.901
a56-0-run03-20260810T154057,a56,0,46,data/raw/0/capture_0_a56_a56-0-run03-20260810T154057_46.pcap,data/raw/rrc/rrc_0_a56_a56-0-run03-20260810T154057_27.json,2026-08-10T05:27:44.674399+00:00,False,1.017
a56-0-run03-20260810T154057,a56,0,47,data/raw/0/capture_0_a56_a56-0-run03-20260810T154057_47.pcap,data/raw/rrc/rrc_0_a56_a56-0-run03-20260810T154057_28.json,2026-08-10T05:28:32.703418+00:00,False,0.723
a56-0-run03-20260810T154057,a56,0,48,data/raw/0/capture_0_a56_a56-0-run03-20260810T154057_48.pcap,data/raw/rrc/rrc_0_a56_a56-0-run03-20260810T154057_31.json,2026-08-10T05:29:20.967338+00:00,False,0.989
a56-0-run03-20260810T154057,a56,0,49,data/raw/0/capture_0_a56_a56-0-run03-20260810T154057_49.pcap,data/raw/rrc/rrc_0_a56_a56-0-run03-20260810T154057_34.json,2026-08-10T05:30:09.361684+00:00,False,0.541
nothing3a-0-run01-20260810T175015,nothing3a,0,1,data/raw/0/capture_0_nothing3a_nothing3a-0-run01-20260810T175015_1.pcap,data/raw/rrc/rrc_0_nothing3a_nothing3a-0-run01-20260810T175015_2.json,2026-08-10T05:50:39.787048+00:00,True,0.821
nothing3a-0-run01-20260810T175015,nothing3a,0,2,data/raw/0/capture_0_nothing3a_nothing3a-0-run01-20260810T175015_2.pcap,data/raw/rrc/rrc_0_nothing3a_nothing3a-0-run01-20260810T175015_3.json,2026-08-10T05:50:49.241078+00:00,True,0.616
nothing3a-0-run01-20260810T175015,nothing3a,0,3,data/raw/0/capture_0_nothing3a_nothing3a-0-run01-20260810T175015_3.pcap,data/raw/rrc/rrc_0_nothing3a_nothing3a-0-run01-20260810T175015_4.json,2026-08-10T05:50:58.351744+00:00,True,0.647
nothing3a-0-run01-20260810T175015,nothing3a,0,4,data/raw/0/capture_0_nothing3a_nothing3a-0-run01-20260810T175015_4.pcap,data/raw/rrc/rrc_0_nothing3a_nothing3a-0-run01-20260810T175015_5.json,2026-08-10T05:51:07.941978+00:00,True,0.828
nothing3a-0-run01-20260810T175015,nothing3a,0,5,data/raw/0/capture_0_nothing3a_nothing3a-0-run01-20260810T175015_5.pcap,data/raw/rrc/rrc_0_nothing3a_nothing3a-0-run01-20260810T175015_6.json,2026-08-10T05:51:17.324934+00:00,True,1.175
nothing3a-0-run01-20260810T175015,nothing3a,0,6,data/raw/0/capture_0_nothing3a_nothing3a-0-run01-20260810T175015_6.pcap,data/raw/rrc/rrc_0_nothing3a_nothing3a-0-run01-20260810T175015_7.json,2026-08-10T05:51:27.112796+00:00,True,0.715
nothing3a-0-run01-20260810T175015,nothing3a,0,7,data/raw/0/capture_0_nothing3a_nothing3a-0-run01-20260810T175015_7.pcap,data/raw/rrc/rrc_0_nothing3a_nothing3a-0-run01-20260810T175015_8.json,2026-08-10T05:51:36.483526+00:00,True,0.752
nothing3a-0-run01-20260810T175015,nothing3a,0,8,data/raw/0/capture_0_nothing3a_nothing3a-0-run01-20260810T175015_8.pcap,data/raw/rrc/rrc_0_nothing3a_nothing3a-0-run01-20260810T175015_9.json,2026-08-10T05:51:45.812933+00:00,True,0.629
nothing3a-0-run01-20260810T175015,nothing3a,0,9,data/raw/0/capture_0_nothing3a_nothing3a-0-run01-20260810T175015_9.pcap,data/raw/rrc/rrc_0_nothing3a_nothing3a-0-run01-20260810T175015_10.json,2026-08-10T05:51:55.374136+00:00,True,1.810
nothing3a-0-run01-20260810T175015,nothing3a,0,10,data/raw/0/capture_0_nothing3a_nothing3a-0-run01-20260810T175015_10.pcap,data/raw/rrc/rrc_0_nothing3a_nothing3a-0-run01-20260810T175015_11.json,2026-08-10T05:52:04.747340+00:00,True,0.636
nothing3a-0-run01-20260810T175015,nothing3a,0,11,data/raw/0/capture_0_nothing3a_nothing3a-0-run01-20260810T175015_11.pcap,data/raw/rrc/rrc_0_nothing3a_nothing3a-0-run01-20260810T175015_12.json,2026-08-10T05:52:14.104762+00:00,True,0.629
nothing3a-0-run01-20260810T175015,nothing3a,0,12,data/raw/0/capture_0_nothing3a_nothing3a-0-run01-20260810T175015_12.pcap,data/raw/rrc/rrc_0_nothing3a_nothing3a-0-run01-20260810T175015_13.json,2026-08-10T05:52:23.434327+00:00,True,1.211
nothing3a-0-run01-20260810T175015,nothing3a,0,13,data/raw/0/capture_0_nothing3a_nothing3a-0-run01-20260810T175015_13.pcap,data/raw/rrc/rrc_0_nothing3a_nothing3a-0-run01-20260810T175015_14.json,2026-08-10T05:52:33.194058+00:00,True,1.101
nothing3a-0-run01-20260810T175015,nothing3a,0,14,data/raw/0/capture_0_nothing3a_nothing3a-0-run01-20260810T175015_14.pcap,data/raw/rrc/rrc_0_nothing3a_nothing3a-0-run01-20260810T175015_15.json,2026-08-10T05:52:42.506785+00:00,True,0.611
nothing3a-0-run01-20260810T175015,nothing3a,0,15,data/raw/0/capture_0_nothing3a_nothing3a-0-run01-20260810T175015_15.pcap,data/raw/rrc/rrc_0_nothing3a_nothing3a-0-run01-20260810T175015_16.json,2026-08-10T05:52:51.894369+00:00,True,0.578
nothing3a-0-run01-20260810T175015,nothing3a,0,16,data/raw/0/capture_0_nothing3a_nothing3a-0-run01-20260810T175015_16.pcap,data/raw/rrc/rrc_0_nothing3a_nothing3a-0-run01-20260810T175015_17.json,2026-08-10T05:53:01.224768+00:00,True,0.909
nothing3a-0-run01-20260810T175015,nothing3a,0,17,data/raw/0/capture_0_nothing3a_nothing3a-0-run01-20260810T175015_17.pcap,data/raw/rrc/rrc_0_nothing3a_nothing3a-0-run01-20260810T175015_18.json,2026-08-10T05:53:10.806288+00:00,True,0.619
nothing3a-0-run01-20260810T175015,nothing3a,0,18,data/raw/0/capture_0_nothing3a_nothing3a-0-run01-20260810T175015_18.pcap,data/raw/rrc/rrc_0_nothing3a_nothing3a-0-run01-20260810T175015_19.json,2026-08-10T05:53:20.551084+00:00,True,0.608
nothing3a-0-run01-20260810T175015,nothing3a,0,19,data/raw/0/capture_0_nothing3a_nothing3a-0-run01-20260810T175015_19.pcap,data/raw/rrc/rrc_0_nothing3a_nothing3a-0-run01-20260810T175015_20.json,2026-08-10T05:53:29.837994+00:00,True,1.199
nothing3a-0-run01-20260810T175015,nothing3a,0,20,data/raw/0/capture_0_nothing3a_nothing3a-0-run01-20260810T175015_20.pcap,data/raw/rrc/rrc_0_nothing3a_nothing3a-0-run01-20260810T175015_21.json,2026-08-10T05:53:39.283940+00:00,True,0.703
nothing3a-0-run02-20260810T175015,nothing3a,0,1,data/raw/0/capture_0_nothing3a_nothing3a-0-run02-20260810T175015_1.pcap,data/raw/rrc/rrc_0_nothing3a_nothing3a-0-run02-20260810T175015_1.json,2026-08-10T05:53:48.757957+00:00,True,0.631
nothing3a-0-run02-20260810T175015,nothing3a,0,2,data/raw/0/capture_0_nothing3a_nothing3a-0-run02-20260810T175015_2.pcap,data/raw/rrc/rrc_0_nothing3a_nothing3a-0-run02-20260810T175015_2.json,2026-08-10T05:53:58.135067+00:00,True,0.646
nothing3a-0-run02-20260810T175015,nothing3a,0,3,data/raw/0/capture_0_nothing3a_nothing3a-0-run02-20260810T175015_3.pcap,data/raw/rrc/rrc_0_nothing3a_nothing3a-0-run02-20260810T175015_3.json,2026-08-10T05:54:07.597081+00:00,True,0.664
nothing3a-0-run02-20260810T175015,nothing3a,0,4,data/raw/0/capture_0_nothing3a_nothing3a-0-run02-20260810T175015_4.pcap,data/raw/rrc/rrc_0_nothing3a_nothing3a-0-run02-20260810T175015_4.json,2026-08-10T05:54:17.221344+00:00,True,0.632
nothing3a-0-run02-20260810T175015,nothing3a,0,5,data/raw/0/capture_0_nothing3a_nothing3a-0-run02-20260810T175015_5.pcap,data/raw/rrc/rrc_0_nothing3a_nothing3a-0-run02-20260810T175015_5.json,2026-08-10T05:54:26.762029+00:00,True,0.614
nothing3a-0-run02-20260810T175015,nothing3a,0,6,data/raw/0/capture_0_nothing3a_nothing3a-0-run02-20260810T175015_6.pcap,data/raw/rrc/rrc_0_nothing3a_nothing3a-0-run02-20260810T175015_6.json,2026-08-10T05:54:36.352769+00:00,True,0.613
nothing3a-0-run02-20260810T175015,nothing3a,0,7,data/raw/0/capture_0_nothing3a_nothing3a-0-run02-20260810T175015_7.pcap,data/raw/rrc/rrc_0_nothing3a_nothing3a-0-run02-20260810T175015_7.json,2026-08-10T05:54:45.775174+00:00,True,0.606
nothing3a-0-run02-20260810T175015,nothing3a,0,8,data/raw/0/capture_0_nothing3a_nothing3a-0-run02-20260810T175015_8.pcap,data/raw/rrc/rrc_0_nothing3a_nothing3a-0-run02-20260810T175015_8.json,2026-08-10T05:54:55.277596+00:00,True,0.588
nothing3a-0-run02-20260810T175015,nothing3a,0,9,data/raw/0/capture_0_nothing3a_nothing3a-0-run02-20260810T175015_9.pcap,data/raw/rrc/rrc_0_nothing3a_nothing3a-0-run02-20260810T175015_9.json,2026-08-10T05:55:04.734496+00:00,True,0.607
nothing3a-0-run02-20260810T175015,nothing3a,0,10,data/raw/0/capture_0_nothing3a_nothing3a-0-run02-20260810T175015_10.pcap,data/raw/rrc/rrc_0_nothing3a_nothing3a-0-run02-20260810T175015_10.json,2026-08-10T05:55:14.166430+00:00,True,0.590
nothing3a-0-run02-20260810T175015,nothing3a,0,11,data/raw/0/capture_0_nothing3a_nothing3a-0-run02-20260810T175015_11.pcap,data/raw/rrc/rrc_0_nothing3a_nothing3a-0-run02-20260810T175015_11.json,2026-08-10T05:55:23.619867+00:00,True,0.636
nothing3a-0-run02-20260810T175015,nothing3a,0,12,data/raw/0/capture_0_nothing3a_nothing3a-0-run02-20260810T175015_12.pcap,data/raw/rrc/rrc_0_nothing3a_nothing3a-0-run02-20260810T175015_12.json,2026-08-10T05:55:33.186663+00:00,True,0.671
nothing3a-0-run02-20260810T175015,nothing3a,0,13,data/raw/0/capture_0_nothing3a_nothing3a-0-run02-20260810T175015_13.pcap,data/raw/rrc/rrc_0_nothing3a_nothing3a-0-run02-20260810T175015_13.json,2026-08-10T05:55:42.834540+00:00,True,1.144
nothing3a-0-run02-20260810T175015,nothing3a,0,14,data/raw/0/capture_0_nothing3a_nothing3a-0-run02-20260810T175015_14.pcap,data/raw/rrc/rrc_0_nothing3a_nothing3a-0-run02-20260810T175015_14.json,2026-08-10T05:55:52.379691+00:00,True,0.809
nothing3a-0-run02-20260810T175015,nothing3a,0,15,data/raw/0/capture_0_nothing3a_nothing3a-0-run02-20260810T175015_15.pcap,data/raw/rrc/rrc_0_nothing3a_nothing3a-0-run02-20260810T175015_15.json,2026-08-10T05:56:01.967417+00:00,True,1.024
nothing3a-0-run02-20260810T175015,nothing3a,0,16,data/raw/0/capture_0_nothing3a_nothing3a-0-run02-20260810T175015_16.pcap,data/raw/rrc/rrc_0_nothing3a_nothing3a-0-run02-20260810T175015_17.json,2026-08-10T05:56:11.477366+00:00,True,0.757
nothing3a-0-run02-20260810T175015,nothing3a,0,17,data/raw/0/capture_0_nothing3a_nothing3a-0-run02-20260810T175015_17.pcap,data/raw/rrc/rrc_0_nothing3a_nothing3a-0-run02-20260810T175015_18.json,2026-08-10T05:56:21.339312+00:00,True,0.633
nothing3a-0-run02-20260810T175015,nothing3a,0,18,data/raw/0/capture_0_nothing3a_nothing3a-0-run02-20260810T175015_18.pcap,data/raw/rrc/rrc_0_nothing3a_nothing3a-0-run02-20260810T175015_19.json,2026-08-10T05:56:30.786499+00:00,True,0.597
nothing3a-0-run02-20260810T175015,nothing3a,0,19,data/raw/0/capture_0_nothing3a_nothing3a-0-run02-20260810T175015_19.pcap,data/raw/rrc/rrc_0_nothing3a_nothing3a-0-run02-20260810T175015_20.json,2026-08-10T05:56:40.330976+00:00,True,0.665
nothing3a-0-run02-20260810T175015,nothing3a,0,20,data/raw/0/capture_0_nothing3a_nothing3a-0-run02-20260810T175015_20.pcap,data/raw/rrc/rrc_0_nothing3a_nothing3a-0-run02-20260810T175015_21.json,2026-08-10T05:56:50.139677+00:00,True,0.652
nothing3a-0-run03-20260810T175015,nothing3a,0,1,data/raw/0/capture_0_nothing3a_nothing3a-0-run03-20260810T175015_1.pcap,data/raw/rrc/rrc_0_nothing3a_nothing3a-0-run03-20260810T175015_1.json,2026-08-10T05:56:59.785643+00:00,True,0.607
nothing3a-0-run03-20260810T175015,nothing3a,0,2,data/raw/0/capture_0_nothing3a_nothing3a-0-run03-20260810T175015_2.pcap,data/raw/rrc/rrc_0_nothing3a_nothing3a-0-run03-20260810T175015_2.json,2026-08-10T05:57:09.339299+00:00,True,0.724
nothing3a-0-run03-20260810T175015,nothing3a,0,3,data/raw/0/capture_0_nothing3a_nothing3a-0-run03-20260810T175015_3.pcap,data/raw/rrc/rrc_0_nothing3a_nothing3a-0-run03-20260810T175015_3.json,2026-08-10T05:57:18.899081+00:00,True,0.681
nothing3a-0-run03-20260810T175015,nothing3a,0,4,data/raw/0/capture_0_nothing3a_nothing3a-0-run03-20260810T175015_4.pcap,data/raw/rrc/rrc_0_nothing3a_nothing3a-0-run03-20260810T175015_4.json,2026-08-10T05:57:28.504353+00:00,True,0.699
nothing3a-0-run03-20260810T175015,nothing3a,0,5,data/raw/0/capture_0_nothing3a_nothing3a-0-run03-20260810T175015_5.pcap,data/raw/rrc/rrc_0_nothing3a_nothing3a-0-run03-20260810T175015_5.json,2026-08-10T05:57:38.066111+00:00,True,0.616
nothing3a-0-run03-20260810T175015,nothing3a,0,6,data/raw/0/capture_0_nothing3a_nothing3a-0-run03-20260810T175015_6.pcap,data/raw/rrc/rrc_0_nothing3a_nothing3a-0-run03-20260810T175015_6.json,2026-08-10T05:57:47.547778+00:00,True,0.609
nothing3a-0-run03-20260810T175015,nothing3a,0,7,data/raw/0/capture_0_nothing3a_nothing3a-0-run03-20260810T175015_7.pcap,data/raw/rrc/rrc_0_nothing3a_nothing3a-0-run03-20260810T175015_7.json,2026-08-10T05:57:57.065467+00:00,True,1.027
nothing3a-0-run03-20260810T175015,nothing3a,0,8,data/raw/0/capture_0_nothing3a_nothing3a-0-run03-20260810T175015_8.pcap,data/raw/rrc/rrc_0_nothing3a_nothing3a-0-run03-20260810T175015_8.json,2026-08-10T05:58:06.692853+00:00,True,1.117
nothing3a-0-run03-20260810T175015,nothing3a,0,9,data/raw/0/capture_0_nothing3a_nothing3a-0-run03-20260810T175015_9.pcap,data/raw/rrc/rrc_0_nothing3a_nothing3a-0-run03-20260810T175015_9.json,2026-08-10T05:58:16.488581+00:00,True,0.885
nothing3a-0-run03-20260810T175015,nothing3a,0,10,data/raw/0/capture_0_nothing3a_nothing3a-0-run03-20260810T175015_10.pcap,data/raw/rrc/rrc_0_nothing3a_nothing3a-0-run03-20260810T175015_10.json,2026-08-10T05:58:26.322505+00:00,True,0.624
nothing3a-0-run03-20260810T175015,nothing3a,0,11,data/raw/0/capture_0_nothing3a_nothing3a-0-run03-20260810T175015_11.pcap,data/raw/rrc/rrc_0_nothing3a_nothing3a-0-run03-20260810T175015_11.json,2026-08-10T05:58:35.899728+00:00,True,1.057
nothing3a-0-run03-20260810T175015,nothing3a,0,12,data/raw/0/capture_0_nothing3a_nothing3a-0-run03-20260810T175015_12.pcap,data/raw/rrc/rrc_0_nothing3a_nothing3a-0-run03-20260810T175015_12.json,2026-08-10T05:58:45.501213+00:00,True,0.614
nothing3a-0-run03-20260810T175015,nothing3a,0,13,data/raw/0/capture_0_nothing3a_nothing3a-0-run03-20260810T175015_13.pcap,data/raw/rrc/rrc_0_nothing3a_nothing3a-0-run03-20260810T175015_13.json,2026-08-10T05:58:55.042550+00:00,True,0.608
nothing3a-0-run03-20260810T175015,nothing3a,0,14,data/raw/0/capture_0_nothing3a_nothing3a-0-run03-20260810T175015_14.pcap,data/raw/rrc/rrc_0_nothing3a_nothing3a-0-run03-20260810T175015_14.json,2026-08-10T05:59:04.671189+00:00,True,0.973
nothing3a-0-run03-20260810T175015,nothing3a,0,15,data/raw/0/capture_0_nothing3a_nothing3a-0-run03-20260810T175015_15.pcap,data/raw/rrc/rrc_0_nothing3a_nothing3a-0-run03-20260810T175015_15.json,2026-08-10T05:59:14.664411+00:00,True,0.593
nothing3a-0-run03-20260810T175015,nothing3a,0,16,data/raw/0/capture_0_nothing3a_nothing3a-0-run03-20260810T175015_16.pcap,data/raw/rrc/rrc_0_nothing3a_nothing3a-0-run03-20260810T175015_16.json,2026-08-10T05:59:24.554996+00:00,True,0.690
nothing3a-0-run03-20260810T175015,nothing3a,0,17,data/raw/0/capture_0_nothing3a_nothing3a-0-run03-20260810T175015_17.pcap,data/raw/rrc/rrc_0_nothing3a_nothing3a-0-run03-20260810T175015_17.json,2026-08-10T05:59:34.093041+00:00,True,0.782
nothing3a-0-run03-20260810T175015,nothing3a,0,18,data/raw/0/capture_0_nothing3a_nothing3a-0-run03-20260810T175015_18.pcap,data/raw/rrc/rrc_0_nothing3a_nothing3a-0-run03-20260810T175015_18.json,2026-08-10T05:59:43.910431+00:00,True,0.634
nothing3a-0-run03-20260810T175015,nothing3a,0,19,data/raw/0/capture_0_nothing3a_nothing3a-0-run03-20260810T175015_19.pcap,data/raw/rrc/rrc_0_nothing3a_nothing3a-0-run03-20260810T175015_19.json,2026-08-10T05:59:53.462404+00:00,True,0.676
nothing3a-0-run03-20260810T175015,nothing3a,0,20,data/raw/0/capture_0_nothing3a_nothing3a-0-run03-20260810T175015_20.pcap,data/raw/rrc/rrc_0_nothing3a_nothing3a-0-run03-20260810T175015_20.json,2026-08-10T06:00:03.217125+00:00,True,1.062
nothing3a-0-run04-20260810T175015,nothing3a,0,1,data/raw/0/capture_0_nothing3a_nothing3a-0-run04-20260810T175015_1.pcap,data/raw/rrc/rrc_0_nothing3a_nothing3a-0-run04-20260810T175015_1.json,2026-08-10T06:00:12.796338+00:00,True,1.111
nothing3a-0-run04-20260810T175015,nothing3a,0,2,data/raw/0/capture_0_nothing3a_nothing3a-0-run04-20260810T175015_2.pcap,data/raw/rrc/rrc_0_nothing3a_nothing3a-0-run04-20260810T175015_2.json,2026-08-10T06:00:22.314215+00:00,True,0.646
nothing3a-0-run04-20260810T175015,nothing3a,0,3,data/raw/0/capture_0_nothing3a_nothing3a-0-run04-20260810T175015_3.pcap,data/raw/rrc/rrc_0_nothing3a_nothing3a-0-run04-20260810T175015_3.json,2026-08-10T06:00:31.843498+00:00,True,1.088
nothing3a-0-run04-20260810T175015,nothing3a,0,4,data/raw/0/capture_0_nothing3a_nothing3a-0-run04-20260810T175015_4.pcap,data/raw/rrc/rrc_0_nothing3a_nothing3a-0-run04-20260810T175015_4.json,2026-08-10T06:00:41.428982+00:00,True,0.645
nothing3a-0-run04-20260810T175015,nothing3a,0,5,data/raw/0/capture_0_nothing3a_nothing3a-0-run04-20260810T175015_5.pcap,data/raw/rrc/rrc_0_nothing3a_nothing3a-0-run04-20260810T175015_5.json,2026-08-10T06:00:51.121093+00:00,True,0.658
nothing3a-0-run04-20260810T175015,nothing3a,0,6,data/raw/0/capture_0_nothing3a_nothing3a-0-run04-20260810T175015_6.pcap,data/raw/rrc/rrc_0_nothing3a_nothing3a-0-run04-20260810T175015_6.json,2026-08-10T06:01:00.732176+00:00,True,0.662
nothing3a-0-run04-20260810T175015,nothing3a,0,7,data/raw/0/capture_0_nothing3a_nothing3a-0-run04-20260810T175015_7.pcap,data/raw/rrc/rrc_0_nothing3a_nothing3a-0-run04-20260810T175015_7.json,2026-08-10T06:01:10.494865+00:00,True,0.645
nothing3a-0-run04-20260810T175015,nothing3a,0,8,data/raw/0/capture_0_nothing3a_nothing3a-0-run04-20260810T175015_8.pcap,data/raw/rrc/rrc_0_nothing3a_nothing3a-0-run04-20260810T175015_8.json,2026-08-10T06:01:20.241789+00:00,True,0.657
nothing3a-0-run04-20260810T175015,nothing3a,0,9,data/raw/0/capture_0_nothing3a_nothing3a-0-run04-20260810T175015_9.pcap,data/raw/rrc/rrc_0_nothing3a_nothing3a-0-run04-20260810T175015_9.json,2026-08-10T06:01:29.886997+00:00,True,0.637
nothing3a-0-run04-20260810T175015,nothing3a,0,10,data/raw/0/capture_0_nothing3a_nothing3a-0-run04-20260810T175015_10.pcap,data/raw/rrc/rrc_0_nothing3a_nothing3a-0-run04-20260810T175015_10.json,2026-08-10T06:01:39.614509+00:00,True,0.596
nothing3a-0-run04-20260810T175015,nothing3a,0,11,data/raw/0/capture_0_nothing3a_nothing3a-0-run04-20260810T175015_11.pcap,data/raw/rrc/rrc_0_nothing3a_nothing3a-0-run04-20260810T175015_11.json,2026-08-10T06:01:49.259879+00:00,True,0.611
nothing3a-0-run04-20260810T175015,nothing3a,0,12,data/raw/0/capture_0_nothing3a_nothing3a-0-run04-20260810T175015_12.pcap,data/raw/rrc/rrc_0_nothing3a_nothing3a-0-run04-20260810T175015_12.json,2026-08-10T06:01:58.842462+00:00,True,0.665
nothing3a-0-run04-20260810T175015,nothing3a,0,13,data/raw/0/capture_0_nothing3a_nothing3a-0-run04-20260810T175015_13.pcap,data/raw/rrc/rrc_0_nothing3a_nothing3a-0-run04-20260810T175015_13.json,2026-08-10T06:02:08.414986+00:00,True,0.636
nothing3a-0-run04-20260810T175015,nothing3a,0,14,data/raw/0/capture_0_nothing3a_nothing3a-0-run04-20260810T175015_14.pcap,data/raw/rrc/rrc_0_nothing3a_nothing3a-0-run04-20260810T175015_14.json,2026-08-10T06:02:17.984766+00:00,True,0.663
nothing3a-0-run04-20260810T175015,nothing3a,0,15,data/raw/0/capture_0_nothing3a_nothing3a-0-run04-20260810T175015_15.pcap,data/raw/rrc/rrc_0_nothing3a_nothing3a-0-run04-20260810T175015_15.json,2026-08-10T06:02:27.690771+00:00,True,0.596
nothing3a-0-run04-20260810T175015,nothing3a,0,16,data/raw/0/capture_0_nothing3a_nothing3a-0-run04-20260810T175015_16.pcap,data/raw/rrc/rrc_0_nothing3a_nothing3a-0-run04-20260810T175015_16.json,2026-08-10T06:02:37.320468+00:00,True,0.658
nothing3a-0-run04-20260810T175015,nothing3a,0,17,data/raw/0/capture_0_nothing3a_nothing3a-0-run04-20260810T175015_17.pcap,data/raw/rrc/rrc_0_nothing3a_nothing3a-0-run04-20260810T175015_17.json,2026-08-10T06:02:47.317303+00:00,True,0.734
nothing3a-0-run04-20260810T175015,nothing3a,0,18,data/raw/0/capture_0_nothing3a_nothing3a-0-run04-20260810T175015_18.pcap,data/raw/rrc/rrc_0_nothing3a_nothing3a-0-run04-20260810T175015_18.json,2026-08-10T06:02:56.986592+00:00,True,0.620
nothing3a-0-run04-20260810T175015,nothing3a,0,19,data/raw/0/capture_0_nothing3a_nothing3a-0-run04-20260810T175015_19.pcap,data/raw/rrc/rrc_0_nothing3a_nothing3a-0-run04-20260810T175015_19.json,2026-08-10T06:03:06.871623+00:00,True,0.635
nothing3a-0-run04-20260810T175015,nothing3a,0,20,data/raw/0/capture_0_nothing3a_nothing3a-0-run04-20260810T175015_20.pcap,data/raw/rrc/rrc_0_nothing3a_nothing3a-0-run04-20260810T175015_20.json,2026-08-10T06:03:16.569280+00:00,True,0.591
nothing3a-0-run05-20260810T175015,nothing3a,0,1,data/raw/0/capture_0_nothing3a_nothing3a-0-run05-20260810T175015_1.pcap,data/raw/rrc/rrc_0_nothing3a_nothing3a-0-run05-20260810T175015_1.json,2026-08-10T06:03:26.442248+00:00,True,0.980
nothing3a-0-run05-20260810T175015,nothing3a,0,2,data/raw/0/capture_0_nothing3a_nothing3a-0-run05-20260810T175015_2.pcap,data/raw/rrc/rrc_0_nothing3a_nothing3a-0-run05-20260810T175015_2.json,2026-08-10T06:03:36.314725+00:00,True,0.801
nothing3a-0-run05-20260810T175015,nothing3a,0,3,data/raw/0/capture_0_nothing3a_nothing3a-0-run05-20260810T175015_3.pcap,data/raw/rrc/rrc_0_nothing3a_nothing3a-0-run05-20260810T175015_3.json,2026-08-10T06:03:45.964013+00:00,True,0.721
nothing3a-0-run05-20260810T175015,nothing3a,0,4,data/raw/0/capture_0_nothing3a_nothing3a-0-run05-20260810T175015_4.pcap,data/raw/rrc/rrc_0_nothing3a_nothing3a-0-run05-20260810T175015_4.json,2026-08-10T06:03:55.977529+00:00,True,0.995
nothing3a-0-run05-20260810T175015,nothing3a,0,5,data/raw/0/capture_0_nothing3a_nothing3a-0-run05-20260810T175015_5.pcap,data/raw/rrc/rrc_0_nothing3a_nothing3a-0-run05-20260810T175015_5.json,2026-08-10T06:04:05.710011+00:00,True,1.739
nothing3a-0-run05-20260810T175015,nothing3a,0,6,data/raw/0/capture_0_nothing3a_nothing3a-0-run05-20260810T175015_6.pcap,data/raw/rrc/rrc_0_nothing3a_nothing3a-0-run05-20260810T175015_6.json,2026-08-10T06:04:15.513580+00:00,True,0.747
nothing3a-0-run05-20260810T175015,nothing3a,0,7,data/raw/0/capture_0_nothing3a_nothing3a-0-run05-20260810T175015_7.pcap,data/raw/rrc/rrc_0_nothing3a_nothing3a-0-run05-20260810T175015_7.json,2026-08-10T06:04:25.149647+00:00,True,0.612
nothing3a-0-run05-20260810T175015,nothing3a,0,8,data/raw/0/capture_0_nothing3a_nothing3a-0-run05-20260810T175015_8.pcap,data/raw/rrc/rrc_0_nothing3a_nothing3a-0-run05-20260810T175015_8.json,2026-08-10T06:04:34.689401+00:00,True,1.064
nothing3a-0-run05-20260810T175015,nothing3a,0,9,data/raw/0/capture_0_nothing3a_nothing3a-0-run05-20260810T175015_9.pcap,data/raw/rrc/rrc_0_nothing3a_nothing3a-0-run05-20260810T175015_9.json,2026-08-10T06:04:44.567518+00:00,True,1.570
nothing3a-0-run05-20260810T175015,nothing3a,0,10,data/raw/0/capture_0_nothing3a_nothing3a-0-run05-20260810T175015_10.pcap,data/raw/rrc/rrc_0_nothing3a_nothing3a-0-run05-20260810T175015_10.json,2026-08-10T06:04:54.234577+00:00,True,0.638
nothing3a-0-run05-20260810T175015,nothing3a,0,11,data/raw/0/capture_0_nothing3a_nothing3a-0-run05-20260810T175015_11.pcap,data/raw/rrc/rrc_0_nothing3a_nothing3a-0-run05-20260810T175015_11.json,2026-08-10T06:05:04.040656+00:00,True,0.611
nothing3a-0-run05-20260810T175015,nothing3a,0,12,data/raw/0/capture_0_nothing3a_nothing3a-0-run05-20260810T175015_12.pcap,data/raw/rrc/rrc_0_nothing3a_nothing3a-0-run05-20260810T175015_12.json,2026-08-10T06:05:13.726147+00:00,True,1.225
nothing3a-0-run05-20260810T175015,nothing3a,0,13,data/raw/0/capture_0_nothing3a_nothing3a-0-run05-20260810T175015_13.pcap,data/raw/rrc/rrc_0_nothing3a_nothing3a-0-run05-20260810T175015_13.json,2026-08-10T06:05:23.484190+00:00,True,0.680
nothing3a-0-run05-20260810T175015,nothing3a,0,14,data/raw/0/capture_0_nothing3a_nothing3a-0-run05-20260810T175015_14.pcap,data/raw/rrc/rrc_0_nothing3a_nothing3a-0-run05-20260810T175015_14.json,2026-08-10T06:05:33.170308+00:00,True,1.120
nothing3a-0-run05-20260810T175015,nothing3a,0,15,data/raw/0/capture_0_nothing3a_nothing3a-0-run05-20260810T175015_15.pcap,data/raw/rrc/rrc_0_nothing3a_nothing3a-0-run05-20260810T175015_15.json,2026-08-10T06:05:42.742983+00:00,True,0.623
nothing3a-0-run05-20260810T175015,nothing3a,0,16,data/raw/0/capture_0_nothing3a_nothing3a-0-run05-20260810T175015_16.pcap,data/raw/rrc/rrc_0_nothing3a_nothing3a-0-run05-20260810T175015_16.json,2026-08-10T06:05:52.390532+00:00,True,0.629
nothing3a-0-run05-20260810T175015,nothing3a,0,17,data/raw/0/capture_0_nothing3a_nothing3a-0-run05-20260810T175015_17.pcap,data/raw/rrc/rrc_0_nothing3a_nothing3a-0-run05-20260810T175015_17.json,2026-08-10T06:06:02.183032+00:00,True,0.615
nothing3a-0-run05-20260810T175015,nothing3a,0,18,data/raw/0/capture_0_nothing3a_nothing3a-0-run05-20260810T175015_18.pcap,data/raw/rrc/rrc_0_nothing3a_nothing3a-0-run05-20260810T175015_18.json,2026-08-10T06:06:11.887454+00:00,True,0.601
nothing3a-0-run05-20260810T175015,nothing3a,0,19,data/raw/0/capture_0_nothing3a_nothing3a-0-run05-20260810T175015_19.pcap,data/raw/rrc/rrc_0_nothing3a_nothing3a-0-run05-20260810T175015_19.json,2026-08-10T06:06:21.595804+00:00,True,1.081
nothing3a-0-run05-20260810T175015,nothing3a,0,20,data/raw/0/capture_0_nothing3a_nothing3a-0-run05-20260810T175015_20.pcap,data/raw/rrc/rrc_0_nothing3a_nothing3a-0-run05-20260810T175015_20.json,2026-08-10T06:06:31.253315+00:00,True,0.681
nothing3a-1-run01-20260810T175015,nothing3a,1,1,data/raw/1/capture_1_nothing3a_nothing3a-1-run01-20260810T175015_1.pcap,data/raw/rrc/rrc_1_nothing3a_nothing3a-1-run01-20260810T175015_2.json,2026-08-10T06:06:53.115805+00:00,True,1.217
nothing3a-1-run01-20260810T175015,nothing3a,1,2,data/raw/1/capture_1_nothing3a_nothing3a-1-run01-20260810T175015_2.pcap,data/raw/rrc/rrc_1_nothing3a_nothing3a-1-run01-20260810T175015_3.json,2026-08-10T06:07:02.915803+00:00,True,0.629
nothing3a-1-run01-20260810T175015,nothing3a,1,3,data/raw/1/capture_1_nothing3a_nothing3a-1-run01-20260810T175015_3.pcap,data/raw/rrc/rrc_1_nothing3a_nothing3a-1-run01-20260810T175015_4.json,2026-08-10T06:07:12.578962+00:00,True,1.145
nothing3a-1-run01-20260810T175015,nothing3a,1,4,data/raw/1/capture_1_nothing3a_nothing3a-1-run01-20260810T175015_4.pcap,data/raw/rrc/rrc_1_nothing3a_nothing3a-1-run01-20260810T175015_5.json,2026-08-10T06:07:22.840560+00:00,True,1.754
nothing3a-1-run01-20260810T175015,nothing3a,1,5,data/raw/1/capture_1_nothing3a_nothing3a-1-run01-20260810T175015_5.pcap,data/raw/rrc/rrc_1_nothing3a_nothing3a-1-run01-20260810T175015_6.json,2026-08-10T06:07:33.063333+00:00,True,0.644
nothing3a-1-run01-20260810T175015,nothing3a,1,6,data/raw/1/capture_1_nothing3a_nothing3a-1-run01-20260810T175015_6.pcap,data/raw/rrc/rrc_1_nothing3a_nothing3a-1-run01-20260810T175015_7.json,2026-08-10T06:07:42.956053+00:00,True,0.609
nothing3a-1-run01-20260810T175015,nothing3a,1,7,data/raw/1/capture_1_nothing3a_nothing3a-1-run01-20260810T175015_7.pcap,data/raw/rrc/rrc_1_nothing3a_nothing3a-1-run01-20260810T175015_8.json,2026-08-10T06:07:52.635871+00:00,True,0.624
nothing3a-1-run01-20260810T175015,nothing3a,1,8,data/raw/1/capture_1_nothing3a_nothing3a-1-run01-20260810T175015_8.pcap,data/raw/rrc/rrc_1_nothing3a_nothing3a-1-run01-20260810T175015_9.json,2026-08-10T06:08:02.322768+00:00,True,0.627
nothing3a-1-run01-20260810T175015,nothing3a,1,9,data/raw/1/capture_1_nothing3a_nothing3a-1-run01-20260810T175015_9.pcap,data/raw/rrc/rrc_1_nothing3a_nothing3a-1-run01-20260810T175015_10.json,2026-08-10T06:08:11.933556+00:00,True,0.615
nothing3a-1-run01-20260810T175015,nothing3a,1,10,data/raw/1/capture_1_nothing3a_nothing3a-1-run01-20260810T175015_10.pcap,data/raw/rrc/rrc_1_nothing3a_nothing3a-1-run01-20260810T175015_11.json,2026-08-10T06:08:21.829724+00:00,True,0.588
nothing3a-1-run01-20260810T175015,nothing3a,1,11,data/raw/1/capture_1_nothing3a_nothing3a-1-run01-20260810T175015_11.pcap,data/raw/rrc/rrc_1_nothing3a_nothing3a-1-run01-20260810T175015_12.json,2026-08-10T06:08:31.514617+00:00,True,0.611
nothing3a-1-run01-20260810T175015,nothing3a,1,12,data/raw/1/capture_1_nothing3a_nothing3a-1-run01-20260810T175015_12.pcap,data/raw/rrc/rrc_1_nothing3a_nothing3a-1-run01-20260810T175015_13.json,2026-08-10T06:08:41.205642+00:00,True,0.607
nothing3a-1-run01-20260810T175015,nothing3a,1,13,data/raw/1/capture_1_nothing3a_nothing3a-1-run01-20260810T175015_13.pcap,data/raw/rrc/rrc_1_nothing3a_nothing3a-1-run01-20260810T175015_14.json,2026-08-10T06:08:50.839644+00:00,True,1.169
nothing3a-1-run01-20260810T175015,nothing3a,1,14,data/raw/1/capture_1_nothing3a_nothing3a-1-run01-20260810T175015_14.pcap,data/raw/rrc/rrc_1_nothing3a_nothing3a-1-run01-20260810T175015_15.json,2026-08-10T06:09:00.690900+00:00,True,1.193
nothing3a-1-run01-20260810T175015,nothing3a,1,15,data/raw/1/capture_1_nothing3a_nothing3a-1-run01-20260810T175015_15.pcap,data/raw/rrc/rrc_1_nothing3a_nothing3a-1-run01-20260810T175015_17.json,2026-08-10T06:09:10.290003+00:00,True,0.609
nothing3a-1-run01-20260810T175015,nothing3a,1,16,data/raw/1/capture_1_nothing3a_nothing3a-1-run01-20260810T175015_16.pcap,data/raw/rrc/rrc_1_nothing3a_nothing3a-1-run01-20260810T175015_18.json,2026-08-10T06:09:20.339792+00:00,True,1.055
nothing3a-1-run01-20260810T175015,nothing3a,1,17,data/raw/1/capture_1_nothing3a_nothing3a-1-run01-20260810T175015_17.pcap,data/raw/rrc/rrc_1_nothing3a_nothing3a-1-run01-20260810T175015_19.json,2026-08-10T06:09:30.384310+00:00,True,0.611
nothing3a-1-run01-20260810T175015,nothing3a,1,18,data/raw/1/capture_1_nothing3a_nothing3a-1-run01-20260810T175015_18.pcap,data/raw/rrc/rrc_1_nothing3a_nothing3a-1-run01-20260810T175015_20.json,2026-08-10T06:09:40.246492+00:00,True,0.699
nothing3a-1-run01-20260810T175015,nothing3a,1,19,data/raw/1/capture_1_nothing3a_nothing3a-1-run01-20260810T175015_19.pcap,data/raw/rrc/rrc_1_nothing3a_nothing3a-1-run01-20260810T175015_21.json,2026-08-10T06:09:50.124835+00:00,True,0.531
nothing3a-1-run01-20260810T175015,nothing3a,1,20,data/raw/1/capture_1_nothing3a_nothing3a-1-run01-20260810T175015_20.pcap,data/raw/rrc/rrc_1_nothing3a_nothing3a-1-run01-20260810T175015_22.json,2026-08-10T06:09:59.821140+00:00,True,1.153
nothing3a-1-run02-20260810T175015,nothing3a,1,1,data/raw/1/capture_1_nothing3a_nothing3a-1-run02-20260810T175015_1.pcap,data/raw/rrc/rrc_1_nothing3a_nothing3a-1-run02-20260810T175015_1.json,2026-08-10T06:10:09.659388+00:00,True,1.081
nothing3a-1-run02-20260810T175015,nothing3a,1,2,data/raw/1/capture_1_nothing3a_nothing3a-1-run02-20260810T175015_2.pcap,data/raw/rrc/rrc_1_nothing3a_nothing3a-1-run02-20260810T175015_2.json,2026-08-10T06:10:19.764260+00:00,True,0.635
nothing3a-1-run02-20260810T175015,nothing3a,1,3,data/raw/1/capture_1_nothing3a_nothing3a-1-run02-20260810T175015_3.pcap,data/raw/rrc/rrc_1_nothing3a_nothing3a-1-run02-20260810T175015_3.json,2026-08-10T06:10:29.503731+00:00,True,1.055
nothing3a-1-run02-20260810T175015,nothing3a,1,4,data/raw/1/capture_1_nothing3a_nothing3a-1-run02-20260810T175015_4.pcap,data/raw/rrc/rrc_1_nothing3a_nothing3a-1-run02-20260810T175015_4.json,2026-08-10T06:10:39.254501+00:00,True,0.597
nothing3a-1-run02-20260810T175015,nothing3a,1,5,data/raw/1/capture_1_nothing3a_nothing3a-1-run02-20260810T175015_5.pcap,data/raw/rrc/rrc_1_nothing3a_nothing3a-1-run02-20260810T175015_5.json,2026-08-10T06:10:49.087644+00:00,True,1.002
nothing3a-1-run02-20260810T175015,nothing3a,1,6,data/raw/1/capture_1_nothing3a_nothing3a-1-run02-20260810T175015_6.pcap,data/raw/rrc/rrc_1_nothing3a_nothing3a-1-run02-20260810T175015_6.json,2026-08-10T06:10:58.875530+00:00,True,0.615
nothing3a-1-run02-20260810T175015,nothing3a,1,7,data/raw/1/capture_1_nothing3a_nothing3a-1-run02-20260810T175015_7.pcap,data/raw/rrc/rrc_1_nothing3a_nothing3a-1-run02-20260810T175015_7.json,2026-08-10T06:11:08.650902+00:00,True,0.656
nothing3a-1-run02-20260810T175015,nothing3a,1,8,data/raw/1/capture_1_nothing3a_nothing3a-1-run02-20260810T175015_8.pcap,data/raw/rrc/rrc_1_nothing3a_nothing3a-1-run02-20260810T175015_8.json,2026-08-10T06:11:18.995299+00:00,True,1.084
nothing3a-1-run02-20260810T175015,nothing3a,1,9,data/raw/1/capture_1_nothing3a_nothing3a-1-run02-20260810T175015_9.pcap,data/raw/rrc/rrc_1_nothing3a_nothing3a-1-run02-20260810T175015_9.json,2026-08-10T06:11:28.879376+00:00,True,0.800
nothing3a-1-run02-20260810T175015,nothing3a,1,10,data/raw/1/capture_1_nothing3a_nothing3a-1-run02-20260810T175015_10.pcap,data/raw/rrc/rrc_1_nothing3a_nothing3a-1-run02-20260810T175015_10.json,2026-08-10T06:11:39.016535+00:00,True,1.026
nothing3a-1-run02-20260810T175015,nothing3a,1,11,data/raw/1/capture_1_nothing3a_nothing3a-1-run02-20260810T175015_11.pcap,data/raw/rrc/rrc_1_nothing3a_nothing3a-1-run02-20260810T175015_11.json,2026-08-10T06:11:48.841236+00:00,True,0.827
nothing3a-1-run02-20260810T175015,nothing3a,1,12,data/raw/1/capture_1_nothing3a_nothing3a-1-run02-20260810T175015_12.pcap,data/raw/rrc/rrc_1_nothing3a_nothing3a-1-run02-20260810T175015_12.json,2026-08-10T06:11:58.710327+00:00,True,0.604
nothing3a-1-run02-20260810T175015,nothing3a,1,13,data/raw/1/capture_1_nothing3a_nothing3a-1-run02-20260810T175015_13.pcap,data/raw/rrc/rrc_1_nothing3a_nothing3a-1-run02-20260810T175015_13.json,2026-08-10T06:12:08.841711+00:00,True,1.064
nothing3a-1-run02-20260810T175015,nothing3a,1,14,data/raw/1/capture_1_nothing3a_nothing3a-1-run02-20260810T175015_14.pcap,data/raw/rrc/rrc_1_nothing3a_nothing3a-1-run02-20260810T175015_14.json,2026-08-10T06:12:18.984534+00:00,True,0.639
nothing3a-1-run02-20260810T175015,nothing3a,1,15,data/raw/1/capture_1_nothing3a_nothing3a-1-run02-20260810T175015_15.pcap,data/raw/rrc/rrc_1_nothing3a_nothing3a-1-run02-20260810T175015_15.json,2026-08-10T06:12:28.796298+00:00,True,1.115
nothing3a-1-run02-20260810T175015,nothing3a,1,16,data/raw/1/capture_1_nothing3a_nothing3a-1-run02-20260810T175015_16.pcap,data/raw/rrc/rrc_1_nothing3a_nothing3a-1-run02-20260810T175015_16.json,2026-08-10T06:12:38.704508+00:00,True,0.667
nothing3a-1-run02-20260810T175015,nothing3a,1,17,data/raw/1/capture_1_nothing3a_nothing3a-1-run02-20260810T175015_17.pcap,data/raw/rrc/rrc_1_nothing3a_nothing3a-1-run02-20260810T175015_17.json,2026-08-10T06:12:48.690404+00:00,True,0.645
nothing3a-1-run02-20260810T175015,nothing3a,1,18,data/raw/1/capture_1_nothing3a_nothing3a-1-run02-20260810T175015_18.pcap,data/raw/rrc/rrc_1_nothing3a_nothing3a-1-run02-20260810T175015_18.json,2026-08-10T06:12:58.991070+00:00,True,0.596
nothing3a-1-run02-20260810T175015,nothing3a,1,19,data/raw/1/capture_1_nothing3a_nothing3a-1-run02-20260810T175015_19.pcap,data/raw/rrc/rrc_1_nothing3a_nothing3a-1-run02-20260810T175015_19.json,2026-08-10T06:13:08.881656+00:00,True,1.124
nothing3a-1-run02-20260810T175015,nothing3a,1,20,data/raw/1/capture_1_nothing3a_nothing3a-1-run02-20260810T175015_20.pcap,data/raw/rrc/rrc_1_nothing3a_nothing3a-1-run02-20260810T175015_20.json,2026-08-10T06:13:18.745369+00:00,True,0.637
nothing3a-1-run03-20260810T175015,nothing3a,1,1,data/raw/1/capture_1_nothing3a_nothing3a-1-run03-20260810T175015_1.pcap,data/raw/rrc/rrc_1_nothing3a_nothing3a-1-run03-20260810T175015_1.json,2026-08-10T06:13:28.645774+00:00,True,0.642
nothing3a-1-run03-20260810T175015,nothing3a,1,2,data/raw/1/capture_1_nothing3a_nothing3a-1-run03-20260810T175015_2.pcap,data/raw/rrc/rrc_1_nothing3a_nothing3a-1-run03-20260810T175015_2.json,2026-08-10T06:13:38.407795+00:00,True,1.231
nothing3a-1-run03-20260810T175015,nothing3a,1,3,data/raw/1/capture_1_nothing3a_nothing3a-1-run03-20260810T175015_3.pcap,data/raw/rrc/rrc_1_nothing3a_nothing3a-1-run03-20260810T175015_3.json,2026-08-10T06:13:48.373743+00:00,True,0.619
nothing3a-1-run03-20260810T175015,nothing3a,1,4,data/raw/1/capture_1_nothing3a_nothing3a-1-run03-20260810T175015_4.pcap,data/raw/rrc/rrc_1_nothing3a_nothing3a-1-run03-20260810T175015_4.json,2026-08-10T06:13:58.188225+00:00,True,1.150
nothing3a-1-run03-20260810T175015,nothing3a,1,5,data/raw/1/capture_1_nothing3a_nothing3a-1-run03-20260810T175015_5.pcap,data/raw/rrc/rrc_1_nothing3a_nothing3a-1-run03-20260810T175015_5.json,2026-08-10T06:14:08.029449+00:00,True,1.206
nothing3a-1-run03-20260810T175015,nothing3a,1,6,data/raw/1/capture_1_nothing3a_nothing3a-1-run03-20260810T175015_6.pcap,data/raw/rrc/rrc_1_nothing3a_nothing3a-1-run03-20260810T175015_6.json,2026-08-10T06:14:18.173592+00:00,True,1.250
nothing3a-1-run03-20260810T175015,nothing3a,1,7,data/raw/1/capture_1_nothing3a_nothing3a-1-run03-20260810T175015_7.pcap,data/raw/rrc/rrc_1_nothing3a_nothing3a-1-run03-20260810T175015_7.json,2026-08-10T06:14:28.003273+00:00,True,0.569
nothing3a-1-run03-20260810T175015,nothing3a,1,8,data/raw/1/capture_1_nothing3a_nothing3a-1-run03-20260810T175015_8.pcap,data/raw/rrc/rrc_1_nothing3a_nothing3a-1-run03-20260810T175015_8.json,2026-08-10T06:14:38.179872+00:00,True,1.185
nothing3a-1-run03-20260810T175015,nothing3a,1,9,data/raw/1/capture_1_nothing3a_nothing3a-1-run03-20260810T175015_9.pcap,data/raw/rrc/rrc_1_nothing3a_nothing3a-1-run03-20260810T175015_9.json,2026-08-10T06:14:48.022255+00:00,True,0.651
nothing3a-1-run03-20260810T175015,nothing3a,1,10,data/raw/1/capture_1_nothing3a_nothing3a-1-run03-20260810T175015_10.pcap,data/raw/rrc/rrc_1_nothing3a_nothing3a-1-run03-20260810T175015_10.json,2026-08-10T06:14:57.933228+00:00,True,0.611
nothing3a-1-run03-20260810T175015,nothing3a,1,11,data/raw/1/capture_1_nothing3a_nothing3a-1-run03-20260810T175015_11.pcap,data/raw/rrc/rrc_1_nothing3a_nothing3a-1-run03-20260810T175015_11.json,2026-08-10T06:15:07.818657+00:00,True,0.593
nothing3a-1-run03-20260810T175015,nothing3a,1,12,data/raw/1/capture_1_nothing3a_nothing3a-1-run03-20260810T175015_12.pcap,data/raw/rrc/rrc_1_nothing3a_nothing3a-1-run03-20260810T175015_12.json,2026-08-10T06:15:17.669025+00:00,True,0.599
nothing3a-1-run03-20260810T175015,nothing3a,1,13,data/raw/1/capture_1_nothing3a_nothing3a-1-run03-20260810T175015_13.pcap,data/raw/rrc/rrc_1_nothing3a_nothing3a-1-run03-20260810T175015_13.json,2026-08-10T06:15:27.653824+00:00,True,1.224
nothing3a-1-run03-20260810T175015,nothing3a,1,14,data/raw/1/capture_1_nothing3a_nothing3a-1-run03-20260810T175015_14.pcap,data/raw/rrc/rrc_1_nothing3a_nothing3a-1-run03-20260810T175015_14.json,2026-08-10T06:15:37.415415+00:00,True,0.613
nothing3a-1-run03-20260810T175015,nothing3a,1,15,data/raw/1/capture_1_nothing3a_nothing3a-1-run03-20260810T175015_15.pcap,data/raw/rrc/rrc_1_nothing3a_nothing3a-1-run03-20260810T175015_15.json,2026-08-10T06:15:47.175968+00:00,True,0.620
nothing3a-1-run03-20260810T175015,nothing3a,1,16,data/raw/1/capture_1_nothing3a_nothing3a-1-run03-20260810T175015_16.pcap,data/raw/rrc/rrc_1_nothing3a_nothing3a-1-run03-20260810T175015_16.json,2026-08-10T06:15:57.042041+00:00,True,0.664
nothing3a-1-run03-20260810T175015,nothing3a,1,17,data/raw/1/capture_1_nothing3a_nothing3a-1-run03-20260810T175015_17.pcap,data/raw/rrc/rrc_1_nothing3a_nothing3a-1-run03-20260810T175015_17.json,2026-08-10T06:16:07.045022+00:00,True,0.598
nothing3a-1-run03-20260810T175015,nothing3a,1,18,data/raw/1/capture_1_nothing3a_nothing3a-1-run03-20260810T175015_18.pcap,data/raw/rrc/rrc_1_nothing3a_nothing3a-1-run03-20260810T175015_18.json,2026-08-10T06:16:16.990929+00:00,True,0.577
nothing3a-1-run03-20260810T175015,nothing3a,1,19,data/raw/1/capture_1_nothing3a_nothing3a-1-run03-20260810T175015_19.pcap,data/raw/rrc/rrc_1_nothing3a_nothing3a-1-run03-20260810T175015_19.json,2026-08-10T06:16:27.100371+00:00,True,1.096
nothing3a-1-run03-20260810T175015,nothing3a,1,20,data/raw/1/capture_1_nothing3a_nothing3a-1-run03-20260810T175015_20.pcap,data/raw/rrc/rrc_1_nothing3a_nothing3a-1-run03-20260810T175015_20.json,2026-08-10T06:16:37.079613+00:00,True,1.124
nothing3a-1-run04-20260810T175015,nothing3a,1,1,data/raw/1/capture_1_nothing3a_nothing3a-1-run04-20260810T175015_1.pcap,data/raw/rrc/rrc_1_nothing3a_nothing3a-1-run04-20260810T175015_1.json,2026-08-10T06:16:46.923162+00:00,True,1.266
nothing3a-1-run04-20260810T175015,nothing3a,1,2,data/raw/1/capture_1_nothing3a_nothing3a-1-run04-20260810T175015_2.pcap,data/raw/rrc/rrc_1_nothing3a_nothing3a-1-run04-20260810T175015_2.json,2026-08-10T06:16:56.797979+00:00,True,1.045
nothing3a-1-run04-20260810T175015,nothing3a,1,3,data/raw/1/capture_1_nothing3a_nothing3a-1-run04-20260810T175015_3.pcap,data/raw/rrc/rrc_1_nothing3a_nothing3a-1-run04-20260810T175015_3.json,2026-08-10T06:17:07.151689+00:00,True,1.178
nothing3a-1-run04-20260810T175015,nothing3a,1,4,data/raw/1/capture_1_nothing3a_nothing3a-1-run04-20260810T175015_4.pcap,data/raw/rrc/rrc_1_nothing3a_nothing3a-1-run04-20260810T175015_4.json,2026-08-10T06:17:17.003706+00:00,True,0.613
nothing3a-1-run04-20260810T175015,nothing3a,1,5,data/raw/1/capture_1_nothing3a_nothing3a-1-run04-20260810T175015_5.pcap,data/raw/rrc/rrc_1_nothing3a_nothing3a-1-run04-20260810T175015_5.json,2026-08-10T06:17:26.935613+00:00,True,0.593
nothing3a-1-run04-20260810T175015,nothing3a,1,6,data/raw/1/capture_1_nothing3a_nothing3a-1-run04-20260810T175015_6.pcap,data/raw/rrc/rrc_1_nothing3a_nothing3a-1-run04-20260810T175015_6.json,2026-08-10T06:17:36.864140+00:00,True,0.617
nothing3a-1-run04-20260810T175015,nothing3a,1,7,data/raw/1/capture_1_nothing3a_nothing3a-1-run04-20260810T175015_7.pcap,data/raw/rrc/rrc_1_nothing3a_nothing3a-1-run04-20260810T175015_7.json,2026-08-10T06:17:46.819761+00:00,True,0.652
nothing3a-1-run04-20260810T175015,nothing3a,1,8,data/raw/1/capture_1_nothing3a_nothing3a-1-run04-20260810T175015_8.pcap,data/raw/rrc/rrc_1_nothing3a_nothing3a-1-run04-20260810T175015_8.json,2026-08-10T06:17:57.063772+00:00,True,0.632
nothing3a-1-run04-20260810T175015,nothing3a,1,9,data/raw/1/capture_1_nothing3a_nothing3a-1-run04-20260810T175015_9.pcap,data/raw/rrc/rrc_1_nothing3a_nothing3a-1-run04-20260810T175015_9.json,2026-08-10T06:18:07.018172+00:00,True,1.013
nothing3a-1-run04-20260810T175015,nothing3a,1,10,data/raw/1/capture_1_nothing3a_nothing3a-1-run04-20260810T175015_10.pcap,data/raw/rrc/rrc_1_nothing3a_nothing3a-1-run04-20260810T175015_10.json,2026-08-10T06:18:17.061109+00:00,True,0.617
nothing3a-1-run04-20260810T175015,nothing3a,1,11,data/raw/1/capture_1_nothing3a_nothing3a-1-run04-20260810T175015_11.pcap,data/raw/rrc/rrc_1_nothing3a_nothing3a-1-run04-20260810T175015_11.json,2026-08-10T06:18:27.042298+00:00,True,0.613
nothing3a-1-run04-20260810T175015,nothing3a,1,12,data/raw/1/capture_1_nothing3a_nothing3a-1-run04-20260810T175015_12.pcap,data/raw/rrc/rrc_1_nothing3a_nothing3a-1-run04-20260810T175015_12.json,2026-08-10T06:18:37.014281+00:00,True,0.635
nothing3a-1-run04-20260810T175015,nothing3a,1,13,data/raw/1/capture_1_nothing3a_nothing3a-1-run04-20260810T175015_13.pcap,data/raw/rrc/rrc_1_nothing3a_nothing3a-1-run04-20260810T175015_13.json,2026-08-10T06:18:47.085459+00:00,True,0.708
nothing3a-1-run04-20260810T175015,nothing3a,1,14,data/raw/1/capture_1_nothing3a_nothing3a-1-run04-20260810T175015_14.pcap,data/raw/rrc/rrc_1_nothing3a_nothing3a-1-run04-20260810T175015_14.json,2026-08-10T06:18:57.091172+00:00,True,2.020
nothing3a-1-run04-20260810T175015,nothing3a,1,15,data/raw/1/capture_1_nothing3a_nothing3a-1-run04-20260810T175015_15.pcap,data/raw/rrc/rrc_1_nothing3a_nothing3a-1-run04-20260810T175015_15.json,2026-08-10T06:19:07.072952+00:00,True,0.805
nothing3a-1-run04-20260810T175015,nothing3a,1,16,data/raw/1/capture_1_nothing3a_nothing3a-1-run04-20260810T175015_16.pcap,data/raw/rrc/rrc_1_nothing3a_nothing3a-1-run04-20260810T175015_16.json,2026-08-10T06:19:17.154798+00:00,True,0.604
nothing3a-1-run04-20260810T175015,nothing3a,1,17,data/raw/1/capture_1_nothing3a_nothing3a-1-run04-20260810T175015_17.pcap,data/raw/rrc/rrc_1_nothing3a_nothing3a-1-run04-20260810T175015_17.json,2026-08-10T06:19:27.137823+00:00,True,1.152
nothing3a-1-run04-20260810T175015,nothing3a,1,18,data/raw/1/capture_1_nothing3a_nothing3a-1-run04-20260810T175015_18.pcap,data/raw/rrc/rrc_1_nothing3a_nothing3a-1-run04-20260810T175015_18.json,2026-08-10T06:19:37.162494+00:00,True,0.620
nothing3a-1-run04-20260810T175015,nothing3a,1,19,data/raw/1/capture_1_nothing3a_nothing3a-1-run04-20260810T175015_19.pcap,data/raw/rrc/rrc_1_nothing3a_nothing3a-1-run04-20260810T175015_19.json,2026-08-10T06:19:47.226794+00:00,True,0.609
nothing3a-1-run04-20260810T175015,nothing3a,1,20,data/raw/1/capture_1_nothing3a_nothing3a-1-run04-20260810T175015_20.pcap,data/raw/rrc/rrc_1_nothing3a_nothing3a-1-run04-20260810T175015_20.json,2026-08-10T06:19:57.221819+00:00,True,1.152
nothing3a-1-run05-20260810T175015,nothing3a,1,1,data/raw/1/capture_1_nothing3a_nothing3a-1-run05-20260810T175015_1.pcap,data/raw/rrc/rrc_1_nothing3a_nothing3a-1-run05-20260810T175015_1.json,2026-08-10T06:20:07.379767+00:00,True,1.053
nothing3a-1-run05-20260810T175015,nothing3a,1,2,data/raw/1/capture_1_nothing3a_nothing3a-1-run05-20260810T175015_2.pcap,data/raw/rrc/rrc_1_nothing3a_nothing3a-1-run05-20260810T175015_2.json,2026-08-10T06:20:17.438493+00:00,True,0.611
nothing3a-1-run05-20260810T175015,nothing3a,1,3,data/raw/1/capture_1_nothing3a_nothing3a-1-run05-20260810T175015_3.pcap,data/raw/rrc/rrc_1_nothing3a_nothing3a-1-run05-20260810T175015_3.json,2026-08-10T06:20:27.406520+00:00,True,0.670
nothing3a-1-run05-20260810T175015,nothing3a,1,4,data/raw/1/capture_1_nothing3a_nothing3a-1-run05-20260810T175015_4.pcap,data/raw/rrc/rrc_1_nothing3a_nothing3a-1-run05-20260810T175015_4.json,2026-08-10T06:20:37.360788+00:00,True,1.075
nothing3a-1-run05-20260810T175015,nothing3a,1,5,data/raw/1/capture_1_nothing3a_nothing3a-1-run05-20260810T175015_5.pcap,data/raw/rrc/rrc_1_nothing3a_nothing3a-1-run05-20260810T175015_5.json,2026-08-10T06:20:47.386479+00:00,True,0.631
nothing3a-1-run05-20260810T175015,nothing3a,1,6,data/raw/1/capture_1_nothing3a_nothing3a-1-run05-20260810T175015_6.pcap,data/raw/rrc/rrc_1_nothing3a_nothing3a-1-run05-20260810T175015_6.json,2026-08-10T06:20:57.291784+00:00,True,0.660
nothing3a-1-run05-20260810T175015,nothing3a,1,7,data/raw/1/capture_1_nothing3a_nothing3a-1-run05-20260810T175015_7.pcap,data/raw/rrc/rrc_1_nothing3a_nothing3a-1-run05-20260810T175015_7.json,2026-08-10T06:21:07.434865+00:00,True,1.871
nothing3a-1-run05-20260810T175015,nothing3a,1,8,data/raw/1/capture_1_nothing3a_nothing3a-1-run05-20260810T175015_8.pcap,data/raw/rrc/rrc_1_nothing3a_nothing3a-1-run05-20260810T175015_8.json,2026-08-10T06:21:17.513566+00:00,True,1.055
nothing3a-1-run05-20260810T175015,nothing3a,1,9,data/raw/1/capture_1_nothing3a_nothing3a-1-run05-20260810T175015_9.pcap,data/raw/rrc/rrc_1_nothing3a_nothing3a-1-run05-20260810T175015_9.json,2026-08-10T06:21:27.798422+00:00,True,0.608
nothing3a-1-run05-20260810T175015,nothing3a,1,10,data/raw/1/capture_1_nothing3a_nothing3a-1-run05-20260810T175015_10.pcap,data/raw/rrc/rrc_1_nothing3a_nothing3a-1-run05-20260810T175015_10.json,2026-08-10T06:21:37.896583+00:00,True,0.596
nothing3a-1-run05-20260810T175015,nothing3a,1,11,data/raw/1/capture_1_nothing3a_nothing3a-1-run05-20260810T175015_11.pcap,data/raw/rrc/rrc_1_nothing3a_nothing3a-1-run05-20260810T175015_11.json,2026-08-10T06:21:48.067882+00:00,True,0.606
nothing3a-1-run05-20260810T175015,nothing3a,1,12,data/raw/1/capture_1_nothing3a_nothing3a-1-run05-20260810T175015_12.pcap,data/raw/rrc/rrc_1_nothing3a_nothing3a-1-run05-20260810T175015_12.json,2026-08-10T06:21:58.067468+00:00,True,0.962
nothing3a-1-run05-20260810T175015,nothing3a,1,13,data/raw/1/capture_1_nothing3a_nothing3a-1-run05-20260810T175015_13.pcap,data/raw/rrc/rrc_1_nothing3a_nothing3a-1-run05-20260810T175015_13.json,2026-08-10T06:22:08.106904+00:00,True,1.063
nothing3a-1-run05-20260810T175015,nothing3a,1,14,data/raw/1/capture_1_nothing3a_nothing3a-1-run05-20260810T175015_14.pcap,data/raw/rrc/rrc_1_nothing3a_nothing3a-1-run05-20260810T175015_14.json,2026-08-10T06:22:18.246898+00:00,True,0.660
nothing3a-1-run05-20260810T175015,nothing3a,1,15,data/raw/1/capture_1_nothing3a_nothing3a-1-run05-20260810T175015_15.pcap,data/raw/rrc/rrc_1_nothing3a_nothing3a-1-run05-20260810T175015_15.json,2026-08-10T06:22:28.146282+00:00,True,1.057
nothing3a-1-run05-20260810T175015,nothing3a,1,16,data/raw/1/capture_1_nothing3a_nothing3a-1-run05-20260810T175015_16.pcap,data/raw/rrc/rrc_1_nothing3a_nothing3a-1-run05-20260810T175015_16.json,2026-08-10T06:22:38.203437+00:00,True,0.651
nothing3a-1-run05-20260810T175015,nothing3a,1,17,data/raw/1/capture_1_nothing3a_nothing3a-1-run05-20260810T175015_17.pcap,data/raw/rrc/rrc_1_nothing3a_nothing3a-1-run05-20260810T175015_17.json,2026-08-10T06:22:48.521898+00:00,True,0.698
nothing3a-1-run05-20260810T175015,nothing3a,1,18,data/raw/1/capture_1_nothing3a_nothing3a-1-run05-20260810T175015_18.pcap,data/raw/rrc/rrc_1_nothing3a_nothing3a-1-run05-20260810T175015_18.json,2026-08-10T06:22:58.771729+00:00,True,0.665
nothing3a-1-run05-20260810T175015,nothing3a,1,19,data/raw/1/capture_1_nothing3a_nothing3a-1-run05-20260810T175015_19.pcap,data/raw/rrc/rrc_1_nothing3a_nothing3a-1-run05-20260810T175015_19.json,2026-08-10T06:23:08.845131+00:00,True,1.227
nothing3a-1-run05-20260810T175015,nothing3a,1,20,data/raw/1/capture_1_nothing3a_nothing3a-1-run05-20260810T175015_20.pcap,data/raw/rrc/rrc_1_nothing3a_nothing3a-1-run05-20260810T175015_20.json,2026-08-10T06:23:18.955375+00:00,True,0.658
nothing3a-2-run01-20260810T175015,nothing3a,2,1,data/raw/2/capture_2_nothing3a_nothing3a-2-run01-20260810T175015_1.pcap,data/raw/rrc/rrc_2_nothing3a_nothing3a-2-run01-20260810T175015_1.json,2026-08-10T06:23:41.146302+00:00,True,0.879
nothing3a-2-run01-20260810T175015,nothing3a,2,2,data/raw/2/capture_2_nothing3a_nothing3a-2-run01-20260810T175015_2.pcap,data/raw/rrc/rrc_2_nothing3a_nothing3a-2-run01-20260810T175015_2.json,2026-08-10T06:23:50.918121+00:00,True,0.681
nothing3a-2-run01-20260810T175015,nothing3a,2,3,data/raw/2/capture_2_nothing3a_nothing3a-2-run01-20260810T175015_3.pcap,data/raw/rrc/rrc_2_nothing3a_nothing3a-2-run01-20260810T175015_3.json,2026-08-10T06:24:01.144057+00:00,True,0.655
nothing3a-2-run01-20260810T175015,nothing3a,2,4,data/raw/2/capture_2_nothing3a_nothing3a-2-run01-20260810T175015_4.pcap,data/raw/rrc/rrc_2_nothing3a_nothing3a-2-run01-20260810T175015_4.json,2026-08-10T06:24:11.219871+00:00,True,1.186
nothing3a-2-run01-20260810T175015,nothing3a,2,5,data/raw/2/capture_2_nothing3a_nothing3a-2-run01-20260810T175015_5.pcap,data/raw/rrc/rrc_2_nothing3a_nothing3a-2-run01-20260810T175015_5.json,2026-08-10T06:24:21.292685+00:00,True,1.104
nothing3a-2-run01-20260810T175015,nothing3a,2,6,data/raw/2/capture_2_nothing3a_nothing3a-2-run01-20260810T175015_6.pcap,data/raw/rrc/rrc_2_nothing3a_nothing3a-2-run01-20260810T175015_6.json,2026-08-10T06:24:31.443575+00:00,True,0.582
nothing3a-2-run01-20260810T175015,nothing3a,2,7,data/raw/2/capture_2_nothing3a_nothing3a-2-run01-20260810T175015_7.pcap,data/raw/rrc/rrc_2_nothing3a_nothing3a-2-run01-20260810T175015_7.json,2026-08-10T06:24:41.632226+00:00,True,1.048
nothing3a-2-run01-20260810T175015,nothing3a,2,8,data/raw/2/capture_2_nothing3a_nothing3a-2-run01-20260810T175015_8.pcap,data/raw/rrc/rrc_2_nothing3a_nothing3a-2-run01-20260810T175015_8.json,2026-08-10T06:24:51.822754+00:00,True,0.660
nothing3a-2-run01-20260810T175015,nothing3a,2,9,data/raw/2/capture_2_nothing3a_nothing3a-2-run01-20260810T175015_9.pcap,data/raw/rrc/rrc_2_nothing3a_nothing3a-2-run01-20260810T175015_9.json,2026-08-10T06:25:01.918210+00:00,True,0.662
nothing3a-2-run01-20260810T175015,nothing3a,2,10,data/raw/2/capture_2_nothing3a_nothing3a-2-run01-20260810T175015_10.pcap,data/raw/rrc/rrc_2_nothing3a_nothing3a-2-run01-20260810T175015_10.json,2026-08-10T06:25:11.980481+00:00,True,1.083
nothing3a-2-run01-20260810T175015,nothing3a,2,11,data/raw/2/capture_2_nothing3a_nothing3a-2-run01-20260810T175015_11.pcap,data/raw/rrc/rrc_2_nothing3a_nothing3a-2-run01-20260810T175015_11.json,2026-08-10T06:25:22.247037+00:00,True,0.699
nothing3a-2-run01-20260810T175015,nothing3a,2,12,data/raw/2/capture_2_nothing3a_nothing3a-2-run01-20260810T175015_12.pcap,data/raw/rrc/rrc_2_nothing3a_nothing3a-2-run01-20260810T175015_12.json,2026-08-10T06:25:32.476953+00:00,True,1.077
nothing3a-2-run01-20260810T175015,nothing3a,2,13,data/raw/2/capture_2_nothing3a_nothing3a-2-run01-20260810T175015_13.pcap,data/raw/rrc/rrc_2_nothing3a_nothing3a-2-run01-20260810T175015_14.json,2026-08-10T06:25:43.146085+00:00,True,0.669
nothing3a-2-run01-20260810T175015,nothing3a,2,14,data/raw/2/capture_2_nothing3a_nothing3a-2-run01-20260810T175015_14.pcap,data/raw/rrc/rrc_2_nothing3a_nothing3a-2-run01-20260810T175015_15.json,2026-08-10T06:25:53.418579+00:00,True,0.594
nothing3a-2-run01-20260810T175015,nothing3a,2,15,data/raw/2/capture_2_nothing3a_nothing3a-2-run01-20260810T175015_15.pcap,data/raw/rrc/rrc_2_nothing3a_nothing3a-2-run01-20260810T175015_16.json,2026-08-10T06:26:03.579501+00:00,True,0.728
nothing3a-2-run01-20260810T175015,nothing3a,2,16,data/raw/2/capture_2_nothing3a_nothing3a-2-run01-20260810T175015_16.pcap,data/raw/rrc/rrc_2_nothing3a_nothing3a-2-run01-20260810T175015_17.json,2026-08-10T06:26:14.384711+00:00,True,0.896
nothing3a-2-run01-20260810T175015,nothing3a,2,17,data/raw/2/capture_2_nothing3a_nothing3a-2-run01-20260810T175015_17.pcap,data/raw/rrc/rrc_2_nothing3a_nothing3a-2-run01-20260810T175015_18.json,2026-08-10T06:26:24.588743+00:00,True,1.102
nothing3a-2-run01-20260810T175015,nothing3a,2,18,data/raw/2/capture_2_nothing3a_nothing3a-2-run01-20260810T175015_18.pcap,data/raw/rrc/rrc_2_nothing3a_nothing3a-2-run01-20260810T175015_19.json,2026-08-10T06:26:34.648014+00:00,True,0.604
nothing3a-2-run01-20260810T175015,nothing3a,2,19,data/raw/2/capture_2_nothing3a_nothing3a-2-run01-20260810T175015_19.pcap,data/raw/rrc/rrc_2_nothing3a_nothing3a-2-run01-20260810T175015_20.json,2026-08-10T06:26:44.840360+00:00,True,0.681
nothing3a-2-run01-20260810T175015,nothing3a,2,20,data/raw/2/capture_2_nothing3a_nothing3a-2-run01-20260810T175015_20.pcap,data/raw/rrc/rrc_2_nothing3a_nothing3a-2-run01-20260810T175015_21.json,2026-08-10T06:26:54.937083+00:00,True,1.095
nothing3a-2-run02-20260810T175015,nothing3a,2,1,data/raw/2/capture_2_nothing3a_nothing3a-2-run02-20260810T175015_1.pcap,data/raw/rrc/rrc_2_nothing3a_nothing3a-2-run02-20260810T175015_1.json,2026-08-10T06:27:05.021054+00:00,True,0.652
nothing3a-2-run02-20260810T175015,nothing3a,2,2,data/raw/2/capture_2_nothing3a_nothing3a-2-run02-20260810T175015_2.pcap,data/raw/rrc/rrc_2_nothing3a_nothing3a-2-run02-20260810T175015_2.json,2026-08-10T06:27:15.488439+00:00,True,0.584
nothing3a-2-run02-20260810T175015,nothing3a,2,3,data/raw/2/capture_2_nothing3a_nothing3a-2-run02-20260810T175015_3.pcap,data/raw/rrc/rrc_2_nothing3a_nothing3a-2-run02-20260810T175015_3.json,2026-08-10T06:27:25.922058+00:00,True,0.686
nothing3a-2-run02-20260810T175015,nothing3a,2,4,data/raw/2/capture_2_nothing3a_nothing3a-2-run02-20260810T175015_4.pcap,data/raw/rrc/rrc_2_nothing3a_nothing3a-2-run02-20260810T175015_4.json,2026-08-10T06:27:36.327044+00:00,True,0.642
nothing3a-2-run02-20260810T175015,nothing3a,2,5,data/raw/2/capture_2_nothing3a_nothing3a-2-run02-20260810T175015_5.pcap,data/raw/rrc/rrc_2_nothing3a_nothing3a-2-run02-20260810T175015_5.json,2026-08-10T06:27:46.774031+00:00,True,1.423
nothing3a-2-run02-20260810T175015,nothing3a,2,6,data/raw/2/capture_2_nothing3a_nothing3a-2-run02-20260810T175015_6.pcap,data/raw/rrc/rrc_2_nothing3a_nothing3a-2-run02-20260810T175015_6.json,2026-08-10T06:27:56.869998+00:00,True,0.646
nothing3a-2-run02-20260810T175015,nothing3a,2,7,data/raw/2/capture_2_nothing3a_nothing3a-2-run02-20260810T175015_7.pcap,data/raw/rrc/rrc_2_nothing3a_nothing3a-2-run02-20260810T175015_7.json,2026-08-10T06:28:07.073177+00:00,True,0.663
nothing3a-2-run02-20260810T175015,nothing3a,2,8,data/raw/2/capture_2_nothing3a_nothing3a-2-run02-20260810T175015_8.pcap,data/raw/rrc/rrc_2_nothing3a_nothing3a-2-run02-20260810T175015_8.json,2026-08-10T06:28:17.232209+00:00,True,0.620
nothing3a-2-run02-20260810T175015,nothing3a,2,9,data/raw/2/capture_2_nothing3a_nothing3a-2-run02-20260810T175015_9.pcap,data/raw/rrc/rrc_2_nothing3a_nothing3a-2-run02-20260810T175015_9.json,2026-08-10T06:28:27.571755+00:00,True,0.887
nothing3a-2-run02-20260810T175015,nothing3a,2,10,data/raw/2/capture_2_nothing3a_nothing3a-2-run02-20260810T175015_10.pcap,data/raw/rrc/rrc_2_nothing3a_nothing3a-2-run02-20260810T175015_10.json,2026-08-10T06:28:37.800887+00:00,True,1.107
nothing3a-2-run02-20260810T175015,nothing3a,2,11,data/raw/2/capture_2_nothing3a_nothing3a-2-run02-20260810T175015_11.pcap,data/raw/rrc/rrc_2_nothing3a_nothing3a-2-run02-20260810T175015_11.json,2026-08-10T06:28:47.798568+00:00,True,0.671
nothing3a-2-run02-20260810T175015,nothing3a,2,12,data/raw/2/capture_2_nothing3a_nothing3a-2-run02-20260810T175015_12.pcap,data/raw/rrc/rrc_2_nothing3a_nothing3a-2-run02-20260810T175015_12.json,2026-08-10T06:28:57.945747+00:00,True,0.689
nothing3a-2-run02-20260810T175015,nothing3a,2,13,data/raw/2/capture_2_nothing3a_nothing3a-2-run02-20260810T175015_13.pcap,data/raw/rrc/rrc_2_nothing3a_nothing3a-2-run02-20260810T175015_13.json,2026-08-10T06:29:07.981046+00:00,True,0.631
nothing3a-2-run02-20260810T175015,nothing3a,2,14,data/raw/2/capture_2_nothing3a_nothing3a-2-run02-20260810T175015_14.pcap,data/raw/rrc/rrc_2_nothing3a_nothing3a-2-run02-20260810T175015_14.json,2026-08-10T06:29:18.091176+00:00,True,0.623
nothing3a-2-run02-20260810T175015,nothing3a,2,15,data/raw/2/capture_2_nothing3a_nothing3a-2-run02-20260810T175015_15.pcap,data/raw/rrc/rrc_2_nothing3a_nothing3a-2-run02-20260810T175015_15.json,2026-08-10T06:29:28.731284+00:00,True,0.647
nothing3a-2-run02-20260810T175015,nothing3a,2,16,data/raw/2/capture_2_nothing3a_nothing3a-2-run02-20260810T175015_16.pcap,data/raw/rrc/rrc_2_nothing3a_nothing3a-2-run02-20260810T175015_16.json,2026-08-10T06:29:38.955739+00:00,True,0.586
nothing3a-2-run02-20260810T175015,nothing3a,2,17,data/raw/2/capture_2_nothing3a_nothing3a-2-run02-20260810T175015_17.pcap,data/raw/rrc/rrc_2_nothing3a_nothing3a-2-run02-20260810T175015_17.json,2026-08-10T06:29:49.103294+00:00,True,0.887
nothing3a-2-run02-20260810T175015,nothing3a,2,18,data/raw/2/capture_2_nothing3a_nothing3a-2-run02-20260810T175015_18.pcap,data/raw/rrc/rrc_2_nothing3a_nothing3a-2-run02-20260810T175015_18.json,2026-08-10T06:29:59.377922+00:00,True,0.649
nothing3a-2-run02-20260810T175015,nothing3a,2,19,data/raw/2/capture_2_nothing3a_nothing3a-2-run02-20260810T175015_19.pcap,data/raw/rrc/rrc_2_nothing3a_nothing3a-2-run02-20260810T175015_19.json,2026-08-10T06:30:09.564391+00:00,True,0.724
nothing3a-2-run02-20260810T175015,nothing3a,2,20,data/raw/2/capture_2_nothing3a_nothing3a-2-run02-20260810T175015_20.pcap,data/raw/rrc/rrc_2_nothing3a_nothing3a-2-run02-20260810T175015_20.json,2026-08-10T06:30:19.808315+00:00,True,0.682
nothing3a-2-run03-20260810T175015,nothing3a,2,1,data/raw/2/capture_2_nothing3a_nothing3a-2-run03-20260810T175015_1.pcap,data/raw/rrc/rrc_2_nothing3a_nothing3a-2-run03-20260810T175015_1.json,2026-08-10T06:30:29.987692+00:00,True,0.678
nothing3a-2-run03-20260810T175015,nothing3a,2,2,data/raw/2/capture_2_nothing3a_nothing3a-2-run03-20260810T175015_2.pcap,data/raw/rrc/rrc_2_nothing3a_nothing3a-2-run03-20260810T175015_2.json,2026-08-10T06:30:40.215933+00:00,True,0.646
nothing3a-2-run03-20260810T175015,nothing3a,2,3,data/raw/2/capture_2_nothing3a_nothing3a-2-run03-20260810T175015_3.pcap,data/raw/rrc/rrc_2_nothing3a_nothing3a-2-run03-20260810T175015_3.json,2026-08-10T06:30:50.647912+00:00,True,0.616
nothing3a-2-run03-20260810T175015,nothing3a,2,4,data/raw/2/capture_2_nothing3a_nothing3a-2-run03-20260810T175015_4.pcap,data/raw/rrc/rrc_2_nothing3a_nothing3a-2-run03-20260810T175015_4.json,2026-08-10T06:31:00.737605+00:00,True,1.188
nothing3a-2-run03-20260810T175015,nothing3a,2,5,data/raw/2/capture_2_nothing3a_nothing3a-2-run03-20260810T175015_5.pcap,data/raw/rrc/rrc_2_nothing3a_nothing3a-2-run03-20260810T175015_5.json,2026-08-10T06:31:11.022891+00:00,True,1.756
nothing3a-2-run03-20260810T175015,nothing3a,2,6,data/raw/2/capture_2_nothing3a_nothing3a-2-run03-20260810T175015_6.pcap,data/raw/rrc/rrc_2_nothing3a_nothing3a-2-run03-20260810T175015_6.json,2026-08-10T06:31:21.543117+00:00,True,0.596
nothing3a-2-run03-20260810T175015,nothing3a,2,7,data/raw/2/capture_2_nothing3a_nothing3a-2-run03-20260810T175015_7.pcap,data/raw/rrc/rrc_2_nothing3a_nothing3a-2-run03-20260810T175015_7.json,2026-08-10T06:31:31.684092+00:00,True,0.728
nothing3a-2-run03-20260810T175015,nothing3a,2,8,data/raw/2/capture_2_nothing3a_nothing3a-2-run03-20260810T175015_8.pcap,data/raw/rrc/rrc_2_nothing3a_nothing3a-2-run03-20260810T175015_8.json,2026-08-10T06:31:41.973609+00:00,True,1.888
nothing3a-2-run03-20260810T175015,nothing3a,2,9,data/raw/2/capture_2_nothing3a_nothing3a-2-run03-20260810T175015_9.pcap,data/raw/rrc/rrc_2_nothing3a_nothing3a-2-run03-20260810T175015_9.json,2026-08-10T06:31:52.151230+00:00,True,0.617
nothing3a-2-run03-20260810T175015,nothing3a,2,10,data/raw/2/capture_2_nothing3a_nothing3a-2-run03-20260810T175015_10.pcap,data/raw/rrc/rrc_2_nothing3a_nothing3a-2-run03-20260810T175015_10.json,2026-08-10T06:32:02.514153+00:00,True,1.858
nothing3a-2-run03-20260810T175015,nothing3a,2,11,data/raw/2/capture_2_nothing3a_nothing3a-2-run03-20260810T175015_11.pcap,data/raw/rrc/rrc_2_nothing3a_nothing3a-2-run03-20260810T175015_11.json,2026-08-10T06:32:12.740244+00:00,True,0.610
nothing3a-2-run03-20260810T175015,nothing3a,2,12,data/raw/2/capture_2_nothing3a_nothing3a-2-run03-20260810T175015_12.pcap,data/raw/rrc/rrc_2_nothing3a_nothing3a-2-run03-20260810T175015_12.json,2026-08-10T06:32:22.899708+00:00,True,1.093
nothing3a-2-run03-20260810T175015,nothing3a,2,13,data/raw/2/capture_2_nothing3a_nothing3a-2-run03-20260810T175015_13.pcap,data/raw/rrc/rrc_2_nothing3a_nothing3a-2-run03-20260810T175015_13.json,2026-08-10T06:32:33.182594+00:00,True,0.592
nothing3a-2-run03-20260810T175015,nothing3a,2,14,data/raw/2/capture_2_nothing3a_nothing3a-2-run03-20260810T175015_14.pcap,data/raw/rrc/rrc_2_nothing3a_nothing3a-2-run03-20260810T175015_14.json,2026-08-10T06:32:43.422440+00:00,True,1.768
nothing3a-2-run03-20260810T175015,nothing3a,2,15,data/raw/2/capture_2_nothing3a_nothing3a-2-run03-20260810T175015_15.pcap,data/raw/rrc/rrc_2_nothing3a_nothing3a-2-run03-20260810T175015_15.json,2026-08-10T06:32:53.786413+00:00,True,1.393
nothing3a-2-run03-20260810T175015,nothing3a,2,16,data/raw/2/capture_2_nothing3a_nothing3a-2-run03-20260810T175015_16.pcap,data/raw/rrc/rrc_2_nothing3a_nothing3a-2-run03-20260810T175015_16.json,2026-08-10T06:33:03.923108+00:00,True,0.642
nothing3a-2-run03-20260810T175015,nothing3a,2,17,data/raw/2/capture_2_nothing3a_nothing3a-2-run03-20260810T175015_17.pcap,data/raw/rrc/rrc_2_nothing3a_nothing3a-2-run03-20260810T175015_17.json,2026-08-10T06:33:14.075589+00:00,True,0.860
nothing3a-2-run03-20260810T175015,nothing3a,2,18,data/raw/2/capture_2_nothing3a_nothing3a-2-run03-20260810T175015_18.pcap,data/raw/rrc/rrc_2_nothing3a_nothing3a-2-run03-20260810T175015_18.json,2026-08-10T06:33:24.456424+00:00,True,0.627
nothing3a-2-run03-20260810T175015,nothing3a,2,19,data/raw/2/capture_2_nothing3a_nothing3a-2-run03-20260810T175015_19.pcap,data/raw/rrc/rrc_2_nothing3a_nothing3a-2-run03-20260810T175015_19.json,2026-08-10T06:33:34.587044+00:00,True,0.814
nothing3a-2-run03-20260810T175015,nothing3a,2,20,data/raw/2/capture_2_nothing3a_nothing3a-2-run03-20260810T175015_20.pcap,data/raw/rrc/rrc_2_nothing3a_nothing3a-2-run03-20260810T175015_20.json,2026-08-10T06:33:44.950992+00:00,True,0.621
nothing3a-2-run04-20260810T175015,nothing3a,2,1,data/raw/2/capture_2_nothing3a_nothing3a-2-run04-20260810T175015_1.pcap,data/raw/rrc/rrc_2_nothing3a_nothing3a-2-run04-20260810T175015_1.json,2026-08-10T06:33:55.592157+00:00,True,0.615
nothing3a-2-run04-20260810T175015,nothing3a,2,2,data/raw/2/capture_2_nothing3a_nothing3a-2-run04-20260810T175015_2.pcap,data/raw/rrc/rrc_2_nothing3a_nothing3a-2-run04-20260810T175015_2.json,2026-08-10T06:34:05.913210+00:00,True,0.602
nothing3a-2-run04-20260810T175015,nothing3a,2,3,data/raw/2/capture_2_nothing3a_nothing3a-2-run04-20260810T175015_3.pcap,data/raw/rrc/rrc_2_nothing3a_nothing3a-2-run04-20260810T175015_3.json,2026-08-10T06:34:16.229371+00:00,True,0.597
nothing3a-2-run04-20260810T175015,nothing3a,2,4,data/raw/2/capture_2_nothing3a_nothing3a-2-run04-20260810T175015_4.pcap,data/raw/rrc/rrc_2_nothing3a_nothing3a-2-run04-20260810T175015_4.json,2026-08-10T06:34:26.408681+00:00,True,0.603
nothing3a-2-run04-20260810T175015,nothing3a,2,5,data/raw/2/capture_2_nothing3a_nothing3a-2-run04-20260810T175015_5.pcap,data/raw/rrc/rrc_2_nothing3a_nothing3a-2-run04-20260810T175015_5.json,2026-08-10T06:34:36.651230+00:00,True,1.055
nothing3a-2-run04-20260810T175015,nothing3a,2,6,data/raw/2/capture_2_nothing3a_nothing3a-2-run04-20260810T175015_6.pcap,data/raw/rrc/rrc_2_nothing3a_nothing3a-2-run04-20260810T175015_6.json,2026-08-10T06:34:47.093396+00:00,True,1.162
nothing3a-2-run04-20260810T175015,nothing3a,2,7,data/raw/2/capture_2_nothing3a_nothing3a-2-run04-20260810T175015_7.pcap,data/raw/rrc/rrc_2_nothing3a_nothing3a-2-run04-20260810T175015_7.json,2026-08-10T06:34:57.605068+00:00,True,0.605
nothing3a-2-run04-20260810T175015,nothing3a,2,8,data/raw/2/capture_2_nothing3a_nothing3a-2-run04-20260810T175015_8.pcap,data/raw/rrc/rrc_2_nothing3a_nothing3a-2-run04-20260810T175015_8.json,2026-08-10T06:35:07.875688+00:00,True,1.059
nothing3a-2-run04-20260810T175015,nothing3a,2,9,data/raw/2/capture_2_nothing3a_nothing3a-2-run04-20260810T175015_9.pcap,data/raw/rrc/rrc_2_nothing3a_nothing3a-2-run04-20260810T175015_9.json,2026-08-10T06:35:18.161692+00:00,True,1.157
nothing3a-2-run04-20260810T175015,nothing3a,2,10,data/raw/2/capture_2_nothing3a_nothing3a-2-run04-20260810T175015_10.pcap,data/raw/rrc/rrc_2_nothing3a_nothing3a-2-run04-20260810T175015_10.json,2026-08-10T06:35:28.866926+00:00,True,0.744
nothing3a-2-run04-20260810T175015,nothing3a,2,11,data/raw/2/capture_2_nothing3a_nothing3a-2-run04-20260810T175015_11.pcap,data/raw/rrc/rrc_2_nothing3a_nothing3a-2-run04-20260810T175015_11.json,2026-08-10T06:35:39.144680+00:00,True,0.624
nothing3a-2-run04-20260810T175015,nothing3a,2,12,data/raw/2/capture_2_nothing3a_nothing3a-2-run04-20260810T175015_12.pcap,data/raw/rrc/rrc_2_nothing3a_nothing3a-2-run04-20260810T175015_12.json,2026-08-10T06:35:49.756987+00:00,True,0.650
nothing3a-2-run04-20260810T175015,nothing3a,2,13,data/raw/2/capture_2_nothing3a_nothing3a-2-run04-20260810T175015_13.pcap,data/raw/rrc/rrc_2_nothing3a_nothing3a-2-run04-20260810T175015_13.json,2026-08-10T06:36:00.310602+00:00,True,0.786
nothing3a-2-run04-20260810T175015,nothing3a,2,14,data/raw/2/capture_2_nothing3a_nothing3a-2-run04-20260810T175015_14.pcap,data/raw/rrc/rrc_2_nothing3a_nothing3a-2-run04-20260810T175015_14.json,2026-08-10T06:36:10.874287+00:00,True,0.626
nothing3a-2-run04-20260810T175015,nothing3a,2,15,data/raw/2/capture_2_nothing3a_nothing3a-2-run04-20260810T175015_15.pcap,data/raw/rrc/rrc_2_nothing3a_nothing3a-2-run04-20260810T175015_15.json,2026-08-10T06:36:21.143578+00:00,True,0.600
nothing3a-2-run04-20260810T175015,nothing3a,2,16,data/raw/2/capture_2_nothing3a_nothing3a-2-run04-20260810T175015_16.pcap,data/raw/rrc/rrc_2_nothing3a_nothing3a-2-run04-20260810T175015_16.json,2026-08-10T06:36:31.382159+00:00,True,0.612
nothing3a-2-run04-20260810T175015,nothing3a,2,17,data/raw/2/capture_2_nothing3a_nothing3a-2-run04-20260810T175015_17.pcap,data/raw/rrc/rrc_2_nothing3a_nothing3a-2-run04-20260810T175015_17.json,2026-08-10T06:36:41.800541+00:00,True,0.608
nothing3a-2-run04-20260810T175015,nothing3a,2,18,data/raw/2/capture_2_nothing3a_nothing3a-2-run04-20260810T175015_18.pcap,data/raw/rrc/rrc_2_nothing3a_nothing3a-2-run04-20260810T175015_18.json,2026-08-10T06:36:52.112237+00:00,True,0.614
nothing3a-2-run04-20260810T175015,nothing3a,2,19,data/raw/2/capture_2_nothing3a_nothing3a-2-run04-20260810T175015_19.pcap,data/raw/rrc/rrc_2_nothing3a_nothing3a-2-run04-20260810T175015_19.json,2026-08-10T06:37:02.801625+00:00,True,1.060
nothing3a-2-run04-20260810T175015,nothing3a,2,20,data/raw/2/capture_2_nothing3a_nothing3a-2-run04-20260810T175015_20.pcap,data/raw/rrc/rrc_2_nothing3a_nothing3a-2-run04-20260810T175015_20.json,2026-08-10T06:37:13.323881+00:00,True,0.651
nothing3a-2-run05-20260810T175015,nothing3a,2,1,data/raw/2/capture_2_nothing3a_nothing3a-2-run05-20260810T175015_1.pcap,data/raw/rrc/rrc_2_nothing3a_nothing3a-2-run05-20260810T175015_1.json,2026-08-10T06:37:23.932541+00:00,True,1.201
nothing3a-2-run05-20260810T175015,nothing3a,2,2,data/raw/2/capture_2_nothing3a_nothing3a-2-run05-20260810T175015_2.pcap,data/raw/rrc/rrc_2_nothing3a_nothing3a-2-run05-20260810T175015_2.json,2026-08-10T06:37:34.526784+00:00,True,1.205
nothing3a-2-run05-20260810T175015,nothing3a,2,3,data/raw/2/capture_2_nothing3a_nothing3a-2-run05-20260810T175015_3.pcap,data/raw/rrc/rrc_2_nothing3a_nothing3a-2-run05-20260810T175015_3.json,2026-08-10T06:37:44.954255+00:00,True,1.055
nothing3a-2-run05-20260810T175015,nothing3a,2,4,data/raw/2/capture_2_nothing3a_nothing3a-2-run05-20260810T175015_4.pcap,data/raw/rrc/rrc_2_nothing3a_nothing3a-2-run05-20260810T175015_4.json,2026-08-10T06:37:55.593695+00:00,True,1.202
nothing3a-2-run05-20260810T175015,nothing3a,2,5,data/raw/2/capture_2_nothing3a_nothing3a-2-run05-20260810T175015_5.pcap,data/raw/rrc/rrc_2_nothing3a_nothing3a-2-run05-20260810T175015_5.json,2026-08-10T06:38:05.938373+00:00,True,1.141
nothing3a-2-run05-20260810T175015,nothing3a,2,6,data/raw/2/capture_2_nothing3a_nothing3a-2-run05-20260810T175015_6.pcap,data/raw/rrc/rrc_2_nothing3a_nothing3a-2-run05-20260810T175015_6.json,2026-08-10T06:38:16.384505+00:00,True,0.608
nothing3a-2-run05-20260810T175015,nothing3a,2,7,data/raw/2/capture_2_nothing3a_nothing3a-2-run05-20260810T175015_7.pcap,data/raw/rrc/rrc_2_nothing3a_nothing3a-2-run05-20260810T175015_8.json,2026-08-10T06:38:26.648485+00:00,True,0.630
nothing3a-2-run05-20260810T175015,nothing3a,2,8,data/raw/2/capture_2_nothing3a_nothing3a-2-run05-20260810T175015_8.pcap,data/raw/rrc/rrc_2_nothing3a_nothing3a-2-run05-20260810T175015_9.json,2026-08-10T06:38:37.324368+00:00,True,0.616
nothing3a-2-run05-20260810T175015,nothing3a,2,9,data/raw/2/capture_2_nothing3a_nothing3a-2-run05-20260810T175015_9.pcap,data/raw/rrc/rrc_2_nothing3a_nothing3a-2-run05-20260810T175015_10.json,2026-08-10T06:38:47.912871+00:00,True,0.652
nothing3a-2-run05-20260810T175015,nothing3a,2,10,data/raw/2/capture_2_nothing3a_nothing3a-2-run05-20260810T175015_10.pcap,data/raw/rrc/rrc_2_nothing3a_nothing3a-2-run05-20260810T175015_11.json,2026-08-10T06:38:58.268443+00:00,True,0.655
nothing3a-2-run05-20260810T175015,nothing3a,2,11,data/raw/2/capture_2_nothing3a_nothing3a-2-run05-20260810T175015_11.pcap,data/raw/rrc/rrc_2_nothing3a_nothing3a-2-run05-20260810T175015_12.json,2026-08-10T06:39:08.678001+00:00,True,1.777
nothing3a-2-run05-20260810T175015,nothing3a,2,12,data/raw/2/capture_2_nothing3a_nothing3a-2-run05-20260810T175015_12.pcap,data/raw/rrc/rrc_2_nothing3a_nothing3a-2-run05-20260810T175015_13.json,2026-08-10T06:39:19.319247+00:00,True,1.387
nothing3a-2-run05-20260810T175015,nothing3a,2,13,data/raw/2/capture_2_nothing3a_nothing3a-2-run05-20260810T175015_13.pcap,data/raw/rrc/rrc_2_nothing3a_nothing3a-2-run05-20260810T175015_14.json,2026-08-10T06:39:29.649297+00:00,True,1.034
nothing3a-2-run05-20260810T175015,nothing3a,2,14,data/raw/2/capture_2_nothing3a_nothing3a-2-run05-20260810T175015_14.pcap,data/raw/rrc/rrc_2_nothing3a_nothing3a-2-run05-20260810T175015_15.json,2026-08-10T06:39:40.038527+00:00,True,0.634
nothing3a-2-run05-20260810T175015,nothing3a,2,15,data/raw/2/capture_2_nothing3a_nothing3a-2-run05-20260810T175015_15.pcap,data/raw/rrc/rrc_2_nothing3a_nothing3a-2-run05-20260810T175015_16.json,2026-08-10T06:39:50.201252+00:00,True,0.628
nothing3a-2-run05-20260810T175015,nothing3a,2,16,data/raw/2/capture_2_nothing3a_nothing3a-2-run05-20260810T175015_16.pcap,data/raw/rrc/rrc_2_nothing3a_nothing3a-2-run05-20260810T175015_17.json,2026-08-10T06:40:00.547782+00:00,True,0.726
nothing3a-2-run05-20260810T175015,nothing3a,2,17,data/raw/2/capture_2_nothing3a_nothing3a-2-run05-20260810T175015_17.pcap,data/raw/rrc/rrc_2_nothing3a_nothing3a-2-run05-20260810T175015_18.json,2026-08-10T06:40:11.086774+00:00,True,0.592
nothing3a-2-run05-20260810T175015,nothing3a,2,18,data/raw/2/capture_2_nothing3a_nothing3a-2-run05-20260810T175015_18.pcap,data/raw/rrc/rrc_2_nothing3a_nothing3a-2-run05-20260810T175015_19.json,2026-08-10T06:40:21.454996+00:00,True,0.646
nothing3a-2-run05-20260810T175015,nothing3a,2,19,data/raw/2/capture_2_nothing3a_nothing3a-2-run05-20260810T175015_19.pcap,data/raw/rrc/rrc_2_nothing3a_nothing3a-2-run05-20260810T175015_20.json,2026-08-10T06:40:31.815773+00:00,True,1.033
nothing3a-2-run05-20260810T175015,nothing3a,2,20,data/raw/2/capture_2_nothing3a_nothing3a-2-run05-20260810T175015_20.pcap,data/raw/rrc/rrc_2_nothing3a_nothing3a-2-run05-20260810T175015_21.json,2026-08-10T06:40:42.483981+00:00,True,0.690
nothing3a-3-run01-20260810T175015,nothing3a,3,1,data/raw/3/capture_3_nothing3a_nothing3a-3-run01-20260810T175015_1.pcap,data/raw/rrc/rrc_3_nothing3a_nothing3a-3-run01-20260810T175015_3.json,2026-08-10T06:41:06.125472+00:00,True,0.814
nothing3a-3-run01-20260810T175015,nothing3a,3,2,data/raw/3/capture_3_nothing3a_nothing3a-3-run01-20260810T175015_2.pcap,data/raw/rrc/rrc_3_nothing3a_nothing3a-3-run01-20260810T175015_4.json,2026-08-10T06:41:16.666253+00:00,True,1.065
nothing3a-3-run01-20260810T175015,nothing3a,3,3,data/raw/3/capture_3_nothing3a_nothing3a-3-run01-20260810T175015_3.pcap,data/raw/rrc/rrc_3_nothing3a_nothing3a-3-run01-20260810T175015_5.json,2026-08-10T06:41:27.189376+00:00,True,0.608
nothing3a-3-run01-20260810T175015,nothing3a,3,4,data/raw/3/capture_3_nothing3a_nothing3a-3-run01-20260810T175015_4.pcap,data/raw/rrc/rrc_3_nothing3a_nothing3a-3-run01-20260810T175015_6.json,2026-08-10T06:41:37.793009+00:00,True,0.715
nothing3a-3-run01-20260810T175015,nothing3a,3,5,data/raw/3/capture_3_nothing3a_nothing3a-3-run01-20260810T175015_5.pcap,data/raw/rrc/rrc_3_nothing3a_nothing3a-3-run01-20260810T175015_7.json,2026-08-10T06:41:48.726257+00:00,True,1.096
nothing3a-3-run01-20260810T175015,nothing3a,3,6,data/raw/3/capture_3_nothing3a_nothing3a-3-run01-20260810T175015_6.pcap,data/raw/rrc/rrc_3_nothing3a_nothing3a-3-run01-20260810T175015_8.json,2026-08-10T06:41:59.166909+00:00,True,0.583
nothing3a-3-run01-20260810T175015,nothing3a,3,7,data/raw/3/capture_3_nothing3a_nothing3a-3-run01-20260810T175015_7.pcap,data/raw/rrc/rrc_3_nothing3a_nothing3a-3-run01-20260810T175015_9.json,2026-08-10T06:42:09.664314+00:00,True,1.072
nothing3a-3-run01-20260810T175015,nothing3a,3,8,data/raw/3/capture_3_nothing3a_nothing3a-3-run01-20260810T175015_8.pcap,data/raw/rrc/rrc_3_nothing3a_nothing3a-3-run01-20260810T175015_10.json,2026-08-10T06:42:20.197839+00:00,True,0.595
nothing3a-3-run01-20260810T175015,nothing3a,3,9,data/raw/3/capture_3_nothing3a_nothing3a-3-run01-20260810T175015_9.pcap,data/raw/rrc/rrc_3_nothing3a_nothing3a-3-run01-20260810T175015_11.json,2026-08-10T06:42:30.601502+00:00,True,0.604
nothing3a-3-run01-20260810T175015,nothing3a,3,10,data/raw/3/capture_3_nothing3a_nothing3a-3-run01-20260810T175015_10.pcap,data/raw/rrc/rrc_3_nothing3a_nothing3a-3-run01-20260810T175015_12.json,2026-08-10T06:42:41.106824+00:00,True,1.118
nothing3a-3-run01-20260810T175015,nothing3a,3,11,data/raw/3/capture_3_nothing3a_nothing3a-3-run01-20260810T175015_11.pcap,data/raw/rrc/rrc_3_nothing3a_nothing3a-3-run01-20260810T175015_13.json,2026-08-10T06:42:51.507864+00:00,True,0.616
nothing3a-3-run01-20260810T175015,nothing3a,3,12,data/raw/3/capture_3_nothing3a_nothing3a-3-run01-20260810T175015_12.pcap,data/raw/rrc/rrc_3_nothing3a_nothing3a-3-run01-20260810T175015_14.json,2026-08-10T06:43:02.019823+00:00,True,1.088
nothing3a-3-run01-20260810T175015,nothing3a,3,13,data/raw/3/capture_3_nothing3a_nothing3a-3-run01-20260810T175015_13.pcap,data/raw/rrc/rrc_3_nothing3a_nothing3a-3-run01-20260810T175015_15.json,2026-08-10T06:43:12.469442+00:00,True,0.611
nothing3a-3-run01-20260810T175015,nothing3a,3,14,data/raw/3/capture_3_nothing3a_nothing3a-3-run01-20260810T175015_14.pcap,data/raw/rrc/rrc_3_nothing3a_nothing3a-3-run01-20260810T175015_16.json,2026-08-10T06:43:23.053678+00:00,True,1.169
nothing3a-3-run01-20260810T175015,nothing3a,3,15,data/raw/3/capture_3_nothing3a_nothing3a-3-run01-20260810T175015_15.pcap,data/raw/rrc/rrc_3_nothing3a_nothing3a-3-run01-20260810T175015_17.json,2026-08-10T06:43:33.385575+00:00,True,0.617
nothing3a-3-run01-20260810T175015,nothing3a,3,16,data/raw/3/capture_3_nothing3a_nothing3a-3-run01-20260810T175015_16.pcap,data/raw/rrc/rrc_3_nothing3a_nothing3a-3-run01-20260810T175015_18.json,2026-08-10T06:43:43.955991+00:00,True,0.752
nothing3a-3-run01-20260810T175015,nothing3a,3,17,data/raw/3/capture_3_nothing3a_nothing3a-3-run01-20260810T175015_17.pcap,data/raw/rrc/rrc_3_nothing3a_nothing3a-3-run01-20260810T175015_19.json,2026-08-10T06:43:54.356636+00:00,True,1.095
nothing3a-3-run01-20260810T175015,nothing3a,3,18,data/raw/3/capture_3_nothing3a_nothing3a-3-run01-20260810T175015_18.pcap,data/raw/rrc/rrc_3_nothing3a_nothing3a-3-run01-20260810T175015_20.json,2026-08-10T06:44:04.876219+00:00,True,0.638
nothing3a-3-run01-20260810T175015,nothing3a,3,19,data/raw/3/capture_3_nothing3a_nothing3a-3-run01-20260810T175015_19.pcap,data/raw/rrc/rrc_3_nothing3a_nothing3a-3-run01-20260810T175015_21.json,2026-08-10T06:44:15.149956+00:00,True,0.608
nothing3a-3-run01-20260810T175015,nothing3a,3,20,data/raw/3/capture_3_nothing3a_nothing3a-3-run01-20260810T175015_20.pcap,data/raw/rrc/rrc_3_nothing3a_nothing3a-3-run01-20260810T175015_22.json,2026-08-10T06:44:25.646462+00:00,True,0.677
nothing3a-3-run02-20260810T175015,nothing3a,3,1,data/raw/3/capture_3_nothing3a_nothing3a-3-run02-20260810T175015_1.pcap,data/raw/rrc/rrc_3_nothing3a_nothing3a-3-run02-20260810T175015_1.json,2026-08-10T06:44:36.050013+00:00,True,0.613
nothing3a-3-run02-20260810T175015,nothing3a,3,2,data/raw/3/capture_3_nothing3a_nothing3a-3-run02-20260810T175015_2.pcap,data/raw/rrc/rrc_3_nothing3a_nothing3a-3-run02-20260810T175015_2.json,2026-08-10T06:44:46.602574+00:00,True,1.745
nothing3a-3-run02-20260810T175015,nothing3a,3,3,data/raw/3/capture_3_nothing3a_nothing3a-3-run02-20260810T175015_3.pcap,data/raw/rrc/rrc_3_nothing3a_nothing3a-3-run02-20260810T175015_3.json,2026-08-10T06:44:57.378156+00:00,True,0.842
nothing3a-3-run02-20260810T175015,nothing3a,3,4,data/raw/3/capture_3_nothing3a_nothing3a-3-run02-20260810T175015_4.pcap,data/raw/rrc/rrc_3_nothing3a_nothing3a-3-run02-20260810T175015_4.json,2026-08-10T06:45:08.043100+00:00,True,1.290
nothing3a-3-run02-20260810T175015,nothing3a,3,5,data/raw/3/capture_3_nothing3a_nothing3a-3-run02-20260810T175015_5.pcap,data/raw/rrc/rrc_3_nothing3a_nothing3a-3-run02-20260810T175015_5.json,2026-08-10T06:45:18.569239+00:00,True,0.593
nothing3a-3-run02-20260810T175015,nothing3a,3,6,data/raw/3/capture_3_nothing3a_nothing3a-3-run02-20260810T175015_6.pcap,data/raw/rrc/rrc_3_nothing3a_nothing3a-3-run02-20260810T175015_6.json,2026-08-10T06:45:29.153554+00:00,True,0.640
nothing3a-3-run02-20260810T175015,nothing3a,3,7,data/raw/3/capture_3_nothing3a_nothing3a-3-run02-20260810T175015_7.pcap,data/raw/rrc/rrc_3_nothing3a_nothing3a-3-run02-20260810T175015_7.json,2026-08-10T06:45:39.673401+00:00,True,1.889
nothing3a-3-run02-20260810T175015,nothing3a,3,8,data/raw/3/capture_3_nothing3a_nothing3a-3-run02-20260810T175015_8.pcap,data/raw/rrc/rrc_3_nothing3a_nothing3a-3-run02-20260810T175015_8.json,2026-08-10T06:45:50.033939+00:00,True,0.589
nothing3a-3-run02-20260810T175015,nothing3a,3,9,data/raw/3/capture_3_nothing3a_nothing3a-3-run02-20260810T175015_9.pcap,data/raw/rrc/rrc_3_nothing3a_nothing3a-3-run02-20260810T175015_9.json,2026-08-10T06:46:00.574193+00:00,True,0.615
nothing3a-3-run02-20260810T175015,nothing3a,3,10,data/raw/3/capture_3_nothing3a_nothing3a-3-run02-20260810T175015_10.pcap,data/raw/rrc/rrc_3_nothing3a_nothing3a-3-run02-20260810T175015_10.json,2026-08-10T06:46:11.107652+00:00,True,1.259
nothing3a-3-run02-20260810T175015,nothing3a,3,11,data/raw/3/capture_3_nothing3a_nothing3a-3-run02-20260810T175015_11.pcap,data/raw/rrc/rrc_3_nothing3a_nothing3a-3-run02-20260810T175015_11.json,2026-08-10T06:46:21.331752+00:00,True,0.619
nothing3a-3-run02-20260810T175015,nothing3a,3,12,data/raw/3/capture_3_nothing3a_nothing3a-3-run02-20260810T175015_12.pcap,data/raw/rrc/rrc_3_nothing3a_nothing3a-3-run02-20260810T175015_12.json,2026-08-10T06:46:31.812017+00:00,True,0.592
nothing3a-3-run02-20260810T175015,nothing3a,3,13,data/raw/3/capture_3_nothing3a_nothing3a-3-run02-20260810T175015_13.pcap,data/raw/rrc/rrc_3_nothing3a_nothing3a-3-run02-20260810T175015_13.json,2026-08-10T06:46:42.299240+00:00,True,0.650
nothing3a-3-run02-20260810T175015,nothing3a,3,14,data/raw/3/capture_3_nothing3a_nothing3a-3-run02-20260810T175015_14.pcap,data/raw/rrc/rrc_3_nothing3a_nothing3a-3-run02-20260810T175015_14.json,2026-08-10T06:46:52.792376+00:00,True,0.785
nothing3a-3-run02-20260810T175015,nothing3a,3,15,data/raw/3/capture_3_nothing3a_nothing3a-3-run02-20260810T175015_15.pcap,data/raw/rrc/rrc_3_nothing3a_nothing3a-3-run02-20260810T175015_15.json,2026-08-10T06:47:03.369407+00:00,True,1.118
nothing3a-3-run02-20260810T175015,nothing3a,3,16,data/raw/3/capture_3_nothing3a_nothing3a-3-run02-20260810T175015_16.pcap,data/raw/rrc/rrc_3_nothing3a_nothing3a-3-run02-20260810T175015_16.json,2026-08-10T06:47:13.864721+00:00,True,0.639
nothing3a-3-run02-20260810T175015,nothing3a,3,17,data/raw/3/capture_3_nothing3a_nothing3a-3-run02-20260810T175015_17.pcap,data/raw/rrc/rrc_3_nothing3a_nothing3a-3-run02-20260810T175015_17.json,2026-08-10T06:47:24.461709+00:00,True,1.312
nothing3a-3-run02-20260810T175015,nothing3a,3,18,data/raw/3/capture_3_nothing3a_nothing3a-3-run02-20260810T175015_18.pcap,data/raw/rrc/rrc_3_nothing3a_nothing3a-3-run02-20260810T175015_18.json,2026-08-10T06:47:34.996395+00:00,True,0.603
nothing3a-3-run02-20260810T175015,nothing3a,3,19,data/raw/3/capture_3_nothing3a_nothing3a-3-run02-20260810T175015_19.pcap,data/raw/rrc/rrc_3_nothing3a_nothing3a-3-run02-20260810T175015_19.json,2026-08-10T06:47:45.657739+00:00,True,0.662
nothing3a-3-run02-20260810T175015,nothing3a,3,20,data/raw/3/capture_3_nothing3a_nothing3a-3-run02-20260810T175015_20.pcap,data/raw/rrc/rrc_3_nothing3a_nothing3a-3-run02-20260810T175015_20.json,2026-08-10T06:47:56.208436+00:00,True,0.818
nothing3a-3-run03-20260810T175015,nothing3a,3,1,data/raw/3/capture_3_nothing3a_nothing3a-3-run03-20260810T175015_1.pcap,data/raw/rrc/rrc_3_nothing3a_nothing3a-3-run03-20260810T175015_1.json,2026-08-10T06:48:06.793175+00:00,True,0.584
nothing3a-3-run03-20260810T175015,nothing3a,3,2,data/raw/3/capture_3_nothing3a_nothing3a-3-run03-20260810T175015_2.pcap,data/raw/rrc/rrc_3_nothing3a_nothing3a-3-run03-20260810T175015_2.json,2026-08-10T06:48:17.374065+00:00,True,0.596
nothing3a-3-run03-20260810T175015,nothing3a,3,3,data/raw/3/capture_3_nothing3a_nothing3a-3-run03-20260810T175015_3.pcap,data/raw/rrc/rrc_3_nothing3a_nothing3a-3-run03-20260810T175015_3.json,2026-08-10T06:48:27.729668+00:00,True,0.621
nothing3a-3-run03-20260810T175015,nothing3a,3,4,data/raw/3/capture_3_nothing3a_nothing3a-3-run03-20260810T175015_4.pcap,data/raw/rrc/rrc_3_nothing3a_nothing3a-3-run03-20260810T175015_4.json,2026-08-10T06:48:38.301008+00:00,True,0.572
nothing3a-3-run03-20260810T175015,nothing3a,3,5,data/raw/3/capture_3_nothing3a_nothing3a-3-run03-20260810T175015_5.pcap,data/raw/rrc/rrc_3_nothing3a_nothing3a-3-run03-20260810T175015_5.json,2026-08-10T06:48:48.841565+00:00,True,0.630
nothing3a-3-run03-20260810T175015,nothing3a,3,6,data/raw/3/capture_3_nothing3a_nothing3a-3-run03-20260810T175015_6.pcap,data/raw/rrc/rrc_3_nothing3a_nothing3a-3-run03-20260810T175015_6.json,2026-08-10T06:48:59.601099+00:00,True,1.080
nothing3a-3-run03-20260810T175015,nothing3a,3,7,data/raw/3/capture_3_nothing3a_nothing3a-3-run03-20260810T175015_7.pcap,data/raw/rrc/rrc_3_nothing3a_nothing3a-3-run03-20260810T175015_7.json,2026-08-10T06:49:10.189787+00:00,True,1.124
nothing3a-3-run03-20260810T175015,nothing3a,3,8,data/raw/3/capture_3_nothing3a_nothing3a-3-run03-20260810T175015_8.pcap,data/raw/rrc/rrc_3_nothing3a_nothing3a-3-run03-20260810T175015_8.json,2026-08-10T06:49:20.844912+00:00,True,0.619
nothing3a-3-run03-20260810T175015,nothing3a,3,9,data/raw/3/capture_3_nothing3a_nothing3a-3-run03-20260810T175015_9.pcap,data/raw/rrc/rrc_3_nothing3a_nothing3a-3-run03-20260810T175015_9.json,2026-08-10T06:49:31.428316+00:00,True,0.675
nothing3a-3-run03-20260810T175015,nothing3a,3,10,data/raw/3/capture_3_nothing3a_nothing3a-3-run03-20260810T175015_10.pcap,data/raw/rrc/rrc_3_nothing3a_nothing3a-3-run03-20260810T175015_10.json,2026-08-10T06:49:42.063244+00:00,True,0.655
nothing3a-3-run03-20260810T175015,nothing3a,3,11,data/raw/3/capture_3_nothing3a_nothing3a-3-run03-20260810T175015_11.pcap,data/raw/rrc/rrc_3_nothing3a_nothing3a-3-run03-20260810T175015_11.json,2026-08-10T06:49:52.690981+00:00,True,0.702
nothing3a-3-run03-20260810T175015,nothing3a,3,12,data/raw/3/capture_3_nothing3a_nothing3a-3-run03-20260810T175015_12.pcap,data/raw/rrc/rrc_3_nothing3a_nothing3a-3-run03-20260810T175015_12.json,2026-08-10T06:50:03.453770+00:00,True,0.586
nothing3a-3-run03-20260810T175015,nothing3a,3,13,data/raw/3/capture_3_nothing3a_nothing3a-3-run03-20260810T175015_13.pcap,data/raw/rrc/rrc_3_nothing3a_nothing3a-3-run03-20260810T175015_13.json,2026-08-10T06:50:14.014109+00:00,True,0.652
nothing3a-3-run03-20260810T175015,nothing3a,3,14,data/raw/3/capture_3_nothing3a_nothing3a-3-run03-20260810T175015_14.pcap,data/raw/rrc/rrc_3_nothing3a_nothing3a-3-run03-20260810T175015_14.json,2026-08-10T06:50:25.082998+00:00,True,1.107
nothing3a-3-run03-20260810T175015,nothing3a,3,15,data/raw/3/capture_3_nothing3a_nothing3a-3-run03-20260810T175015_15.pcap,data/raw/rrc/rrc_3_nothing3a_nothing3a-3-run03-20260810T175015_15.json,2026-08-10T06:50:35.551640+00:00,True,1.117
nothing3a-3-run03-20260810T175015,nothing3a,3,16,data/raw/3/capture_3_nothing3a_nothing3a-3-run03-20260810T175015_16.pcap,data/raw/rrc/rrc_3_nothing3a_nothing3a-3-run03-20260810T175015_16.json,2026-08-10T06:50:46.212614+00:00,True,0.701
nothing3a-3-run03-20260810T175015,nothing3a,3,17,data/raw/3/capture_3_nothing3a_nothing3a-3-run03-20260810T175015_17.pcap,data/raw/rrc/rrc_3_nothing3a_nothing3a-3-run03-20260810T175015_17.json,2026-08-10T06:50:56.630684+00:00,True,0.604
nothing3a-3-run03-20260810T175015,nothing3a,3,18,data/raw/3/capture_3_nothing3a_nothing3a-3-run03-20260810T175015_18.pcap,data/raw/rrc/rrc_3_nothing3a_nothing3a-3-run03-20260810T175015_18.json,2026-08-10T06:51:07.630192+00:00,True,0.602
nothing3a-3-run03-20260810T175015,nothing3a,3,19,data/raw/3/capture_3_nothing3a_nothing3a-3-run03-20260810T175015_19.pcap,data/raw/rrc/rrc_3_nothing3a_nothing3a-3-run03-20260810T175015_20.json,2026-08-10T06:51:18.189800+00:00,True,0.624
nothing3a-3-run03-20260810T175015,nothing3a,3,20,data/raw/3/capture_3_nothing3a_nothing3a-3-run03-20260810T175015_20.pcap,data/raw/rrc/rrc_3_nothing3a_nothing3a-3-run03-20260810T175015_21.json,2026-08-10T06:51:29.139815+00:00,True,1.197
nothing3a-3-run04-20260810T175015,nothing3a,3,1,data/raw/3/capture_3_nothing3a_nothing3a-3-run04-20260810T175015_1.pcap,data/raw/rrc/rrc_3_nothing3a_nothing3a-3-run04-20260810T175015_1.json,2026-08-10T06:51:39.688076+00:00,True,1.106
nothing3a-3-run04-20260810T175015,nothing3a,3,2,data/raw/3/capture_3_nothing3a_nothing3a-3-run04-20260810T175015_2.pcap,data/raw/rrc/rrc_3_nothing3a_nothing3a-3-run04-20260810T175015_2.json,2026-08-10T06:51:50.490975+00:00,True,0.669
nothing3a-3-run04-20260810T175015,nothing3a,3,3,data/raw/3/capture_3_nothing3a_nothing3a-3-run04-20260810T175015_3.pcap,data/raw/rrc/rrc_3_nothing3a_nothing3a-3-run04-20260810T175015_3.json,2026-08-10T06:52:01.234588+00:00,True,0.657
nothing3a-3-run04-20260810T175015,nothing3a,3,4,data/raw/3/capture_3_nothing3a_nothing3a-3-run04-20260810T175015_4.pcap,data/raw/rrc/rrc_3_nothing3a_nothing3a-3-run04-20260810T175015_4.json,2026-08-10T06:52:11.976999+00:00,True,0.611
nothing3a-3-run04-20260810T175015,nothing3a,3,5,data/raw/3/capture_3_nothing3a_nothing3a-3-run04-20260810T175015_5.pcap,data/raw/rrc/rrc_3_nothing3a_nothing3a-3-run04-20260810T175015_5.json,2026-08-10T06:52:22.623264+00:00,True,0.653
nothing3a-3-run04-20260810T175015,nothing3a,3,6,data/raw/3/capture_3_nothing3a_nothing3a-3-run04-20260810T175015_6.pcap,data/raw/rrc/rrc_3_nothing3a_nothing3a-3-run04-20260810T175015_6.json,2026-08-10T06:52:33.366558+00:00,True,0.604
nothing3a-3-run04-20260810T175015,nothing3a,3,7,data/raw/3/capture_3_nothing3a_nothing3a-3-run04-20260810T175015_7.pcap,data/raw/rrc/rrc_3_nothing3a_nothing3a-3-run04-20260810T175015_7.json,2026-08-10T06:52:43.964449+00:00,True,1.030
nothing3a-3-run04-20260810T175015,nothing3a,3,8,data/raw/3/capture_3_nothing3a_nothing3a-3-run04-20260810T175015_8.pcap,data/raw/rrc/rrc_3_nothing3a_nothing3a-3-run04-20260810T175015_8.json,2026-08-10T06:52:54.930270+00:00,True,0.653
nothing3a-3-run04-20260810T175015,nothing3a,3,9,data/raw/3/capture_3_nothing3a_nothing3a-3-run04-20260810T175015_9.pcap,data/raw/rrc/rrc_3_nothing3a_nothing3a-3-run04-20260810T175015_9.json,2026-08-10T06:53:05.785216+00:00,True,1.154
nothing3a-3-run04-20260810T175015,nothing3a,3,10,data/raw/3/capture_3_nothing3a_nothing3a-3-run04-20260810T175015_10.pcap,data/raw/rrc/rrc_3_nothing3a_nothing3a-3-run04-20260810T175015_10.json,2026-08-10T06:53:16.380681+00:00,True,0.583
nothing3a-3-run04-20260810T175015,nothing3a,3,11,data/raw/3/capture_3_nothing3a_nothing3a-3-run04-20260810T175015_11.pcap,data/raw/rrc/rrc_3_nothing3a_nothing3a-3-run04-20260810T175015_11.json,2026-08-10T06:53:27.203280+00:00,True,0.615
nothing3a-3-run04-20260810T175015,nothing3a,3,12,data/raw/3/capture_3_nothing3a_nothing3a-3-run04-20260810T175015_12.pcap,data/raw/rrc/rrc_3_nothing3a_nothing3a-3-run04-20260810T175015_12.json,2026-08-10T06:53:37.767144+00:00,True,1.066
nothing3a-3-run04-20260810T175015,nothing3a,3,13,data/raw/3/capture_3_nothing3a_nothing3a-3-run04-20260810T175015_13.pcap,data/raw/rrc/rrc_3_nothing3a_nothing3a-3-run04-20260810T175015_13.json,2026-08-10T06:53:48.677721+00:00,True,0.677
nothing3a-3-run04-20260810T175015,nothing3a,3,14,data/raw/3/capture_3_nothing3a_nothing3a-3-run04-20260810T175015_14.pcap,data/raw/rrc/rrc_3_nothing3a_nothing3a-3-run04-20260810T175015_14.json,2026-08-10T06:53:59.616637+00:00,True,0.604
nothing3a-3-run04-20260810T175015,nothing3a,3,15,data/raw/3/capture_3_nothing3a_nothing3a-3-run04-20260810T175015_15.pcap,data/raw/rrc/rrc_3_nothing3a_nothing3a-3-run04-20260810T175015_15.json,2026-08-10T06:54:10.394352+00:00,True,0.613
nothing3a-3-run04-20260810T175015,nothing3a,3,16,data/raw/3/capture_3_nothing3a_nothing3a-3-run04-20260810T175015_16.pcap,data/raw/rrc/rrc_3_nothing3a_nothing3a-3-run04-20260810T175015_16.json,2026-08-10T06:54:21.078537+00:00,True,0.643
nothing3a-3-run04-20260810T175015,nothing3a,3,17,data/raw/3/capture_3_nothing3a_nothing3a-3-run04-20260810T175015_17.pcap,data/raw/rrc/rrc_3_nothing3a_nothing3a-3-run04-20260810T175015_17.json,2026-08-10T06:54:31.855278+00:00,True,0.608
nothing3a-3-run04-20260810T175015,nothing3a,3,18,data/raw/3/capture_3_nothing3a_nothing3a-3-run04-20260810T175015_18.pcap,data/raw/rrc/rrc_3_nothing3a_nothing3a-3-run04-20260810T175015_18.json,2026-08-10T06:54:42.657332+00:00,True,0.581
nothing3a-3-run04-20260810T175015,nothing3a,3,19,data/raw/3/capture_3_nothing3a_nothing3a-3-run04-20260810T175015_19.pcap,data/raw/rrc/rrc_3_nothing3a_nothing3a-3-run04-20260810T175015_19.json,2026-08-10T06:54:53.482693+00:00,True,1.134
nothing3a-3-run04-20260810T175015,nothing3a,3,20,data/raw/3/capture_3_nothing3a_nothing3a-3-run04-20260810T175015_20.pcap,data/raw/rrc/rrc_3_nothing3a_nothing3a-3-run04-20260810T175015_20.json,2026-08-10T06:55:04.531574+00:00,True,1.241
nothing3a-3-run05-20260810T175015,nothing3a,3,1,data/raw/3/capture_3_nothing3a_nothing3a-3-run05-20260810T175015_1.pcap,data/raw/rrc/rrc_3_nothing3a_nothing3a-3-run05-20260810T175015_1.json,2026-08-10T06:55:15.220939+00:00,True,0.648
nothing3a-3-run05-20260810T175015,nothing3a,3,2,data/raw/3/capture_3_nothing3a_nothing3a-3-run05-20260810T175015_2.pcap,data/raw/rrc/rrc_3_nothing3a_nothing3a-3-run05-20260810T175015_2.json,2026-08-10T06:55:25.933733+00:00,True,1.044
nothing3a-3-run05-20260810T175015,nothing3a,3,3,data/raw/3/capture_3_nothing3a_nothing3a-3-run05-20260810T175015_3.pcap,data/raw/rrc/rrc_3_nothing3a_nothing3a-3-run05-20260810T175015_3.json,2026-08-10T06:55:36.662877+00:00,True,1.023
nothing3a-3-run05-20260810T175015,nothing3a,3,4,data/raw/3/capture_3_nothing3a_nothing3a-3-run05-20260810T175015_4.pcap,data/raw/rrc/rrc_3_nothing3a_nothing3a-3-run05-20260810T175015_4.json,2026-08-10T06:55:47.839691+00:00,True,1.066
nothing3a-3-run05-20260810T175015,nothing3a,3,5,data/raw/3/capture_3_nothing3a_nothing3a-3-run05-20260810T175015_5.pcap,data/raw/rrc/rrc_3_nothing3a_nothing3a-3-run05-20260810T175015_5.json,2026-08-10T06:55:59.020661+00:00,True,0.619
nothing3a-3-run05-20260810T175015,nothing3a,3,6,data/raw/3/capture_3_nothing3a_nothing3a-3-run05-20260810T175015_6.pcap,data/raw/rrc/rrc_3_nothing3a_nothing3a-3-run05-20260810T175015_6.json,2026-08-10T06:56:09.851980+00:00,True,1.152
nothing3a-3-run05-20260810T175015,nothing3a,3,7,data/raw/3/capture_3_nothing3a_nothing3a-3-run05-20260810T175015_7.pcap,data/raw/rrc/rrc_3_nothing3a_nothing3a-3-run05-20260810T175015_7.json,2026-08-10T06:56:20.770275+00:00,True,0.592
nothing3a-3-run05-20260810T175015,nothing3a,3,8,data/raw/3/capture_3_nothing3a_nothing3a-3-run05-20260810T175015_8.pcap,data/raw/rrc/rrc_3_nothing3a_nothing3a-3-run05-20260810T175015_8.json,2026-08-10T06:56:31.561167+00:00,True,1.055
nothing3a-3-run05-20260810T175015,nothing3a,3,9,data/raw/3/capture_3_nothing3a_nothing3a-3-run05-20260810T175015_9.pcap,data/raw/rrc/rrc_3_nothing3a_nothing3a-3-run05-20260810T175015_9.json,2026-08-10T06:56:42.222792+00:00,True,0.612
nothing3a-3-run05-20260810T175015,nothing3a,3,10,data/raw/3/capture_3_nothing3a_nothing3a-3-run05-20260810T175015_10.pcap,data/raw/rrc/rrc_3_nothing3a_nothing3a-3-run05-20260810T175015_10.json,2026-08-10T06:56:53.025752+00:00,True,0.648
nothing3a-3-run05-20260810T175015,nothing3a,3,11,data/raw/3/capture_3_nothing3a_nothing3a-3-run05-20260810T175015_11.pcap,data/raw/rrc/rrc_3_nothing3a_nothing3a-3-run05-20260810T175015_11.json,2026-08-10T06:57:03.902127+00:00,True,0.610
nothing3a-3-run05-20260810T175015,nothing3a,3,12,data/raw/3/capture_3_nothing3a_nothing3a-3-run05-20260810T175015_12.pcap,data/raw/rrc/rrc_3_nothing3a_nothing3a-3-run05-20260810T175015_12.json,2026-08-10T06:57:14.535696+00:00,True,0.617
nothing3a-3-run05-20260810T175015,nothing3a,3,13,data/raw/3/capture_3_nothing3a_nothing3a-3-run05-20260810T175015_13.pcap,data/raw/rrc/rrc_3_nothing3a_nothing3a-3-run05-20260810T175015_13.json,2026-08-10T06:57:25.230256+00:00,True,0.619
nothing3a-3-run05-20260810T175015,nothing3a,3,14,data/raw/3/capture_3_nothing3a_nothing3a-3-run05-20260810T175015_14.pcap,data/raw/rrc/rrc_3_nothing3a_nothing3a-3-run05-20260810T175015_14.json,2026-08-10T06:57:35.824394+00:00,True,0.694
nothing3a-3-run05-20260810T175015,nothing3a,3,15,data/raw/3/capture_3_nothing3a_nothing3a-3-run05-20260810T175015_15.pcap,data/raw/rrc/rrc_3_nothing3a_nothing3a-3-run05-20260810T175015_15.json,2026-08-10T06:57:46.693932+00:00,True,1.779
nothing3a-3-run05-20260810T175015,nothing3a,3,16,data/raw/3/capture_3_nothing3a_nothing3a-3-run05-20260810T175015_16.pcap,data/raw/rrc/rrc_3_nothing3a_nothing3a-3-run05-20260810T175015_16.json,2026-08-10T06:57:57.411694+00:00,True,1.040
nothing3a-3-run05-20260810T175015,nothing3a,3,17,data/raw/3/capture_3_nothing3a_nothing3a-3-run05-20260810T175015_17.pcap,data/raw/rrc/rrc_3_nothing3a_nothing3a-3-run05-20260810T175015_17.json,2026-08-10T06:58:08.280337+00:00,True,0.662
nothing3a-3-run05-20260810T175015,nothing3a,3,18,data/raw/3/capture_3_nothing3a_nothing3a-3-run05-20260810T175015_18.pcap,data/raw/rrc/rrc_3_nothing3a_nothing3a-3-run05-20260810T175015_18.json,2026-08-10T06:58:19.444239+00:00,True,0.601
nothing3a-3-run05-20260810T175015,nothing3a,3,19,data/raw/3/capture_3_nothing3a_nothing3a-3-run05-20260810T175015_19.pcap,data/raw/rrc/rrc_3_nothing3a_nothing3a-3-run05-20260810T175015_19.json,2026-08-10T06:58:30.181152+00:00,True,0.608
nothing3a-3-run05-20260810T175015,nothing3a,3,20,data/raw/3/capture_3_nothing3a_nothing3a-3-run05-20260810T175015_20.pcap,data/raw/rrc/rrc_3_nothing3a_nothing3a-3-run05-20260810T175015_20.json,2026-08-10T06:58:41.411592+00:00,True,0.625
nothing3a-4-run01-20260810T175015,nothing3a,4,1,data/raw/4/capture_4_nothing3a_nothing3a-4-run01-20260810T175015_1.pcap,data/raw/rrc/rrc_4_nothing3a_nothing3a-4-run01-20260810T175015_3.json,2026-08-10T06:59:11.823503+00:00,True,1.184
nothing3a-4-run01-20260810T175015,nothing3a,4,2,data/raw/4/capture_4_nothing3a_nothing3a-4-run01-20260810T175015_2.pcap,data/raw/rrc/rrc_4_nothing3a_nothing3a-4-run01-20260810T175015_4.json,2026-08-10T06:59:22.906568+00:00,True,0.620
nothing3a-4-run01-20260810T175015,nothing3a,4,3,data/raw/4/capture_4_nothing3a_nothing3a-4-run01-20260810T175015_3.pcap,data/raw/rrc/rrc_4_nothing3a_nothing3a-4-run01-20260810T175015_5.json,2026-08-10T06:59:33.710417+00:00,True,0.608
nothing3a-4-run01-20260810T175015,nothing3a,4,4,data/raw/4/capture_4_nothing3a_nothing3a-4-run01-20260810T175015_4.pcap,data/raw/rrc/rrc_4_nothing3a_nothing3a-4-run01-20260810T175015_6.json,2026-08-10T06:59:44.644787+00:00,True,1.064
nothing3a-4-run01-20260810T175015,nothing3a,4,5,data/raw/4/capture_4_nothing3a_nothing3a-4-run01-20260810T175015_5.pcap,data/raw/rrc/rrc_4_nothing3a_nothing3a-4-run01-20260810T175015_7.json,2026-08-10T06:59:55.493716+00:00,True,1.137
nothing3a-4-run01-20260810T175015,nothing3a,4,6,data/raw/4/capture_4_nothing3a_nothing3a-4-run01-20260810T175015_6.pcap,data/raw/rrc/rrc_4_nothing3a_nothing3a-4-run01-20260810T175015_8.json,2026-08-10T07:00:06.259634+00:00,True,1.053
nothing3a-4-run01-20260810T175015,nothing3a,4,7,data/raw/4/capture_4_nothing3a_nothing3a-4-run01-20260810T175015_7.pcap,data/raw/rrc/rrc_4_nothing3a_nothing3a-4-run01-20260810T175015_9.json,2026-08-10T07:00:17.036668+00:00,True,0.611
nothing3a-4-run01-20260810T175015,nothing3a,4,8,data/raw/4/capture_4_nothing3a_nothing3a-4-run01-20260810T175015_8.pcap,data/raw/rrc/rrc_4_nothing3a_nothing3a-4-run01-20260810T175015_10.json,2026-08-10T07:00:27.638001+00:00,True,0.542
nothing3a-4-run01-20260810T175015,nothing3a,4,9,data/raw/4/capture_4_nothing3a_nothing3a-4-run01-20260810T175015_9.pcap,data/raw/rrc/rrc_4_nothing3a_nothing3a-4-run01-20260810T175015_11.json,2026-08-10T07:00:38.461735+00:00,True,1.072
nothing3a-4-run01-20260810T175015,nothing3a,4,10,data/raw/4/capture_4_nothing3a_nothing3a-4-run01-20260810T175015_10.pcap,data/raw/rrc/rrc_4_nothing3a_nothing3a-4-run01-20260810T175015_12.json,2026-08-10T07:00:49.171052+00:00,True,0.614
nothing3a-4-run01-20260810T175015,nothing3a,4,11,data/raw/4/capture_4_nothing3a_nothing3a-4-run01-20260810T175015_11.pcap,data/raw/rrc/rrc_4_nothing3a_nothing3a-4-run01-20260810T175015_13.json,2026-08-10T07:01:00.036561+00:00,True,1.140
nothing3a-4-run01-20260810T175015,nothing3a,4,12,data/raw/4/capture_4_nothing3a_nothing3a-4-run01-20260810T175015_12.pcap,data/raw/rrc/rrc_4_nothing3a_nothing3a-4-run01-20260810T175015_14.json,2026-08-10T07:01:11.123541+00:00,True,1.635
nothing3a-4-run01-20260810T175015,nothing3a,4,13,data/raw/4/capture_4_nothing3a_nothing3a-4-run01-20260810T175015_13.pcap,data/raw/rrc/rrc_4_nothing3a_nothing3a-4-run01-20260810T175015_15.json,2026-08-10T07:01:21.923392+00:00,True,0.618
nothing3a-4-run01-20260810T175015,nothing3a,4,14,data/raw/4/capture_4_nothing3a_nothing3a-4-run01-20260810T175015_14.pcap,data/raw/rrc/rrc_4_nothing3a_nothing3a-4-run01-20260810T175015_16.json,2026-08-10T07:01:32.862231+00:00,True,0.609
nothing3a-4-run01-20260810T175015,nothing3a,4,15,data/raw/4/capture_4_nothing3a_nothing3a-4-run01-20260810T175015_15.pcap,data/raw/rrc/rrc_4_nothing3a_nothing3a-4-run01-20260810T175015_17.json,2026-08-10T07:01:43.702520+00:00,True,1.178
nothing3a-4-run01-20260810T175015,nothing3a,4,16,data/raw/4/capture_4_nothing3a_nothing3a-4-run01-20260810T175015_16.pcap,data/raw/rrc/rrc_4_nothing3a_nothing3a-4-run01-20260810T175015_18.json,2026-08-10T07:01:54.675217+00:00,True,1.110
nothing3a-4-run01-20260810T175015,nothing3a,4,17,data/raw/4/capture_4_nothing3a_nothing3a-4-run01-20260810T175015_17.pcap,data/raw/rrc/rrc_4_nothing3a_nothing3a-4-run01-20260810T175015_19.json,2026-08-10T07:02:05.441897+00:00,True,1.084
nothing3a-4-run01-20260810T175015,nothing3a,4,18,data/raw/4/capture_4_nothing3a_nothing3a-4-run01-20260810T175015_18.pcap,data/raw/rrc/rrc_4_nothing3a_nothing3a-4-run01-20260810T175015_20.json,2026-08-10T07:02:16.393058+00:00,True,0.631
nothing3a-4-run01-20260810T175015,nothing3a,4,19,data/raw/4/capture_4_nothing3a_nothing3a-4-run01-20260810T175015_19.pcap,data/raw/rrc/rrc_4_nothing3a_nothing3a-4-run01-20260810T175015_21.json,2026-08-10T07:02:27.353814+00:00,True,1.175
nothing3a-4-run01-20260810T175015,nothing3a,4,20,data/raw/4/capture_4_nothing3a_nothing3a-4-run01-20260810T175015_20.pcap,data/raw/rrc/rrc_4_nothing3a_nothing3a-4-run01-20260810T175015_22.json,2026-08-10T07:02:38.112749+00:00,True,1.184
nothing3a-4-run02-20260810T175015,nothing3a,4,1,data/raw/4/capture_4_nothing3a_nothing3a-4-run02-20260810T175015_1.pcap,data/raw/rrc/rrc_4_nothing3a_nothing3a-4-run02-20260810T175015_1.json,2026-08-10T07:02:49.030349+00:00,True,0.963
nothing3a-4-run02-20260810T175015,nothing3a,4,2,data/raw/4/capture_4_nothing3a_nothing3a-4-run02-20260810T175015_2.pcap,data/raw/rrc/rrc_4_nothing3a_nothing3a-4-run02-20260810T175015_2.json,2026-08-10T07:02:59.768905+00:00,True,0.624
nothing3a-4-run02-20260810T175015,nothing3a,4,3,data/raw/4/capture_4_nothing3a_nothing3a-4-run02-20260810T175015_3.pcap,data/raw/rrc/rrc_4_nothing3a_nothing3a-4-run02-20260810T175015_3.json,2026-08-10T07:03:10.999701+00:00,True,1.786
nothing3a-4-run02-20260810T175015,nothing3a,4,4,data/raw/4/capture_4_nothing3a_nothing3a-4-run02-20260810T175015_4.pcap,data/raw/rrc/rrc_4_nothing3a_nothing3a-4-run02-20260810T175015_4.json,2026-08-10T07:03:21.994237+00:00,True,0.579
nothing3a-4-run02-20260810T175015,nothing3a,4,5,data/raw/4/capture_4_nothing3a_nothing3a-4-run02-20260810T175015_5.pcap,data/raw/rrc/rrc_4_nothing3a_nothing3a-4-run02-20260810T175015_5.json,2026-08-10T07:03:33.043492+00:00,True,0.619
nothing3a-4-run02-20260810T175015,nothing3a,4,6,data/raw/4/capture_4_nothing3a_nothing3a-4-run02-20260810T175015_6.pcap,data/raw/rrc/rrc_4_nothing3a_nothing3a-4-run02-20260810T175015_6.json,2026-08-10T07:03:43.975142+00:00,True,0.643
nothing3a-4-run02-20260810T175015,nothing3a,4,7,data/raw/4/capture_4_nothing3a_nothing3a-4-run02-20260810T175015_7.pcap,data/raw/rrc/rrc_4_nothing3a_nothing3a-4-run02-20260810T175015_7.json,2026-08-10T07:03:54.962249+00:00,True,0.612
nothing3a-4-run02-20260810T175015,nothing3a,4,8,data/raw/4/capture_4_nothing3a_nothing3a-4-run02-20260810T175015_8.pcap,data/raw/rrc/rrc_4_nothing3a_nothing3a-4-run02-20260810T175015_8.json,2026-08-10T07:04:05.814828+00:00,True,0.590
nothing3a-4-run02-20260810T175015,nothing3a,4,9,data/raw/4/capture_4_nothing3a_nothing3a-4-run02-20260810T175015_9.pcap,data/raw/rrc/rrc_4_nothing3a_nothing3a-4-run02-20260810T175015_9.json,2026-08-10T07:04:16.708572+00:00,True,0.829
nothing3a-4-run02-20260810T175015,nothing3a,4,10,data/raw/4/capture_4_nothing3a_nothing3a-4-run02-20260810T175015_10.pcap,data/raw/rrc/rrc_4_nothing3a_nothing3a-4-run02-20260810T175015_10.json,2026-08-10T07:04:27.514792+00:00,True,0.611
nothing3a-4-run02-20260810T175015,nothing3a,4,11,data/raw/4/capture_4_nothing3a_nothing3a-4-run02-20260810T175015_11.pcap,data/raw/rrc/rrc_4_nothing3a_nothing3a-4-run02-20260810T175015_11.json,2026-08-10T07:04:38.681482+00:00,True,0.679
nothing3a-4-run02-20260810T175015,nothing3a,4,12,data/raw/4/capture_4_nothing3a_nothing3a-4-run02-20260810T175015_12.pcap,data/raw/rrc/rrc_4_nothing3a_nothing3a-4-run02-20260810T175015_12.json,2026-08-10T07:04:49.814286+00:00,True,0.660
nothing3a-4-run02-20260810T175015,nothing3a,4,13,data/raw/4/capture_4_nothing3a_nothing3a-4-run02-20260810T175015_13.pcap,data/raw/rrc/rrc_4_nothing3a_nothing3a-4-run02-20260810T175015_13.json,2026-08-10T07:05:01.022037+00:00,True,0.601
nothing3a-4-run02-20260810T175015,nothing3a,4,14,data/raw/4/capture_4_nothing3a_nothing3a-4-run02-20260810T175015_14.pcap,data/raw/rrc/rrc_4_nothing3a_nothing3a-4-run02-20260810T175015_14.json,2026-08-10T07:05:12.602974+00:00,True,0.661
nothing3a-4-run02-20260810T175015,nothing3a,4,15,data/raw/4/capture_4_nothing3a_nothing3a-4-run02-20260810T175015_15.pcap,data/raw/rrc/rrc_4_nothing3a_nothing3a-4-run02-20260810T175015_15.json,2026-08-10T07:05:23.789568+00:00,True,0.622
nothing3a-4-run02-20260810T175015,nothing3a,4,16,data/raw/4/capture_4_nothing3a_nothing3a-4-run02-20260810T175015_16.pcap,data/raw/rrc/rrc_4_nothing3a_nothing3a-4-run02-20260810T175015_16.json,2026-08-10T07:05:34.968066+00:00,True,0.663
nothing3a-4-run02-20260810T175015,nothing3a,4,17,data/raw/4/capture_4_nothing3a_nothing3a-4-run02-20260810T175015_17.pcap,data/raw/rrc/rrc_4_nothing3a_nothing3a-4-run02-20260810T175015_18.json,2026-08-10T07:05:45.754679+00:00,True,0.634
nothing3a-4-run02-20260810T175015,nothing3a,4,18,data/raw/4/capture_4_nothing3a_nothing3a-4-run02-20260810T175015_18.pcap,data/raw/rrc/rrc_4_nothing3a_nothing3a-4-run02-20260810T175015_19.json,2026-08-10T07:05:57.125175+00:00,True,0.912
nothing3a-4-run02-20260810T175015,nothing3a,4,19,data/raw/4/capture_4_nothing3a_nothing3a-4-run02-20260810T175015_19.pcap,data/raw/rrc/rrc_4_nothing3a_nothing3a-4-run02-20260810T175015_20.json,2026-08-10T07:06:08.166296+00:00,True,0.633
nothing3a-4-run02-20260810T175015,nothing3a,4,20,data/raw/4/capture_4_nothing3a_nothing3a-4-run02-20260810T175015_20.pcap,data/raw/rrc/rrc_4_nothing3a_nothing3a-4-run02-20260810T175015_21.json,2026-08-10T07:06:19.085334+00:00,True,0.688
nothing3a-4-run03-20260810T175015,nothing3a,4,1,data/raw/4/capture_4_nothing3a_nothing3a-4-run03-20260810T175015_1.pcap,data/raw/rrc/rrc_4_nothing3a_nothing3a-4-run03-20260810T175015_1.json,2026-08-10T07:06:29.970127+00:00,True,0.621
nothing3a-4-run03-20260810T175015,nothing3a,4,2,data/raw/4/capture_4_nothing3a_nothing3a-4-run03-20260810T175015_2.pcap,data/raw/rrc/rrc_4_nothing3a_nothing3a-4-run03-20260810T175015_2.json,2026-08-10T07:06:41.199581+00:00,True,0.615
nothing3a-4-run03-20260810T175015,nothing3a,4,3,data/raw/4/capture_4_nothing3a_nothing3a-4-run03-20260810T175015_3.pcap,data/raw/rrc/rrc_4_nothing3a_nothing3a-4-run03-20260810T175015_3.json,2026-08-10T07:06:52.403014+00:00,True,0.602
nothing3a-4-run03-20260810T175015,nothing3a,4,4,data/raw/4/capture_4_nothing3a_nothing3a-4-run03-20260810T175015_4.pcap,data/raw/rrc/rrc_4_nothing3a_nothing3a-4-run03-20260810T175015_4.json,2026-08-10T07:07:03.415149+00:00,True,1.021
nothing3a-4-run03-20260810T175015,nothing3a,4,5,data/raw/4/capture_4_nothing3a_nothing3a-4-run03-20260810T175015_5.pcap,data/raw/rrc/rrc_4_nothing3a_nothing3a-4-run03-20260810T175015_5.json,2026-08-10T07:07:14.322059+00:00,True,0.635
nothing3a-4-run03-20260810T175015,nothing3a,4,6,data/raw/4/capture_4_nothing3a_nothing3a-4-run03-20260810T175015_6.pcap,data/raw/rrc/rrc_4_nothing3a_nothing3a-4-run03-20260810T175015_6.json,2026-08-10T07:07:25.345860+00:00,True,0.639
nothing3a-4-run03-20260810T175015,nothing3a,4,7,data/raw/4/capture_4_nothing3a_nothing3a-4-run03-20260810T175015_7.pcap,data/raw/rrc/rrc_4_nothing3a_nothing3a-4-run03-20260810T175015_7.json,2026-08-10T07:07:36.235397+00:00,True,0.601
nothing3a-4-run03-20260810T175015,nothing3a,4,8,data/raw/4/capture_4_nothing3a_nothing3a-4-run03-20260810T175015_8.pcap,data/raw/rrc/rrc_4_nothing3a_nothing3a-4-run03-20260810T175015_8.json,2026-08-10T07:07:47.213449+00:00,True,1.170
nothing3a-4-run03-20260810T175015,nothing3a,4,9,data/raw/4/capture_4_nothing3a_nothing3a-4-run03-20260810T175015_9.pcap,data/raw/rrc/rrc_4_nothing3a_nothing3a-4-run03-20260810T175015_9.json,2026-08-10T07:07:58.318284+00:00,True,0.631
nothing3a-4-run03-20260810T175015,nothing3a,4,10,data/raw/4/capture_4_nothing3a_nothing3a-4-run03-20260810T175015_10.pcap,data/raw/rrc/rrc_4_nothing3a_nothing3a-4-run03-20260810T175015_10.json,2026-08-10T07:08:09.378092+00:00,True,0.607
nothing3a-4-run03-20260810T175015,nothing3a,4,11,data/raw/4/capture_4_nothing3a_nothing3a-4-run03-20260810T175015_11.pcap,data/raw/rrc/rrc_4_nothing3a_nothing3a-4-run03-20260810T175015_11.json,2026-08-10T07:08:20.368603+00:00,True,0.605
nothing3a-4-run03-20260810T175015,nothing3a,4,12,data/raw/4/capture_4_nothing3a_nothing3a-4-run03-20260810T175015_12.pcap,data/raw/rrc/rrc_4_nothing3a_nothing3a-4-run03-20260810T175015_12.json,2026-08-10T07:08:31.918569+00:00,True,0.623
nothing3a-4-run03-20260810T175015,nothing3a,4,13,data/raw/4/capture_4_nothing3a_nothing3a-4-run03-20260810T175015_13.pcap,data/raw/rrc/rrc_4_nothing3a_nothing3a-4-run03-20260810T175015_13.json,2026-08-10T07:08:42.807433+00:00,True,0.770
nothing3a-4-run03-20260810T175015,nothing3a,4,14,data/raw/4/capture_4_nothing3a_nothing3a-4-run03-20260810T175015_14.pcap,data/raw/rrc/rrc_4_nothing3a_nothing3a-4-run03-20260810T175015_14.json,2026-08-10T07:08:53.854956+00:00,True,0.602
nothing3a-4-run03-20260810T175015,nothing3a,4,15,data/raw/4/capture_4_nothing3a_nothing3a-4-run03-20260810T175015_15.pcap,data/raw/rrc/rrc_4_nothing3a_nothing3a-4-run03-20260810T175015_15.json,2026-08-10T07:09:04.828108+00:00,True,0.606
nothing3a-4-run03-20260810T175015,nothing3a,4,16,data/raw/4/capture_4_nothing3a_nothing3a-4-run03-20260810T175015_16.pcap,data/raw/rrc/rrc_4_nothing3a_nothing3a-4-run03-20260810T175015_16.json,2026-08-10T07:09:15.753728+00:00,True,0.583
nothing3a-4-run03-20260810T175015,nothing3a,4,17,data/raw/4/capture_4_nothing3a_nothing3a-4-run03-20260810T175015_17.pcap,data/raw/rrc/rrc_4_nothing3a_nothing3a-4-run03-20260810T175015_17.json,2026-08-10T07:09:26.782418+00:00,True,0.637
nothing3a-4-run03-20260810T175015,nothing3a,4,18,data/raw/4/capture_4_nothing3a_nothing3a-4-run03-20260810T175015_18.pcap,data/raw/rrc/rrc_4_nothing3a_nothing3a-4-run03-20260810T175015_18.json,2026-08-10T07:09:38.030458+00:00,True,0.619
nothing3a-4-run03-20260810T175015,nothing3a,4,19,data/raw/4/capture_4_nothing3a_nothing3a-4-run03-20260810T175015_19.pcap,data/raw/rrc/rrc_4_nothing3a_nothing3a-4-run03-20260810T175015_19.json,2026-08-10T07:09:48.978074+00:00,True,0.623
nothing3a-4-run03-20260810T175015,nothing3a,4,20,data/raw/4/capture_4_nothing3a_nothing3a-4-run03-20260810T175015_20.pcap,data/raw/rrc/rrc_4_nothing3a_nothing3a-4-run03-20260810T175015_20.json,2026-08-10T07:10:00.164985+00:00,True,0.965
nothing3a-4-run04-20260810T175015,nothing3a,4,1,data/raw/4/capture_4_nothing3a_nothing3a-4-run04-20260810T175015_1.pcap,data/raw/rrc/rrc_4_nothing3a_nothing3a-4-run04-20260810T175015_1.json,2026-08-10T07:10:11.061945+00:00,True,0.631
nothing3a-4-run04-20260810T175015,nothing3a,4,2,data/raw/4/capture_4_nothing3a_nothing3a-4-run04-20260810T175015_2.pcap,data/raw/rrc/rrc_4_nothing3a_nothing3a-4-run04-20260810T175015_2.json,2026-08-10T07:10:22.149342+00:00,True,0.621
nothing3a-4-run04-20260810T175015,nothing3a,4,3,data/raw/4/capture_4_nothing3a_nothing3a-4-run04-20260810T175015_3.pcap,data/raw/rrc/rrc_4_nothing3a_nothing3a-4-run04-20260810T175015_3.json,2026-08-10T07:10:33.201862+00:00,True,0.629
nothing3a-4-run04-20260810T175015,nothing3a,4,4,data/raw/4/capture_4_nothing3a_nothing3a-4-run04-20260810T175015_4.pcap,data/raw/rrc/rrc_4_nothing3a_nothing3a-4-run04-20260810T175015_4.json,2026-08-10T07:10:44.148309+00:00,True,1.144
nothing3a-4-run04-20260810T175015,nothing3a,4,5,data/raw/4/capture_4_nothing3a_nothing3a-4-run04-20260810T175015_5.pcap,data/raw/rrc/rrc_4_nothing3a_nothing3a-4-run04-20260810T175015_5.json,2026-08-10T07:10:55.205982+00:00,True,0.649
nothing3a-4-run04-20260810T175015,nothing3a,4,6,data/raw/4/capture_4_nothing3a_nothing3a-4-run04-20260810T175015_6.pcap,data/raw/rrc/rrc_4_nothing3a_nothing3a-4-run04-20260810T175015_6.json,2026-08-10T07:11:06.344657+00:00,True,0.638
nothing3a-4-run04-20260810T175015,nothing3a,4,7,data/raw/4/capture_4_nothing3a_nothing3a-4-run04-20260810T175015_7.pcap,data/raw/rrc/rrc_4_nothing3a_nothing3a-4-run04-20260810T175015_7.json,2026-08-10T07:11:17.283887+00:00,True,0.608
nothing3a-4-run04-20260810T175015,nothing3a,4,8,data/raw/4/capture_4_nothing3a_nothing3a-4-run04-20260810T175015_8.pcap,data/raw/rrc/rrc_4_nothing3a_nothing3a-4-run04-20260810T175015_8.json,2026-08-10T07:11:28.407310+00:00,True,0.651
nothing3a-4-run04-20260810T175015,nothing3a,4,9,data/raw/4/capture_4_nothing3a_nothing3a-4-run04-20260810T175015_9.pcap,data/raw/rrc/rrc_4_nothing3a_nothing3a-4-run04-20260810T175015_9.json,2026-08-10T07:11:39.394265+00:00,True,1.808
nothing3a-4-run04-20260810T175015,nothing3a,4,10,data/raw/4/capture_4_nothing3a_nothing3a-4-run04-20260810T175015_10.pcap,data/raw/rrc/rrc_4_nothing3a_nothing3a-4-run04-20260810T175015_10.json,2026-08-10T07:11:50.363699+00:00,True,1.131
nothing3a-4-run04-20260810T175015,nothing3a,4,11,data/raw/4/capture_4_nothing3a_nothing3a-4-run04-20260810T175015_11.pcap,data/raw/rrc/rrc_4_nothing3a_nothing3a-4-run04-20260810T175015_11.json,2026-08-10T07:12:01.733187+00:00,True,0.621
nothing3a-4-run04-20260810T175015,nothing3a,4,12,data/raw/4/capture_4_nothing3a_nothing3a-4-run04-20260810T175015_12.pcap,data/raw/rrc/rrc_4_nothing3a_nothing3a-4-run04-20260810T175015_12.json,2026-08-10T07:12:12.803956+00:00,True,0.653
nothing3a-4-run04-20260810T175015,nothing3a,4,13,data/raw/4/capture_4_nothing3a_nothing3a-4-run04-20260810T175015_13.pcap,data/raw/rrc/rrc_4_nothing3a_nothing3a-4-run04-20260810T175015_13.json,2026-08-10T07:12:23.761307+00:00,True,0.583
nothing3a-4-run04-20260810T175015,nothing3a,4,14,data/raw/4/capture_4_nothing3a_nothing3a-4-run04-20260810T175015_14.pcap,data/raw/rrc/rrc_4_nothing3a_nothing3a-4-run04-20260810T175015_14.json,2026-08-10T07:12:34.807000+00:00,True,0.639
nothing3a-4-run04-20260810T175015,nothing3a,4,15,data/raw/4/capture_4_nothing3a_nothing3a-4-run04-20260810T175015_15.pcap,data/raw/rrc/rrc_4_nothing3a_nothing3a-4-run04-20260810T175015_15.json,2026-08-10T07:12:45.689812+00:00,True,0.629
nothing3a-4-run04-20260810T175015,nothing3a,4,16,data/raw/4/capture_4_nothing3a_nothing3a-4-run04-20260810T175015_16.pcap,data/raw/rrc/rrc_4_nothing3a_nothing3a-4-run04-20260810T175015_16.json,2026-08-10T07:12:56.756742+00:00,True,0.698
nothing3a-4-run04-20260810T175015,nothing3a,4,17,data/raw/4/capture_4_nothing3a_nothing3a-4-run04-20260810T175015_17.pcap,data/raw/rrc/rrc_4_nothing3a_nothing3a-4-run04-20260810T175015_17.json,2026-08-10T07:13:07.868212+00:00,True,1.082
nothing3a-4-run04-20260810T175015,nothing3a,4,18,data/raw/4/capture_4_nothing3a_nothing3a-4-run04-20260810T175015_18.pcap,data/raw/rrc/rrc_4_nothing3a_nothing3a-4-run04-20260810T175015_18.json,2026-08-10T07:13:18.734037+00:00,True,1.300
nothing3a-4-run04-20260810T175015,nothing3a,4,19,data/raw/4/capture_4_nothing3a_nothing3a-4-run04-20260810T175015_19.pcap,data/raw/rrc/rrc_4_nothing3a_nothing3a-4-run04-20260810T175015_19.json,2026-08-10T07:13:29.646637+00:00,True,1.072
nothing3a-4-run04-20260810T175015,nothing3a,4,20,data/raw/4/capture_4_nothing3a_nothing3a-4-run04-20260810T175015_20.pcap,data/raw/rrc/rrc_4_nothing3a_nothing3a-4-run04-20260810T175015_20.json,2026-08-10T07:13:40.640156+00:00,True,1.196
nothing3a-4-run05-20260810T175015,nothing3a,4,1,data/raw/4/capture_4_nothing3a_nothing3a-4-run05-20260810T175015_1.pcap,data/raw/rrc/rrc_4_nothing3a_nothing3a-4-run05-20260810T175015_1.json,2026-08-10T07:13:51.765075+00:00,True,0.614
nothing3a-4-run05-20260810T175015,nothing3a,4,2,data/raw/4/capture_4_nothing3a_nothing3a-4-run05-20260810T175015_2.pcap,data/raw/rrc/rrc_4_nothing3a_nothing3a-4-run05-20260810T175015_2.json,2026-08-10T07:14:02.869359+00:00,True,0.621
nothing3a-4-run05-20260810T175015,nothing3a,4,3,data/raw/4/capture_4_nothing3a_nothing3a-4-run05-20260810T175015_3.pcap,data/raw/rrc/rrc_4_nothing3a_nothing3a-4-run05-20260810T175015_3.json,2026-08-10T07:14:14.005797+00:00,True,0.658
nothing3a-4-run05-20260810T175015,nothing3a,4,4,data/raw/4/capture_4_nothing3a_nothing3a-4-run05-20260810T175015_4.pcap,data/raw/rrc/rrc_4_nothing3a_nothing3a-4-run05-20260810T175015_4.json,2026-08-10T07:14:25.576271+00:00,True,0.585
nothing3a-4-run05-20260810T175015,nothing3a,4,5,data/raw/4/capture_4_nothing3a_nothing3a-4-run05-20260810T175015_5.pcap,data/raw/rrc/rrc_4_nothing3a_nothing3a-4-run05-20260810T175015_5.json,2026-08-10T07:14:36.918651+00:00,True,0.598
nothing3a-4-run05-20260810T175015,nothing3a,4,6,data/raw/4/capture_4_nothing3a_nothing3a-4-run05-20260810T175015_6.pcap,data/raw/rrc/rrc_4_nothing3a_nothing3a-4-run05-20260810T175015_6.json,2026-08-10T07:14:48.060171+00:00,True,0.639
nothing3a-4-run05-20260810T175015,nothing3a,4,7,data/raw/4/capture_4_nothing3a_nothing3a-4-run05-20260810T175015_7.pcap,data/raw/rrc/rrc_4_nothing3a_nothing3a-4-run05-20260810T175015_7.json,2026-08-10T07:14:59.166943+00:00,True,0.664
nothing3a-4-run05-20260810T175015,nothing3a,4,8,data/raw/4/capture_4_nothing3a_nothing3a-4-run05-20260810T175015_8.pcap,data/raw/rrc/rrc_4_nothing3a_nothing3a-4-run05-20260810T175015_8.json,2026-08-10T07:15:10.610289+00:00,True,0.656
nothing3a-4-run05-20260810T175015,nothing3a,4,9,data/raw/4/capture_4_nothing3a_nothing3a-4-run05-20260810T175015_9.pcap,data/raw/rrc/rrc_4_nothing3a_nothing3a-4-run05-20260810T175015_9.json,2026-08-10T07:15:21.662154+00:00,True,0.640
nothing3a-4-run05-20260810T175015,nothing3a,4,10,data/raw/4/capture_4_nothing3a_nothing3a-4-run05-20260810T175015_10.pcap,data/raw/rrc/rrc_4_nothing3a_nothing3a-4-run05-20260810T175015_10.json,2026-08-10T07:15:32.982992+00:00,True,0.640
nothing3a-4-run05-20260810T175015,nothing3a,4,11,data/raw/4/capture_4_nothing3a_nothing3a-4-run05-20260810T175015_11.pcap,data/raw/rrc/rrc_4_nothing3a_nothing3a-4-run05-20260810T175015_11.json,2026-08-10T07:15:44.465443+00:00,True,0.667
nothing3a-4-run05-20260810T175015,nothing3a,4,12,data/raw/4/capture_4_nothing3a_nothing3a-4-run05-20260810T175015_12.pcap,data/raw/rrc/rrc_4_nothing3a_nothing3a-4-run05-20260810T175015_12.json,2026-08-10T07:15:55.631473+00:00,True,1.685
nothing3a-4-run05-20260810T175015,nothing3a,4,13,data/raw/4/capture_4_nothing3a_nothing3a-4-run05-20260810T175015_13.pcap,data/raw/rrc/rrc_4_nothing3a_nothing3a-4-run05-20260810T175015_13.json,2026-08-10T07:16:06.686062+00:00,True,1.016
nothing3a-4-run05-20260810T175015,nothing3a,4,14,data/raw/4/capture_4_nothing3a_nothing3a-4-run05-20260810T175015_14.pcap,data/raw/rrc/rrc_4_nothing3a_nothing3a-4-run05-20260810T175015_14.json,2026-08-10T07:16:17.848375+00:00,True,1.038
nothing3a-4-run05-20260810T175015,nothing3a,4,15,data/raw/4/capture_4_nothing3a_nothing3a-4-run05-20260810T175015_15.pcap,data/raw/rrc/rrc_4_nothing3a_nothing3a-4-run05-20260810T175015_15.json,2026-08-10T07:16:29.179269+00:00,True,0.699
nothing3a-4-run05-20260810T175015,nothing3a,4,16,data/raw/4/capture_4_nothing3a_nothing3a-4-run05-20260810T175015_16.pcap,data/raw/rrc/rrc_4_nothing3a_nothing3a-4-run05-20260810T175015_16.json,2026-08-10T07:16:40.262624+00:00,True,1.062
nothing3a-4-run05-20260810T175015,nothing3a,4,17,data/raw/4/capture_4_nothing3a_nothing3a-4-run05-20260810T175015_17.pcap,data/raw/rrc/rrc_4_nothing3a_nothing3a-4-run05-20260810T175015_17.json,2026-08-10T07:16:51.588415+00:00,True,0.602
nothing3a-4-run05-20260810T175015,nothing3a,4,18,data/raw/4/capture_4_nothing3a_nothing3a-4-run05-20260810T175015_18.pcap,data/raw/rrc/rrc_4_nothing3a_nothing3a-4-run05-20260810T175015_18.json,2026-08-10T07:17:03.001304+00:00,True,0.617
nothing3a-4-run05-20260810T175015,nothing3a,4,19,data/raw/4/capture_4_nothing3a_nothing3a-4-run05-20260810T175015_19.pcap,data/raw/rrc/rrc_4_nothing3a_nothing3a-4-run05-20260810T175015_19.json,2026-08-10T07:17:14.360702+00:00,True,0.669
nothing3a-4-run05-20260810T175015,nothing3a,4,20,data/raw/4/capture_4_nothing3a_nothing3a-4-run05-20260810T175015_20.pcap,data/raw/rrc/rrc_4_nothing3a_nothing3a-4-run05-20260810T175015_20.json,2026-08-10T07:17:25.529913+00:00,True,0.689
nothing3a-5-run01-20260810T175015,nothing3a,5,1,data/raw/5/capture_5_nothing3a_nothing3a-5-run01-20260810T175015_1.pcap,data/raw/rrc/rrc_5_nothing3a_nothing3a-5-run01-20260810T175015_2.json,2026-08-10T07:17:47.881483+00:00,True,0.745
nothing3a-5-run01-20260810T175015,nothing3a,5,2,data/raw/5/capture_5_nothing3a_nothing3a-5-run01-20260810T175015_2.pcap,data/raw/rrc/rrc_5_nothing3a_nothing3a-5-run01-20260810T175015_3.json,2026-08-10T07:17:59.001065+00:00,True,0.616
nothing3a-5-run01-20260810T175015,nothing3a,5,3,data/raw/5/capture_5_nothing3a_nothing3a-5-run01-20260810T175015_3.pcap,data/raw/rrc/rrc_5_nothing3a_nothing3a-5-run01-20260810T175015_4.json,2026-08-10T07:18:10.122945+00:00,True,0.609
nothing3a-5-run01-20260810T175015,nothing3a,5,4,data/raw/5/capture_5_nothing3a_nothing3a-5-run01-20260810T175015_4.pcap,data/raw/rrc/rrc_5_nothing3a_nothing3a-5-run01-20260810T175015_5.json,2026-08-10T07:18:21.168723+00:00,True,0.592
nothing3a-5-run01-20260810T175015,nothing3a,5,5,data/raw/5/capture_5_nothing3a_nothing3a-5-run01-20260810T175015_5.pcap,data/raw/rrc/rrc_5_nothing3a_nothing3a-5-run01-20260810T175015_6.json,2026-08-10T07:18:32.035090+00:00,True,0.619
nothing3a-5-run01-20260810T175015,nothing3a,5,6,data/raw/5/capture_5_nothing3a_nothing3a-5-run01-20260810T175015_6.pcap,data/raw/rrc/rrc_5_nothing3a_nothing3a-5-run01-20260810T175015_7.json,2026-08-10T07:18:42.995909+00:00,True,1.340
nothing3a-5-run01-20260810T175015,nothing3a,5,7,data/raw/5/capture_5_nothing3a_nothing3a-5-run01-20260810T175015_7.pcap,data/raw/rrc/rrc_5_nothing3a_nothing3a-5-run01-20260810T175015_8.json,2026-08-10T07:18:54.139418+00:00,True,1.797
nothing3a-5-run01-20260810T175015,nothing3a,5,8,data/raw/5/capture_5_nothing3a_nothing3a-5-run01-20260810T175015_8.pcap,data/raw/rrc/rrc_5_nothing3a_nothing3a-5-run01-20260810T175015_9.json,2026-08-10T07:19:05.328275+00:00,True,0.632
nothing3a-5-run01-20260810T175015,nothing3a,5,9,data/raw/5/capture_5_nothing3a_nothing3a-5-run01-20260810T175015_9.pcap,data/raw/rrc/rrc_5_nothing3a_nothing3a-5-run01-20260810T175015_10.json,2026-08-10T07:19:16.388890+00:00,True,0.663
nothing3a-5-run01-20260810T175015,nothing3a,5,10,data/raw/5/capture_5_nothing3a_nothing3a-5-run01-20260810T175015_10.pcap,data/raw/rrc/rrc_5_nothing3a_nothing3a-5-run01-20260810T175015_11.json,2026-08-10T07:19:27.597384+00:00,True,0.660
nothing3a-5-run01-20260810T175015,nothing3a,5,11,data/raw/5/capture_5_nothing3a_nothing3a-5-run01-20260810T175015_11.pcap,data/raw/rrc/rrc_5_nothing3a_nothing3a-5-run01-20260810T175015_12.json,2026-08-10T07:19:39.143178+00:00,True,0.670
nothing3a-5-run01-20260810T175015,nothing3a,5,12,data/raw/5/capture_5_nothing3a_nothing3a-5-run01-20260810T175015_12.pcap,data/raw/rrc/rrc_5_nothing3a_nothing3a-5-run01-20260810T175015_13.json,2026-08-10T07:19:50.831873+00:00,True,1.062
nothing3a-5-run01-20260810T175015,nothing3a,5,13,data/raw/5/capture_5_nothing3a_nothing3a-5-run01-20260810T175015_13.pcap,data/raw/rrc/rrc_5_nothing3a_nothing3a-5-run01-20260810T175015_14.json,2026-08-10T07:20:02.314180+00:00,True,0.679
nothing3a-5-run01-20260810T175015,nothing3a,5,14,data/raw/5/capture_5_nothing3a_nothing3a-5-run01-20260810T175015_14.pcap,data/raw/rrc/rrc_5_nothing3a_nothing3a-5-run01-20260810T175015_15.json,2026-08-10T07:20:13.697119+00:00,True,0.676
nothing3a-5-run01-20260810T175015,nothing3a,5,15,data/raw/5/capture_5_nothing3a_nothing3a-5-run01-20260810T175015_15.pcap,data/raw/rrc/rrc_5_nothing3a_nothing3a-5-run01-20260810T175015_16.json,2026-08-10T07:20:25.017981+00:00,True,0.674
nothing3a-5-run01-20260810T175015,nothing3a,5,16,data/raw/5/capture_5_nothing3a_nothing3a-5-run01-20260810T175015_16.pcap,data/raw/rrc/rrc_5_nothing3a_nothing3a-5-run01-20260810T175015_17.json,2026-08-10T07:20:36.267144+00:00,True,0.887
nothing3a-5-run01-20260810T175015,nothing3a,5,17,data/raw/5/capture_5_nothing3a_nothing3a-5-run01-20260810T175015_17.pcap,data/raw/rrc/rrc_5_nothing3a_nothing3a-5-run01-20260810T175015_18.json,2026-08-10T07:20:47.964977+00:00,True,1.143
nothing3a-5-run01-20260810T175015,nothing3a,5,18,data/raw/5/capture_5_nothing3a_nothing3a-5-run01-20260810T175015_18.pcap,data/raw/rrc/rrc_5_nothing3a_nothing3a-5-run01-20260810T175015_19.json,2026-08-10T07:20:58.990198+00:00,True,0.645
nothing3a-5-run01-20260810T175015,nothing3a,5,19,data/raw/5/capture_5_nothing3a_nothing3a-5-run01-20260810T175015_19.pcap,data/raw/rrc/rrc_5_nothing3a_nothing3a-5-run01-20260810T175015_20.json,2026-08-10T07:21:10.402042+00:00,True,0.581
nothing3a-5-run01-20260810T175015,nothing3a,5,20,data/raw/5/capture_5_nothing3a_nothing3a-5-run01-20260810T175015_20.pcap,data/raw/rrc/rrc_5_nothing3a_nothing3a-5-run01-20260810T175015_21.json,2026-08-10T07:21:21.620694+00:00,True,0.687
nothing3a-5-run02-20260810T175015,nothing3a,5,1,data/raw/5/capture_5_nothing3a_nothing3a-5-run02-20260810T175015_1.pcap,data/raw/rrc/rrc_5_nothing3a_nothing3a-5-run02-20260810T175015_1.json,2026-08-10T07:21:32.857134+00:00,True,0.635
nothing3a-5-run02-20260810T175015,nothing3a,5,2,data/raw/5/capture_5_nothing3a_nothing3a-5-run02-20260810T175015_2.pcap,data/raw/rrc/rrc_5_nothing3a_nothing3a-5-run02-20260810T175015_2.json,2026-08-10T07:21:44.129765+00:00,True,0.879
nothing3a-5-run02-20260810T175015,nothing3a,5,3,data/raw/5/capture_5_nothing3a_nothing3a-5-run02-20260810T175015_3.pcap,data/raw/rrc/rrc_5_nothing3a_nothing3a-5-run02-20260810T175015_3.json,2026-08-10T07:21:55.277288+00:00,True,0.779
nothing3a-5-run02-20260810T175015,nothing3a,5,4,data/raw/5/capture_5_nothing3a_nothing3a-5-run02-20260810T175015_4.pcap,data/raw/rrc/rrc_5_nothing3a_nothing3a-5-run02-20260810T175015_4.json,2026-08-10T07:22:06.842788+00:00,True,1.501
nothing3a-5-run02-20260810T175015,nothing3a,5,5,data/raw/5/capture_5_nothing3a_nothing3a-5-run02-20260810T175015_5.pcap,data/raw/rrc/rrc_5_nothing3a_nothing3a-5-run02-20260810T175015_5.json,2026-08-10T07:22:18.003313+00:00,True,0.674
nothing3a-5-run02-20260810T175015,nothing3a,5,6,data/raw/5/capture_5_nothing3a_nothing3a-5-run02-20260810T175015_6.pcap,data/raw/rrc/rrc_5_nothing3a_nothing3a-5-run02-20260810T175015_6.json,2026-08-10T07:22:29.186108+00:00,True,0.643
nothing3a-5-run02-20260810T175015,nothing3a,5,7,data/raw/5/capture_5_nothing3a_nothing3a-5-run02-20260810T175015_7.pcap,data/raw/rrc/rrc_5_nothing3a_nothing3a-5-run02-20260810T175015_7.json,2026-08-10T07:22:40.453496+00:00,True,1.195
nothing3a-5-run02-20260810T175015,nothing3a,5,8,data/raw/5/capture_5_nothing3a_nothing3a-5-run02-20260810T175015_8.pcap,data/raw/rrc/rrc_5_nothing3a_nothing3a-5-run02-20260810T175015_9.json,2026-08-10T07:22:51.610558+00:00,True,1.852
nothing3a-5-run02-20260810T175015,nothing3a,5,9,data/raw/5/capture_5_nothing3a_nothing3a-5-run02-20260810T175015_9.pcap,data/raw/rrc/rrc_5_nothing3a_nothing3a-5-run02-20260810T175015_10.json,2026-08-10T07:23:02.879654+00:00,True,0.642
nothing3a-5-run02-20260810T175015,nothing3a,5,10,data/raw/5/capture_5_nothing3a_nothing3a-5-run02-20260810T175015_10.pcap,data/raw/rrc/rrc_5_nothing3a_nothing3a-5-run02-20260810T175015_11.json,2026-08-10T07:23:14.171752+00:00,True,1.158
nothing3a-5-run02-20260810T175015,nothing3a,5,11,data/raw/5/capture_5_nothing3a_nothing3a-5-run02-20260810T175015_11.pcap,data/raw/rrc/rrc_5_nothing3a_nothing3a-5-run02-20260810T175015_12.json,2026-08-10T07:23:25.740563+00:00,True,1.147
nothing3a-5-run02-20260810T175015,nothing3a,5,12,data/raw/5/capture_5_nothing3a_nothing3a-5-run02-20260810T175015_12.pcap,data/raw/rrc/rrc_5_nothing3a_nothing3a-5-run02-20260810T175015_13.json,2026-08-10T07:23:36.888731+00:00,True,0.654
nothing3a-5-run02-20260810T175015,nothing3a,5,13,data/raw/5/capture_5_nothing3a_nothing3a-5-run02-20260810T175015_13.pcap,data/raw/rrc/rrc_5_nothing3a_nothing3a-5-run02-20260810T175015_14.json,2026-08-10T07:23:48.390705+00:00,True,0.634
nothing3a-5-run02-20260810T175015,nothing3a,5,14,data/raw/5/capture_5_nothing3a_nothing3a-5-run02-20260810T175015_14.pcap,data/raw/rrc/rrc_5_nothing3a_nothing3a-5-run02-20260810T175015_15.json,2026-08-10T07:23:59.799572+00:00,True,1.071
nothing3a-5-run02-20260810T175015,nothing3a,5,15,data/raw/5/capture_5_nothing3a_nothing3a-5-run02-20260810T175015_15.pcap,data/raw/rrc/rrc_5_nothing3a_nothing3a-5-run02-20260810T175015_16.json,2026-08-10T07:24:11.062415+00:00,True,0.696
nothing3a-5-run02-20260810T175015,nothing3a,5,16,data/raw/5/capture_5_nothing3a_nothing3a-5-run02-20260810T175015_16.pcap,data/raw/rrc/rrc_5_nothing3a_nothing3a-5-run02-20260810T175015_17.json,2026-08-10T07:24:22.289472+00:00,True,0.627
nothing3a-5-run02-20260810T175015,nothing3a,5,17,data/raw/5/capture_5_nothing3a_nothing3a-5-run02-20260810T175015_17.pcap,data/raw/rrc/rrc_5_nothing3a_nothing3a-5-run02-20260810T175015_18.json,2026-08-10T07:24:33.653176+00:00,True,0.604
nothing3a-5-run02-20260810T175015,nothing3a,5,18,data/raw/5/capture_5_nothing3a_nothing3a-5-run02-20260810T175015_18.pcap,data/raw/rrc/rrc_5_nothing3a_nothing3a-5-run02-20260810T175015_19.json,2026-08-10T07:24:45.003552+00:00,True,1.103
nothing3a-5-run02-20260810T175015,nothing3a,5,19,data/raw/5/capture_5_nothing3a_nothing3a-5-run02-20260810T175015_19.pcap,data/raw/rrc/rrc_5_nothing3a_nothing3a-5-run02-20260810T175015_20.json,2026-08-10T07:24:56.421472+00:00,True,0.681
nothing3a-5-run02-20260810T175015,nothing3a,5,20,data/raw/5/capture_5_nothing3a_nothing3a-5-run02-20260810T175015_20.pcap,data/raw/rrc/rrc_5_nothing3a_nothing3a-5-run02-20260810T175015_21.json,2026-08-10T07:25:07.659181+00:00,True,1.230
nothing3a-5-run03-20260810T175015,nothing3a,5,1,data/raw/5/capture_5_nothing3a_nothing3a-5-run03-20260810T175015_1.pcap,data/raw/rrc/rrc_5_nothing3a_nothing3a-5-run03-20260810T175015_1.json,2026-08-10T07:25:18.995424+00:00,True,0.648
nothing3a-5-run03-20260810T175015,nothing3a,5,2,data/raw/5/capture_5_nothing3a_nothing3a-5-run03-20260810T175015_2.pcap,data/raw/rrc/rrc_5_nothing3a_nothing3a-5-run03-20260810T175015_2.json,2026-08-10T07:25:30.376566+00:00,True,0.603
nothing3a-5-run03-20260810T175015,nothing3a,5,3,data/raw/5/capture_5_nothing3a_nothing3a-5-run03-20260810T175015_3.pcap,data/raw/rrc/rrc_5_nothing3a_nothing3a-5-run03-20260810T175015_3.json,2026-08-10T07:25:41.604476+00:00,True,0.758
nothing3a-5-run03-20260810T175015,nothing3a,5,4,data/raw/5/capture_5_nothing3a_nothing3a-5-run03-20260810T175015_4.pcap,data/raw/rrc/rrc_5_nothing3a_nothing3a-5-run03-20260810T175015_4.json,2026-08-10T07:25:52.995220+00:00,True,1.076
nothing3a-5-run03-20260810T175015,nothing3a,5,5,data/raw/5/capture_5_nothing3a_nothing3a-5-run03-20260810T175015_5.pcap,data/raw/rrc/rrc_5_nothing3a_nothing3a-5-run03-20260810T175015_5.json,2026-08-10T07:26:04.172961+00:00,True,1.223
nothing3a-5-run03-20260810T175015,nothing3a,5,6,data/raw/5/capture_5_nothing3a_nothing3a-5-run03-20260810T175015_6.pcap,data/raw/rrc/rrc_5_nothing3a_nothing3a-5-run03-20260810T175015_6.json,2026-08-10T07:26:15.277037+00:00,True,0.595
nothing3a-5-run03-20260810T175015,nothing3a,5,7,data/raw/5/capture_5_nothing3a_nothing3a-5-run03-20260810T175015_7.pcap,data/raw/rrc/rrc_5_nothing3a_nothing3a-5-run03-20260810T175015_7.json,2026-08-10T07:26:26.866709+00:00,True,0.633
nothing3a-5-run03-20260810T175015,nothing3a,5,8,data/raw/5/capture_5_nothing3a_nothing3a-5-run03-20260810T175015_8.pcap,data/raw/rrc/rrc_5_nothing3a_nothing3a-5-run03-20260810T175015_8.json,2026-08-10T07:26:38.181483+00:00,True,1.013
nothing3a-5-run03-20260810T175015,nothing3a,5,9,data/raw/5/capture_5_nothing3a_nothing3a-5-run03-20260810T175015_9.pcap,data/raw/rrc/rrc_5_nothing3a_nothing3a-5-run03-20260810T175015_9.json,2026-08-10T07:26:49.636950+00:00,True,1.102
nothing3a-5-run03-20260810T175015,nothing3a,5,10,data/raw/5/capture_5_nothing3a_nothing3a-5-run03-20260810T175015_10.pcap,data/raw/rrc/rrc_5_nothing3a_nothing3a-5-run03-20260810T175015_10.json,2026-08-10T07:27:00.784181+00:00,True,1.065
nothing3a-5-run03-20260810T175015,nothing3a,5,11,data/raw/5/capture_5_nothing3a_nothing3a-5-run03-20260810T175015_11.pcap,data/raw/rrc/rrc_5_nothing3a_nothing3a-5-run03-20260810T175015_11.json,2026-08-10T07:27:12.010579+00:00,True,0.984
nothing3a-5-run03-20260810T175015,nothing3a,5,12,data/raw/5/capture_5_nothing3a_nothing3a-5-run03-20260810T175015_12.pcap,data/raw/rrc/rrc_5_nothing3a_nothing3a-5-run03-20260810T175015_12.json,2026-08-10T07:27:23.462381+00:00,True,0.691
nothing3a-5-run03-20260810T175015,nothing3a,5,13,data/raw/5/capture_5_nothing3a_nothing3a-5-run03-20260810T175015_13.pcap,data/raw/rrc/rrc_5_nothing3a_nothing3a-5-run03-20260810T175015_13.json,2026-08-10T07:27:34.808901+00:00,True,0.626
nothing3a-5-run03-20260810T175015,nothing3a,5,14,data/raw/5/capture_5_nothing3a_nothing3a-5-run03-20260810T175015_14.pcap,data/raw/rrc/rrc_5_nothing3a_nothing3a-5-run03-20260810T175015_14.json,2026-08-10T07:27:46.147184+00:00,True,0.625
nothing3a-5-run03-20260810T175015,nothing3a,5,15,data/raw/5/capture_5_nothing3a_nothing3a-5-run03-20260810T175015_15.pcap,data/raw/rrc/rrc_5_nothing3a_nothing3a-5-run03-20260810T175015_15.json,2026-08-10T07:27:57.664056+00:00,True,0.677
nothing3a-5-run03-20260810T175015,nothing3a,5,16,data/raw/5/capture_5_nothing3a_nothing3a-5-run03-20260810T175015_16.pcap,data/raw/rrc/rrc_5_nothing3a_nothing3a-5-run03-20260810T175015_16.json,2026-08-10T07:28:09.282275+00:00,True,1.064
nothing3a-5-run03-20260810T175015,nothing3a,5,17,data/raw/5/capture_5_nothing3a_nothing3a-5-run03-20260810T175015_17.pcap,data/raw/rrc/rrc_5_nothing3a_nothing3a-5-run03-20260810T175015_17.json,2026-08-10T07:28:20.697742+00:00,True,1.043
nothing3a-5-run03-20260810T175015,nothing3a,5,18,data/raw/5/capture_5_nothing3a_nothing3a-5-run03-20260810T175015_18.pcap,data/raw/rrc/rrc_5_nothing3a_nothing3a-5-run03-20260810T175015_18.json,2026-08-10T07:28:32.276521+00:00,True,1.273
nothing3a-5-run03-20260810T175015,nothing3a,5,19,data/raw/5/capture_5_nothing3a_nothing3a-5-run03-20260810T175015_19.pcap,data/raw/rrc/rrc_5_nothing3a_nothing3a-5-run03-20260810T175015_19.json,2026-08-10T07:28:43.968859+00:00,True,0.612
nothing3a-5-run03-20260810T175015,nothing3a,5,20,data/raw/5/capture_5_nothing3a_nothing3a-5-run03-20260810T175015_20.pcap,data/raw/rrc/rrc_5_nothing3a_nothing3a-5-run03-20260810T175015_20.json,2026-08-10T07:28:55.404316+00:00,True,0.690
nothing3a-5-run04-20260810T175015,nothing3a,5,1,data/raw/5/capture_5_nothing3a_nothing3a-5-run04-20260810T175015_1.pcap,data/raw/rrc/rrc_5_nothing3a_nothing3a-5-run04-20260810T175015_1.json,2026-08-10T07:29:06.769174+00:00,True,0.576
nothing3a-5-run04-20260810T175015,nothing3a,5,2,data/raw/5/capture_5_nothing3a_nothing3a-5-run04-20260810T175015_2.pcap,data/raw/rrc/rrc_5_nothing3a_nothing3a-5-run04-20260810T175015_2.json,2026-08-10T07:29:17.889885+00:00,True,1.162
nothing3a-5-run04-20260810T175015,nothing3a,5,3,data/raw/5/capture_5_nothing3a_nothing3a-5-run04-20260810T175015_3.pcap,data/raw/rrc/rrc_5_nothing3a_nothing3a-5-run04-20260810T175015_3.json,2026-08-10T07:29:29.218934+00:00,True,1.090
nothing3a-5-run04-20260810T175015,nothing3a,5,4,data/raw/5/capture_5_nothing3a_nothing3a-5-run04-20260810T175015_4.pcap,data/raw/rrc/rrc_5_nothing3a_nothing3a-5-run04-20260810T175015_4.json,2026-08-10T07:29:40.282687+00:00,True,1.220
nothing3a-5-run04-20260810T175015,nothing3a,5,5,data/raw/5/capture_5_nothing3a_nothing3a-5-run04-20260810T175015_5.pcap,data/raw/rrc/rrc_5_nothing3a_nothing3a-5-run04-20260810T175015_5.json,2026-08-10T07:29:51.324190+00:00,True,0.643
nothing3a-5-run04-20260810T175015,nothing3a,5,6,data/raw/5/capture_5_nothing3a_nothing3a-5-run04-20260810T175015_6.pcap,data/raw/rrc/rrc_5_nothing3a_nothing3a-5-run04-20260810T175015_6.json,2026-08-10T07:30:02.520423+00:00,True,0.786
nothing3a-5-run04-20260810T175015,nothing3a,5,7,data/raw/5/capture_5_nothing3a_nothing3a-5-run04-20260810T175015_7.pcap,data/raw/rrc/rrc_5_nothing3a_nothing3a-5-run04-20260810T175015_7.json,2026-08-10T07:30:14.539569+00:00,True,0.747
nothing3a-5-run04-20260810T175015,nothing3a,5,8,data/raw/5/capture_5_nothing3a_nothing3a-5-run04-20260810T175015_8.pcap,data/raw/rrc/rrc_5_nothing3a_nothing3a-5-run04-20260810T175015_8.json,2026-08-10T07:30:25.899589+00:00,True,0.623
nothing3a-5-run04-20260810T175015,nothing3a,5,9,data/raw/5/capture_5_nothing3a_nothing3a-5-run04-20260810T175015_9.pcap,data/raw/rrc/rrc_5_nothing3a_nothing3a-5-run04-20260810T175015_9.json,2026-08-10T07:30:37.236836+00:00,True,0.619
nothing3a-5-run04-20260810T175015,nothing3a,5,10,data/raw/5/capture_5_nothing3a_nothing3a-5-run04-20260810T175015_10.pcap,data/raw/rrc/rrc_5_nothing3a_nothing3a-5-run04-20260810T175015_10.json,2026-08-10T07:30:48.736372+00:00,True,0.672
nothing3a-5-run04-20260810T175015,nothing3a,5,11,data/raw/5/capture_5_nothing3a_nothing3a-5-run04-20260810T175015_11.pcap,data/raw/rrc/rrc_5_nothing3a_nothing3a-5-run04-20260810T175015_11.json,2026-08-10T07:31:00.128999+00:00,True,1.059
nothing3a-5-run04-20260810T175015,nothing3a,5,12,data/raw/5/capture_5_nothing3a_nothing3a-5-run04-20260810T175015_12.pcap,data/raw/rrc/rrc_5_nothing3a_nothing3a-5-run04-20260810T175015_12.json,2026-08-10T07:31:11.891421+00:00,True,0.606
nothing3a-5-run04-20260810T175015,nothing3a,5,13,data/raw/5/capture_5_nothing3a_nothing3a-5-run04-20260810T175015_13.pcap,data/raw/rrc/rrc_5_nothing3a_nothing3a-5-run04-20260810T175015_13.json,2026-08-10T07:31:23.465332+00:00,True,0.865
nothing3a-5-run04-20260810T175015,nothing3a,5,14,data/raw/5/capture_5_nothing3a_nothing3a-5-run04-20260810T175015_14.pcap,data/raw/rrc/rrc_5_nothing3a_nothing3a-5-run04-20260810T175015_14.json,2026-08-10T07:31:34.807733+00:00,True,1.131
nothing3a-5-run04-20260810T175015,nothing3a,5,15,data/raw/5/capture_5_nothing3a_nothing3a-5-run04-20260810T175015_15.pcap,data/raw/rrc/rrc_5_nothing3a_nothing3a-5-run04-20260810T175015_15.json,2026-08-10T07:31:46.587327+00:00,True,1.840
nothing3a-5-run04-20260810T175015,nothing3a,5,16,data/raw/5/capture_5_nothing3a_nothing3a-5-run04-20260810T175015_16.pcap,data/raw/rrc/rrc_5_nothing3a_nothing3a-5-run04-20260810T175015_16.json,2026-08-10T07:31:58.028673+00:00,True,0.808
nothing3a-5-run04-20260810T175015,nothing3a,5,17,data/raw/5/capture_5_nothing3a_nothing3a-5-run04-20260810T175015_17.pcap,data/raw/rrc/rrc_5_nothing3a_nothing3a-5-run04-20260810T175015_17.json,2026-08-10T07:32:09.395385+00:00,True,0.594
nothing3a-5-run04-20260810T175015,nothing3a,5,18,data/raw/5/capture_5_nothing3a_nothing3a-5-run04-20260810T175015_18.pcap,data/raw/rrc/rrc_5_nothing3a_nothing3a-5-run04-20260810T175015_18.json,2026-08-10T07:32:20.855707+00:00,True,0.626
nothing3a-5-run04-20260810T175015,nothing3a,5,19,data/raw/5/capture_5_nothing3a_nothing3a-5-run04-20260810T175015_19.pcap,data/raw/rrc/rrc_5_nothing3a_nothing3a-5-run04-20260810T175015_19.json,2026-08-10T07:32:32.296219+00:00,True,1.199
nothing3a-5-run04-20260810T175015,nothing3a,5,20,data/raw/5/capture_5_nothing3a_nothing3a-5-run04-20260810T175015_20.pcap,data/raw/rrc/rrc_5_nothing3a_nothing3a-5-run04-20260810T175015_20.json,2026-08-10T07:32:43.726390+00:00,True,1.219
nothing3a-5-run05-20260810T175015,nothing3a,5,1,data/raw/5/capture_5_nothing3a_nothing3a-5-run05-20260810T175015_1.pcap,data/raw/rrc/rrc_5_nothing3a_nothing3a-5-run05-20260810T175015_1.json,2026-08-10T07:32:55.202185+00:00,True,0.664
nothing3a-5-run05-20260810T175015,nothing3a,5,2,data/raw/5/capture_5_nothing3a_nothing3a-5-run05-20260810T175015_2.pcap,data/raw/rrc/rrc_5_nothing3a_nothing3a-5-run05-20260810T175015_2.json,2026-08-10T07:33:06.491372+00:00,True,0.604
nothing3a-5-run05-20260810T175015,nothing3a,5,3,data/raw/5/capture_5_nothing3a_nothing3a-5-run05-20260810T175015_3.pcap,data/raw/rrc/rrc_5_nothing3a_nothing3a-5-run05-20260810T175015_3.json,2026-08-10T07:33:17.963287+00:00,True,1.181
nothing3a-5-run05-20260810T175015,nothing3a,5,4,data/raw/5/capture_5_nothing3a_nothing3a-5-run05-20260810T175015_4.pcap,data/raw/rrc/rrc_5_nothing3a_nothing3a-5-run05-20260810T175015_4.json,2026-08-10T07:33:29.402778+00:00,True,0.637
nothing3a-5-run05-20260810T175015,nothing3a,5,5,data/raw/5/capture_5_nothing3a_nothing3a-5-run05-20260810T175015_5.pcap,data/raw/rrc/rrc_5_nothing3a_nothing3a-5-run05-20260810T175015_5.json,2026-08-10T07:33:41.171464+00:00,True,1.110
nothing3a-5-run05-20260810T175015,nothing3a,5,6,data/raw/5/capture_5_nothing3a_nothing3a-5-run05-20260810T175015_6.pcap,data/raw/rrc/rrc_5_nothing3a_nothing3a-5-run05-20260810T175015_6.json,2026-08-10T07:33:52.734929+00:00,True,0.622
nothing3a-5-run05-20260810T175015,nothing3a,5,7,data/raw/5/capture_5_nothing3a_nothing3a-5-run05-20260810T175015_7.pcap,data/raw/rrc/rrc_5_nothing3a_nothing3a-5-run05-20260810T175015_7.json,2026-08-10T07:34:03.976835+00:00,True,1.301
nothing3a-5-run05-20260810T175015,nothing3a,5,8,data/raw/5/capture_5_nothing3a_nothing3a-5-run05-20260810T175015_8.pcap,data/raw/rrc/rrc_5_nothing3a_nothing3a-5-run05-20260810T175015_8.json,2026-08-10T07:34:15.238102+00:00,True,0.617
nothing3a-5-run05-20260810T175015,nothing3a,5,9,data/raw/5/capture_5_nothing3a_nothing3a-5-run05-20260810T175015_9.pcap,data/raw/rrc/rrc_5_nothing3a_nothing3a-5-run05-20260810T175015_9.json,2026-08-10T07:34:26.609264+00:00,True,0.608
nothing3a-5-run05-20260810T175015,nothing3a,5,10,data/raw/5/capture_5_nothing3a_nothing3a-5-run05-20260810T175015_10.pcap,data/raw/rrc/rrc_5_nothing3a_nothing3a-5-run05-20260810T175015_10.json,2026-08-10T07:34:37.957212+00:00,True,1.101
nothing3a-5-run05-20260810T175015,nothing3a,5,11,data/raw/5/capture_5_nothing3a_nothing3a-5-run05-20260810T175015_11.pcap,data/raw/rrc/rrc_5_nothing3a_nothing3a-5-run05-20260810T175015_11.json,2026-08-10T07:34:49.284383+00:00,True,0.636
nothing3a-5-run05-20260810T175015,nothing3a,5,12,data/raw/5/capture_5_nothing3a_nothing3a-5-run05-20260810T175015_12.pcap,data/raw/rrc/rrc_5_nothing3a_nothing3a-5-run05-20260810T175015_12.json,2026-08-10T07:35:00.741516+00:00,True,0.707
nothing3a-5-run05-20260810T175015,nothing3a,5,13,data/raw/5/capture_5_nothing3a_nothing3a-5-run05-20260810T175015_13.pcap,data/raw/rrc/rrc_5_nothing3a_nothing3a-5-run05-20260810T175015_13.json,2026-08-10T07:35:12.271207+00:00,True,0.890
nothing3a-5-run05-20260810T175015,nothing3a,5,14,data/raw/5/capture_5_nothing3a_nothing3a-5-run05-20260810T175015_14.pcap,data/raw/rrc/rrc_5_nothing3a_nothing3a-5-run05-20260810T175015_15.json,2026-08-10T07:35:24.721900+00:00,True,0.742
nothing3a-5-run05-20260810T175015,nothing3a,5,15,data/raw/5/capture_5_nothing3a_nothing3a-5-run05-20260810T175015_15.pcap,data/raw/rrc/rrc_5_nothing3a_nothing3a-5-run05-20260810T175015_16.json,2026-08-10T07:35:36.526281+00:00,True,0.620
nothing3a-5-run05-20260810T175015,nothing3a,5,16,data/raw/5/capture_5_nothing3a_nothing3a-5-run05-20260810T175015_16.pcap,data/raw/rrc/rrc_5_nothing3a_nothing3a-5-run05-20260810T175015_17.json,2026-08-10T07:35:47.857087+00:00,True,0.631
nothing3a-5-run05-20260810T175015,nothing3a,5,17,data/raw/5/capture_5_nothing3a_nothing3a-5-run05-20260810T175015_17.pcap,data/raw/rrc/rrc_5_nothing3a_nothing3a-5-run05-20260810T175015_18.json,2026-08-10T07:35:59.239730+00:00,True,1.079
nothing3a-5-run05-20260810T175015,nothing3a,5,18,data/raw/5/capture_5_nothing3a_nothing3a-5-run05-20260810T175015_18.pcap,data/raw/rrc/rrc_5_nothing3a_nothing3a-5-run05-20260810T175015_19.json,2026-08-10T07:36:10.662043+00:00,True,1.117
nothing3a-5-run05-20260810T175015,nothing3a,5,19,data/raw/5/capture_5_nothing3a_nothing3a-5-run05-20260810T175015_19.pcap,data/raw/rrc/rrc_5_nothing3a_nothing3a-5-run05-20260810T175015_20.json,2026-08-10T07:36:22.488185+00:00,True,1.170
nothing3a-5-run05-20260810T175015,nothing3a,5,20,data/raw/5/capture_5_nothing3a_nothing3a-5-run05-20260810T175015_20.pcap,data/raw/rrc/rrc_5_nothing3a_nothing3a-5-run05-20260810T175015_21.json,2026-08-10T07:36:33.808775+00:00,True,1.121
nothing3a-6-run01-20260810T175015,nothing3a,6,1,data/raw/6/capture_6_nothing3a_nothing3a-6-run01-20260810T175015_1.pcap,data/raw/rrc/rrc_6_nothing3a_nothing3a-6-run01-20260810T175015_2.json,2026-08-10T07:37:04.439324+00:00,True,0.594
nothing3a-6-run01-20260810T175015,nothing3a,6,2,data/raw/6/capture_6_nothing3a_nothing3a-6-run01-20260810T175015_2.pcap,data/raw/rrc/rrc_6_nothing3a_nothing3a-6-run01-20260810T175015_3.json,2026-08-10T07:37:16.137428+00:00,True,0.666
nothing3a-6-run01-20260810T175015,nothing3a,6,3,data/raw/6/capture_6_nothing3a_nothing3a-6-run01-20260810T175015_3.pcap,data/raw/rrc/rrc_6_nothing3a_nothing3a-6-run01-20260810T175015_4.json,2026-08-10T07:37:27.548742+00:00,True,0.624
nothing3a-6-run01-20260810T175015,nothing3a,6,4,data/raw/6/capture_6_nothing3a_nothing3a-6-run01-20260810T175015_4.pcap,data/raw/rrc/rrc_6_nothing3a_nothing3a-6-run01-20260810T175015_5.json,2026-08-10T07:37:39.399551+00:00,True,1.065
nothing3a-6-run01-20260810T175015,nothing3a,6,5,data/raw/6/capture_6_nothing3a_nothing3a-6-run01-20260810T175015_5.pcap,data/raw/rrc/rrc_6_nothing3a_nothing3a-6-run01-20260810T175015_6.json,2026-08-10T07:37:50.765500+00:00,True,0.680
nothing3a-6-run01-20260810T175015,nothing3a,6,6,data/raw/6/capture_6_nothing3a_nothing3a-6-run01-20260810T175015_6.pcap,data/raw/rrc/rrc_6_nothing3a_nothing3a-6-run01-20260810T175015_7.json,2026-08-10T07:38:02.344026+00:00,True,0.826
nothing3a-6-run01-20260810T175015,nothing3a,6,7,data/raw/6/capture_6_nothing3a_nothing3a-6-run01-20260810T175015_7.pcap,data/raw/rrc/rrc_6_nothing3a_nothing3a-6-run01-20260810T175015_8.json,2026-08-10T07:38:13.972085+00:00,True,1.180
nothing3a-6-run01-20260810T175015,nothing3a,6,8,data/raw/6/capture_6_nothing3a_nothing3a-6-run01-20260810T175015_8.pcap,data/raw/rrc/rrc_6_nothing3a_nothing3a-6-run01-20260810T175015_9.json,2026-08-10T07:38:25.829206+00:00,True,1.191
nothing3a-6-run01-20260810T175015,nothing3a,6,9,data/raw/6/capture_6_nothing3a_nothing3a-6-run01-20260810T175015_9.pcap,data/raw/rrc/rrc_6_nothing3a_nothing3a-6-run01-20260810T175015_10.json,2026-08-10T07:38:38.059399+00:00,True,0.632
nothing3a-6-run01-20260810T175015,nothing3a,6,10,data/raw/6/capture_6_nothing3a_nothing3a-6-run01-20260810T175015_10.pcap,data/raw/rrc/rrc_6_nothing3a_nothing3a-6-run01-20260810T175015_11.json,2026-08-10T07:38:49.798303+00:00,True,1.057
nothing3a-6-run01-20260810T175015,nothing3a,6,11,data/raw/6/capture_6_nothing3a_nothing3a-6-run01-20260810T175015_11.pcap,data/raw/rrc/rrc_6_nothing3a_nothing3a-6-run01-20260810T175015_12.json,2026-08-10T07:39:01.385579+00:00,True,0.628
nothing3a-6-run01-20260810T175015,nothing3a,6,12,data/raw/6/capture_6_nothing3a_nothing3a-6-run01-20260810T175015_12.pcap,data/raw/rrc/rrc_6_nothing3a_nothing3a-6-run01-20260810T175015_13.json,2026-08-10T07:39:13.021569+00:00,True,0.631
nothing3a-6-run01-20260810T175015,nothing3a,6,13,data/raw/6/capture_6_nothing3a_nothing3a-6-run01-20260810T175015_13.pcap,data/raw/rrc/rrc_6_nothing3a_nothing3a-6-run01-20260810T175015_14.json,2026-08-10T07:39:24.652347+00:00,True,0.642
nothing3a-6-run01-20260810T175015,nothing3a,6,14,data/raw/6/capture_6_nothing3a_nothing3a-6-run01-20260810T175015_14.pcap,data/raw/rrc/rrc_6_nothing3a_nothing3a-6-run01-20260810T175015_15.json,2026-08-10T07:39:36.241564+00:00,True,0.686
nothing3a-6-run01-20260810T175015,nothing3a,6,15,data/raw/6/capture_6_nothing3a_nothing3a-6-run01-20260810T175015_15.pcap,data/raw/rrc/rrc_6_nothing3a_nothing3a-6-run01-20260810T175015_16.json,2026-08-10T07:39:47.591190+00:00,True,1.182
nothing3a-6-run01-20260810T175015,nothing3a,6,16,data/raw/6/capture_6_nothing3a_nothing3a-6-run01-20260810T175015_16.pcap,data/raw/rrc/rrc_6_nothing3a_nothing3a-6-run01-20260810T175015_17.json,2026-08-10T07:39:59.166403+00:00,True,1.818
nothing3a-6-run01-20260810T175015,nothing3a,6,17,data/raw/6/capture_6_nothing3a_nothing3a-6-run01-20260810T175015_17.pcap,data/raw/rrc/rrc_6_nothing3a_nothing3a-6-run01-20260810T175015_18.json,2026-08-10T07:40:10.813833+00:00,True,0.660
nothing3a-6-run01-20260810T175015,nothing3a,6,18,data/raw/6/capture_6_nothing3a_nothing3a-6-run01-20260810T175015_18.pcap,data/raw/rrc/rrc_6_nothing3a_nothing3a-6-run01-20260810T175015_19.json,2026-08-10T07:40:22.475709+00:00,True,0.603
nothing3a-6-run01-20260810T175015,nothing3a,6,19,data/raw/6/capture_6_nothing3a_nothing3a-6-run01-20260810T175015_19.pcap,data/raw/rrc/rrc_6_nothing3a_nothing3a-6-run01-20260810T175015_20.json,2026-08-10T07:40:34.145331+00:00,True,1.189
nothing3a-6-run01-20260810T175015,nothing3a,6,20,data/raw/6/capture_6_nothing3a_nothing3a-6-run01-20260810T175015_20.pcap,data/raw/rrc/rrc_6_nothing3a_nothing3a-6-run01-20260810T175015_21.json,2026-08-10T07:40:45.769046+00:00,True,0.649
nothing3a-6-run02-20260810T175015,nothing3a,6,1,data/raw/6/capture_6_nothing3a_nothing3a-6-run02-20260810T175015_1.pcap,data/raw/rrc/rrc_6_nothing3a_nothing3a-6-run02-20260810T175015_1.json,2026-08-10T07:40:57.333060+00:00,True,0.616
nothing3a-6-run02-20260810T175015,nothing3a,6,2,data/raw/6/capture_6_nothing3a_nothing3a-6-run02-20260810T175015_2.pcap,data/raw/rrc/rrc_6_nothing3a_nothing3a-6-run02-20260810T175015_2.json,2026-08-10T07:41:08.983437+00:00,True,1.805
nothing3a-6-run02-20260810T175015,nothing3a,6,3,data/raw/6/capture_6_nothing3a_nothing3a-6-run02-20260810T175015_3.pcap,data/raw/rrc/rrc_6_nothing3a_nothing3a-6-run02-20260810T175015_3.json,2026-08-10T07:41:20.967258+00:00,True,1.076
nothing3a-6-run02-20260810T175015,nothing3a,6,4,data/raw/6/capture_6_nothing3a_nothing3a-6-run02-20260810T175015_4.pcap,data/raw/rrc/rrc_6_nothing3a_nothing3a-6-run02-20260810T175015_4.json,2026-08-10T07:41:32.583631+00:00,True,0.705
nothing3a-6-run02-20260810T175015,nothing3a,6,5,data/raw/6/capture_6_nothing3a_nothing3a-6-run02-20260810T175015_5.pcap,data/raw/rrc/rrc_6_nothing3a_nothing3a-6-run02-20260810T175015_5.json,2026-08-10T07:41:44.515459+00:00,True,1.097
nothing3a-6-run02-20260810T175015,nothing3a,6,6,data/raw/6/capture_6_nothing3a_nothing3a-6-run02-20260810T175015_6.pcap,data/raw/rrc/rrc_6_nothing3a_nothing3a-6-run02-20260810T175015_6.json,2026-08-10T07:41:56.323239+00:00,True,0.611
nothing3a-6-run02-20260810T175015,nothing3a,6,7,data/raw/6/capture_6_nothing3a_nothing3a-6-run02-20260810T175015_7.pcap,data/raw/rrc/rrc_6_nothing3a_nothing3a-6-run02-20260810T175015_7.json,2026-08-10T07:42:07.847312+00:00,True,0.680
nothing3a-6-run02-20260810T175015,nothing3a,6,8,data/raw/6/capture_6_nothing3a_nothing3a-6-run02-20260810T175015_8.pcap,data/raw/rrc/rrc_6_nothing3a_nothing3a-6-run02-20260810T175015_8.json,2026-08-10T07:42:19.763990+00:00,True,0.602
nothing3a-6-run02-20260810T175015,nothing3a,6,9,data/raw/6/capture_6_nothing3a_nothing3a-6-run02-20260810T175015_9.pcap,data/raw/rrc/rrc_6_nothing3a_nothing3a-6-run02-20260810T175015_9.json,2026-08-10T07:42:31.727489+00:00,True,0.829
nothing3a-6-run02-20260810T175015,nothing3a,6,10,data/raw/6/capture_6_nothing3a_nothing3a-6-run02-20260810T175015_10.pcap,data/raw/rrc/rrc_6_nothing3a_nothing3a-6-run02-20260810T175015_10.json,2026-08-10T07:42:43.714456+00:00,True,1.010
nothing3a-6-run02-20260810T175015,nothing3a,6,11,data/raw/6/capture_6_nothing3a_nothing3a-6-run02-20260810T175015_11.pcap,data/raw/rrc/rrc_6_nothing3a_nothing3a-6-run02-20260810T175015_11.json,2026-08-10T07:42:55.484029+00:00,True,0.625
nothing3a-6-run02-20260810T175015,nothing3a,6,12,data/raw/6/capture_6_nothing3a_nothing3a-6-run02-20260810T175015_12.pcap,data/raw/rrc/rrc_6_nothing3a_nothing3a-6-run02-20260810T175015_12.json,2026-08-10T07:43:06.937541+00:00,True,0.968
nothing3a-6-run02-20260810T175015,nothing3a,6,13,data/raw/6/capture_6_nothing3a_nothing3a-6-run02-20260810T175015_13.pcap,data/raw/rrc/rrc_6_nothing3a_nothing3a-6-run02-20260810T175015_13.json,2026-08-10T07:43:18.851557+00:00,True,1.023
nothing3a-6-run02-20260810T175015,nothing3a,6,14,data/raw/6/capture_6_nothing3a_nothing3a-6-run02-20260810T175015_14.pcap,data/raw/rrc/rrc_6_nothing3a_nothing3a-6-run02-20260810T175015_14.json,2026-08-10T07:43:30.668251+00:00,True,0.700
nothing3a-6-run02-20260810T175015,nothing3a,6,15,data/raw/6/capture_6_nothing3a_nothing3a-6-run02-20260810T175015_15.pcap,data/raw/rrc/rrc_6_nothing3a_nothing3a-6-run02-20260810T175015_15.json,2026-08-10T07:43:42.671964+00:00,True,0.842
nothing3a-6-run02-20260810T175015,nothing3a,6,16,data/raw/6/capture_6_nothing3a_nothing3a-6-run02-20260810T175015_16.pcap,data/raw/rrc/rrc_6_nothing3a_nothing3a-6-run02-20260810T175015_16.json,2026-08-10T07:43:54.039609+00:00,True,0.581
nothing3a-6-run02-20260810T175015,nothing3a,6,17,data/raw/6/capture_6_nothing3a_nothing3a-6-run02-20260810T175015_17.pcap,data/raw/rrc/rrc_6_nothing3a_nothing3a-6-run02-20260810T175015_17.json,2026-08-10T07:44:05.391722+00:00,True,0.581
nothing3a-6-run02-20260810T175015,nothing3a,6,18,data/raw/6/capture_6_nothing3a_nothing3a-6-run02-20260810T175015_18.pcap,data/raw/rrc/rrc_6_nothing3a_nothing3a-6-run02-20260810T175015_18.json,2026-08-10T07:44:16.872938+00:00,True,0.637
nothing3a-6-run02-20260810T175015,nothing3a,6,19,data/raw/6/capture_6_nothing3a_nothing3a-6-run02-20260810T175015_19.pcap,data/raw/rrc/rrc_6_nothing3a_nothing3a-6-run02-20260810T175015_19.json,2026-08-10T07:44:28.356807+00:00,True,0.613
nothing3a-6-run02-20260810T175015,nothing3a,6,20,data/raw/6/capture_6_nothing3a_nothing3a-6-run02-20260810T175015_20.pcap,data/raw/rrc/rrc_6_nothing3a_nothing3a-6-run02-20260810T175015_20.json,2026-08-10T07:44:39.843996+00:00,True,1.062
nothing3a-6-run03-20260810T175015,nothing3a,6,1,data/raw/6/capture_6_nothing3a_nothing3a-6-run03-20260810T175015_1.pcap,data/raw/rrc/rrc_6_nothing3a_nothing3a-6-run03-20260810T175015_1.json,2026-08-10T07:44:51.625228+00:00,True,0.616
nothing3a-6-run03-20260810T175015,nothing3a,6,2,data/raw/6/capture_6_nothing3a_nothing3a-6-run03-20260810T175015_2.pcap,data/raw/rrc/rrc_6_nothing3a_nothing3a-6-run03-20260810T175015_2.json,2026-08-10T07:45:03.230385+00:00,True,0.609
nothing3a-6-run03-20260810T175015,nothing3a,6,3,data/raw/6/capture_6_nothing3a_nothing3a-6-run03-20260810T175015_3.pcap,data/raw/rrc/rrc_6_nothing3a_nothing3a-6-run03-20260810T175015_3.json,2026-08-10T07:45:14.726594+00:00,True,0.748
nothing3a-6-run03-20260810T175015,nothing3a,6,4,data/raw/6/capture_6_nothing3a_nothing3a-6-run03-20260810T175015_4.pcap,data/raw/rrc/rrc_6_nothing3a_nothing3a-6-run03-20260810T175015_4.json,2026-08-10T07:45:26.315218+00:00,True,0.818
nothing3a-6-run03-20260810T175015,nothing3a,6,5,data/raw/6/capture_6_nothing3a_nothing3a-6-run03-20260810T175015_5.pcap,data/raw/rrc/rrc_6_nothing3a_nothing3a-6-run03-20260810T175015_5.json,2026-08-10T07:45:37.938028+00:00,True,0.606
nothing3a-6-run03-20260810T175015,nothing3a,6,6,data/raw/6/capture_6_nothing3a_nothing3a-6-run03-20260810T175015_6.pcap,data/raw/rrc/rrc_6_nothing3a_nothing3a-6-run03-20260810T175015_6.json,2026-08-10T07:45:49.863468+00:00,True,0.594
nothing3a-6-run03-20260810T175015,nothing3a,6,7,data/raw/6/capture_6_nothing3a_nothing3a-6-run03-20260810T175015_7.pcap,data/raw/rrc/rrc_6_nothing3a_nothing3a-6-run03-20260810T175015_7.json,2026-08-10T07:46:01.885318+00:00,True,1.066
nothing3a-6-run03-20260810T175015,nothing3a,6,8,data/raw/6/capture_6_nothing3a_nothing3a-6-run03-20260810T175015_8.pcap,data/raw/rrc/rrc_6_nothing3a_nothing3a-6-run03-20260810T175015_8.json,2026-08-10T07:46:14.266721+00:00,True,1.231
nothing3a-6-run03-20260810T175015,nothing3a,6,9,data/raw/6/capture_6_nothing3a_nothing3a-6-run03-20260810T175015_9.pcap,data/raw/rrc/rrc_6_nothing3a_nothing3a-6-run03-20260810T175015_9.json,2026-08-10T07:46:25.907741+00:00,True,1.715
nothing3a-6-run03-20260810T175015,nothing3a,6,10,data/raw/6/capture_6_nothing3a_nothing3a-6-run03-20260810T175015_10.pcap,data/raw/rrc/rrc_6_nothing3a_nothing3a-6-run03-20260810T175015_10.json,2026-08-10T07:46:37.754302+00:00,True,0.773
nothing3a-6-run03-20260810T175015,nothing3a,6,11,data/raw/6/capture_6_nothing3a_nothing3a-6-run03-20260810T175015_11.pcap,data/raw/rrc/rrc_6_nothing3a_nothing3a-6-run03-20260810T175015_11.json,2026-08-10T07:46:49.608043+00:00,True,0.664
nothing3a-6-run03-20260810T175015,nothing3a,6,12,data/raw/6/capture_6_nothing3a_nothing3a-6-run03-20260810T175015_12.pcap,data/raw/rrc/rrc_6_nothing3a_nothing3a-6-run03-20260810T175015_12.json,2026-08-10T07:47:01.645733+00:00,True,1.086
nothing3a-6-run03-20260810T175015,nothing3a,6,13,data/raw/6/capture_6_nothing3a_nothing3a-6-run03-20260810T175015_13.pcap,data/raw/rrc/rrc_6_nothing3a_nothing3a-6-run03-20260810T175015_13.json,2026-08-10T07:47:13.333042+00:00,True,0.583
nothing3a-6-run03-20260810T175015,nothing3a,6,14,data/raw/6/capture_6_nothing3a_nothing3a-6-run03-20260810T175015_14.pcap,data/raw/rrc/rrc_6_nothing3a_nothing3a-6-run03-20260810T175015_14.json,2026-08-10T07:47:25.141023+00:00,True,0.636
nothing3a-6-run03-20260810T175015,nothing3a,6,15,data/raw/6/capture_6_nothing3a_nothing3a-6-run03-20260810T175015_15.pcap,data/raw/rrc/rrc_6_nothing3a_nothing3a-6-run03-20260810T175015_15.json,2026-08-10T07:47:36.787283+00:00,True,0.641
nothing3a-6-run03-20260810T175015,nothing3a,6,16,data/raw/6/capture_6_nothing3a_nothing3a-6-run03-20260810T175015_16.pcap,data/raw/rrc/rrc_6_nothing3a_nothing3a-6-run03-20260810T175015_16.json,2026-08-10T07:47:48.246305+00:00,True,1.034
nothing3a-6-run03-20260810T175015,nothing3a,6,17,data/raw/6/capture_6_nothing3a_nothing3a-6-run03-20260810T175015_17.pcap,data/raw/rrc/rrc_6_nothing3a_nothing3a-6-run03-20260810T175015_17.json,2026-08-10T07:48:00.012777+00:00,True,0.625
nothing3a-6-run03-20260810T175015,nothing3a,6,18,data/raw/6/capture_6_nothing3a_nothing3a-6-run03-20260810T175015_18.pcap,data/raw/rrc/rrc_6_nothing3a_nothing3a-6-run03-20260810T175015_18.json,2026-08-10T07:48:11.690435+00:00,True,0.657
nothing3a-6-run03-20260810T175015,nothing3a,6,19,data/raw/6/capture_6_nothing3a_nothing3a-6-run03-20260810T175015_19.pcap,data/raw/rrc/rrc_6_nothing3a_nothing3a-6-run03-20260810T175015_19.json,2026-08-10T07:48:23.340762+00:00,True,0.593
nothing3a-6-run03-20260810T175015,nothing3a,6,20,data/raw/6/capture_6_nothing3a_nothing3a-6-run03-20260810T175015_20.pcap,data/raw/rrc/rrc_6_nothing3a_nothing3a-6-run03-20260810T175015_21.json,2026-08-10T07:48:35.350932+00:00,True,0.602
nothing3a-6-run04-20260810T175015,nothing3a,6,1,data/raw/6/capture_6_nothing3a_nothing3a-6-run04-20260810T175015_1.pcap,data/raw/rrc/rrc_6_nothing3a_nothing3a-6-run04-20260810T175015_1.json,2026-08-10T07:48:47.230962+00:00,True,0.651
nothing3a-6-run04-20260810T175015,nothing3a,6,2,data/raw/6/capture_6_nothing3a_nothing3a-6-run04-20260810T175015_2.pcap,data/raw/rrc/rrc_6_nothing3a_nothing3a-6-run04-20260810T175015_2.json,2026-08-10T07:48:59.285873+00:00,True,0.390
nothing3a-6-run04-20260810T175015,nothing3a,6,3,data/raw/6/capture_6_nothing3a_nothing3a-6-run04-20260810T175015_3.pcap,data/raw/rrc/rrc_6_nothing3a_nothing3a-6-run04-20260810T175015_3.json,2026-08-10T07:49:11.621005+00:00,True,1.028
nothing3a-6-run04-20260810T175015,nothing3a,6,4,data/raw/6/capture_6_nothing3a_nothing3a-6-run04-20260810T175015_4.pcap,data/raw/rrc/rrc_6_nothing3a_nothing3a-6-run04-20260810T175015_4.json,2026-08-10T07:49:23.540139+00:00,True,0.905
nothing3a-6-run04-20260810T175015,nothing3a,6,5,data/raw/6/capture_6_nothing3a_nothing3a-6-run04-20260810T175015_5.pcap,data/raw/rrc/rrc_6_nothing3a_nothing3a-6-run04-20260810T175015_5.json,2026-08-10T07:49:35.710566+00:00,True,1.089
nothing3a-6-run04-20260810T175015,nothing3a,6,6,data/raw/6/capture_6_nothing3a_nothing3a-6-run04-20260810T175015_6.pcap,data/raw/rrc/rrc_6_nothing3a_nothing3a-6-run04-20260810T175015_6.json,2026-08-10T07:49:47.688051+00:00,True,0.674
nothing3a-6-run04-20260810T175015,nothing3a,6,7,data/raw/6/capture_6_nothing3a_nothing3a-6-run04-20260810T175015_7.pcap,data/raw/rrc/rrc_6_nothing3a_nothing3a-6-run04-20260810T175015_7.json,2026-08-10T07:49:59.481946+00:00,True,1.022
nothing3a-6-run04-20260810T175015,nothing3a,6,8,data/raw/6/capture_6_nothing3a_nothing3a-6-run04-20260810T175015_8.pcap,data/raw/rrc/rrc_6_nothing3a_nothing3a-6-run04-20260810T175015_8.json,2026-08-10T07:50:11.378221+00:00,True,0.602
nothing3a-6-run04-20260810T175015,nothing3a,6,9,data/raw/6/capture_6_nothing3a_nothing3a-6-run04-20260810T175015_9.pcap,data/raw/rrc/rrc_6_nothing3a_nothing3a-6-run04-20260810T175015_9.json,2026-08-10T07:50:23.265790+00:00,True,0.613
nothing3a-6-run04-20260810T175015,nothing3a,6,10,data/raw/6/capture_6_nothing3a_nothing3a-6-run04-20260810T175015_10.pcap,data/raw/rrc/rrc_6_nothing3a_nothing3a-6-run04-20260810T175015_10.json,2026-08-10T07:50:34.823713+00:00,True,0.611
nothing3a-6-run04-20260810T175015,nothing3a,6,11,data/raw/6/capture_6_nothing3a_nothing3a-6-run04-20260810T175015_11.pcap,data/raw/rrc/rrc_6_nothing3a_nothing3a-6-run04-20260810T175015_11.json,2026-08-10T07:50:46.667344+00:00,True,0.605
nothing3a-6-run04-20260810T175015,nothing3a,6,12,data/raw/6/capture_6_nothing3a_nothing3a-6-run04-20260810T175015_12.pcap,data/raw/rrc/rrc_6_nothing3a_nothing3a-6-run04-20260810T175015_12.json,2026-08-10T07:50:58.601286+00:00,True,0.630
nothing3a-6-run04-20260810T175015,nothing3a,6,13,data/raw/6/capture_6_nothing3a_nothing3a-6-run04-20260810T175015_13.pcap,data/raw/rrc/rrc_6_nothing3a_nothing3a-6-run04-20260810T175015_13.json,2026-08-10T07:51:10.396839+00:00,True,0.973
nothing3a-6-run04-20260810T175015,nothing3a,6,14,data/raw/6/capture_6_nothing3a_nothing3a-6-run04-20260810T175015_14.pcap,data/raw/rrc/rrc_6_nothing3a_nothing3a-6-run04-20260810T175015_14.json,2026-08-10T07:51:22.567688+00:00,True,1.076
nothing3a-6-run04-20260810T175015,nothing3a,6,15,data/raw/6/capture_6_nothing3a_nothing3a-6-run04-20260810T175015_15.pcap,data/raw/rrc/rrc_6_nothing3a_nothing3a-6-run04-20260810T175015_15.json,2026-08-10T07:51:34.267137+00:00,True,1.049
nothing3a-6-run04-20260810T175015,nothing3a,6,16,data/raw/6/capture_6_nothing3a_nothing3a-6-run04-20260810T175015_16.pcap,data/raw/rrc/rrc_6_nothing3a_nothing3a-6-run04-20260810T175015_16.json,2026-08-10T07:51:46.236975+00:00,True,0.680
nothing3a-6-run04-20260810T175015,nothing3a,6,17,data/raw/6/capture_6_nothing3a_nothing3a-6-run04-20260810T175015_17.pcap,data/raw/rrc/rrc_6_nothing3a_nothing3a-6-run04-20260810T175015_17.json,2026-08-10T07:51:58.106918+00:00,True,0.650
nothing3a-6-run04-20260810T175015,nothing3a,6,18,data/raw/6/capture_6_nothing3a_nothing3a-6-run04-20260810T175015_18.pcap,data/raw/rrc/rrc_6_nothing3a_nothing3a-6-run04-20260810T175015_18.json,2026-08-10T07:52:09.989693+00:00,True,0.634
nothing3a-6-run04-20260810T175015,nothing3a,6,19,data/raw/6/capture_6_nothing3a_nothing3a-6-run04-20260810T175015_19.pcap,data/raw/rrc/rrc_6_nothing3a_nothing3a-6-run04-20260810T175015_19.json,2026-08-10T07:52:21.833189+00:00,True,0.600
nothing3a-6-run04-20260810T175015,nothing3a,6,20,data/raw/6/capture_6_nothing3a_nothing3a-6-run04-20260810T175015_20.pcap,data/raw/rrc/rrc_6_nothing3a_nothing3a-6-run04-20260810T175015_20.json,2026-08-10T07:52:33.587065+00:00,True,1.165
nothing3a-6-run05-20260810T175015,nothing3a,6,1,data/raw/6/capture_6_nothing3a_nothing3a-6-run05-20260810T175015_1.pcap,data/raw/rrc/rrc_6_nothing3a_nothing3a-6-run05-20260810T175015_1.json,2026-08-10T07:52:45.385845+00:00,True,1.125
nothing3a-6-run05-20260810T175015,nothing3a,6,2,data/raw/6/capture_6_nothing3a_nothing3a-6-run05-20260810T175015_2.pcap,data/raw/rrc/rrc_6_nothing3a_nothing3a-6-run05-20260810T175015_2.json,2026-08-10T07:52:57.159201+00:00,True,1.141
nothing3a-6-run05-20260810T175015,nothing3a,6,3,data/raw/6/capture_6_nothing3a_nothing3a-6-run05-20260810T175015_3.pcap,data/raw/rrc/rrc_6_nothing3a_nothing3a-6-run05-20260810T175015_3.json,2026-08-10T07:53:08.968343+00:00,True,1.016
nothing3a-6-run05-20260810T175015,nothing3a,6,4,data/raw/6/capture_6_nothing3a_nothing3a-6-run05-20260810T175015_4.pcap,data/raw/rrc/rrc_6_nothing3a_nothing3a-6-run05-20260810T175015_4.json,2026-08-10T07:53:20.883379+00:00,True,0.612
nothing3a-6-run05-20260810T175015,nothing3a,6,5,data/raw/6/capture_6_nothing3a_nothing3a-6-run05-20260810T175015_5.pcap,data/raw/rrc/rrc_6_nothing3a_nothing3a-6-run05-20260810T175015_5.json,2026-08-10T07:53:32.701903+00:00,True,1.091
nothing3a-6-run05-20260810T175015,nothing3a,6,6,data/raw/6/capture_6_nothing3a_nothing3a-6-run05-20260810T175015_6.pcap,data/raw/rrc/rrc_6_nothing3a_nothing3a-6-run05-20260810T175015_6.json,2026-08-10T07:53:44.443170+00:00,True,0.606
nothing3a-6-run05-20260810T175015,nothing3a,6,7,data/raw/6/capture_6_nothing3a_nothing3a-6-run05-20260810T175015_7.pcap,data/raw/rrc/rrc_6_nothing3a_nothing3a-6-run05-20260810T175015_7.json,2026-08-10T07:53:56.433638+00:00,True,0.816
nothing3a-6-run05-20260810T175015,nothing3a,6,8,data/raw/6/capture_6_nothing3a_nothing3a-6-run05-20260810T175015_8.pcap,data/raw/rrc/rrc_6_nothing3a_nothing3a-6-run05-20260810T175015_8.json,2026-08-10T07:54:08.316207+00:00,True,0.719
nothing3a-6-run05-20260810T175015,nothing3a,6,9,data/raw/6/capture_6_nothing3a_nothing3a-6-run05-20260810T175015_9.pcap,data/raw/rrc/rrc_6_nothing3a_nothing3a-6-run05-20260810T175015_9.json,2026-08-10T07:54:20.167882+00:00,True,0.618
nothing3a-6-run05-20260810T175015,nothing3a,6,10,data/raw/6/capture_6_nothing3a_nothing3a-6-run05-20260810T175015_10.pcap,data/raw/rrc/rrc_6_nothing3a_nothing3a-6-run05-20260810T175015_10.json,2026-08-10T07:54:32.093730+00:00,True,0.745
nothing3a-6-run05-20260810T175015,nothing3a,6,11,data/raw/6/capture_6_nothing3a_nothing3a-6-run05-20260810T175015_11.pcap,data/raw/rrc/rrc_6_nothing3a_nothing3a-6-run05-20260810T175015_11.json,2026-08-10T07:54:44.257332+00:00,True,0.608
nothing3a-6-run05-20260810T175015,nothing3a,6,12,data/raw/6/capture_6_nothing3a_nothing3a-6-run05-20260810T175015_12.pcap,data/raw/rrc/rrc_6_nothing3a_nothing3a-6-run05-20260810T175015_12.json,2026-08-10T07:54:56.072936+00:00,True,0.643
nothing3a-6-run05-20260810T175015,nothing3a,6,13,data/raw/6/capture_6_nothing3a_nothing3a-6-run05-20260810T175015_13.pcap,data/raw/rrc/rrc_6_nothing3a_nothing3a-6-run05-20260810T175015_13.json,2026-08-10T07:55:07.930772+00:00,True,0.648
nothing3a-6-run05-20260810T175015,nothing3a,6,14,data/raw/6/capture_6_nothing3a_nothing3a-6-run05-20260810T175015_14.pcap,data/raw/rrc/rrc_6_nothing3a_nothing3a-6-run05-20260810T175015_14.json,2026-08-10T07:55:19.534452+00:00,True,0.625
nothing3a-6-run05-20260810T175015,nothing3a,6,15,data/raw/6/capture_6_nothing3a_nothing3a-6-run05-20260810T175015_15.pcap,data/raw/rrc/rrc_6_nothing3a_nothing3a-6-run05-20260810T175015_15.json,2026-08-10T07:55:31.446542+00:00,True,1.050
nothing3a-6-run05-20260810T175015,nothing3a,6,16,data/raw/6/capture_6_nothing3a_nothing3a-6-run05-20260810T175015_16.pcap,data/raw/rrc/rrc_6_nothing3a_nothing3a-6-run05-20260810T175015_16.json,2026-08-10T07:55:43.367264+00:00,True,0.858
nothing3a-6-run05-20260810T175015,nothing3a,6,17,data/raw/6/capture_6_nothing3a_nothing3a-6-run05-20260810T175015_17.pcap,data/raw/rrc/rrc_6_nothing3a_nothing3a-6-run05-20260810T175015_17.json,2026-08-10T07:55:55.431656+00:00,True,0.649
nothing3a-6-run05-20260810T175015,nothing3a,6,18,data/raw/6/capture_6_nothing3a_nothing3a-6-run05-20260810T175015_18.pcap,data/raw/rrc/rrc_6_nothing3a_nothing3a-6-run05-20260810T175015_18.json,2026-08-10T07:56:07.628640+00:00,True,0.643
nothing3a-6-run05-20260810T175015,nothing3a,6,19,data/raw/6/capture_6_nothing3a_nothing3a-6-run05-20260810T175015_19.pcap,data/raw/rrc/rrc_6_nothing3a_nothing3a-6-run05-20260810T175015_19.json,2026-08-10T07:56:19.530796+00:00,True,0.602
nothing3a-6-run05-20260810T175015,nothing3a,6,20,data/raw/6/capture_6_nothing3a_nothing3a-6-run05-20260810T175015_20.pcap,data/raw/rrc/rrc_6_nothing3a_nothing3a-6-run05-20260810T175015_20.json,2026-08-10T07:56:31.648033+00:00,True,0.607
